country,country_code,year,gov_exp_pct_gdp,lit_rate_adult_pct,pri_comp_rate_pct,pupil_teacher_primary,pupil_teacher_secondary,school_enrol_primary_pct,school_enrol_secondary_pct,school_enrol_tertiary_pct
Afghanistan,AFG,1999,,,,33.18571,,27.29884911,,
Afghanistan,AFG,2000,,,,,,22.16299057,,
Afghanistan,AFG,2001,,,,,,22.90859032,14.47150993,
Afghanistan,AFG,2002,,,,,,75.95974731,,
Afghanistan,AFG,2003,,,,,,96.55368042,14.07804966,1.381070018
Afghanistan,AFG,2004,,,,,,106.2526627,19.26313972,1.389660001
Afghanistan,AFG,2005,,,,,,100.2296906,20.31196022,
Afghanistan,AFG,2006,4.684760571,,,42.32602,,103.9322433,29.69135094,
Afghanistan,AFG,2007,4.174895287,,,42.7703,31.56236,101.0864563,29.08917046,
Afghanistan,AFG,2008,4.383672237,,,43.72982,,103.4139633,39.09003067,
Afghanistan,AFG,2009,4.810639858,,,42.83639,,99.36972046,44.39717102,4.024809837
Afghanistan,AFG,2010,3.479449987,,,44.41709,,102.9034424,50.41368866,
Afghanistan,AFG,2011,3.462009907,31,,43.51915,,100.2902985,52.19842911,3.755609989
Afghanistan,AFG,2012,2.604199886,,,44.67743,,106.2834015,54.20639038,
Afghanistan,AFG,2013,3.454459906,,,45.71171,,107.6959763,54.75421906,
Afghanistan,AFG,2014,3.695219994,,,,,109.1155167,54.23548126,8.310870171
Afghanistan,AFG,2015,3.255800009,33.7538414,,43.38836,31.9738,106.1824188,53.28514099,
Afghanistan,AFG,2016,4.543970108,,82.91046143,44.58162,32.20814,106.1502838,53.50634003,
Afghanistan,AFG,2017,4.343190193,,87.25332642,47.98298,33.2407,106.1299973,55.4021492,
Afghanistan,AFG,2018,,,88.73551941,48.78979,33.50124,107.7805328,57.03929901,9.96378994
Afghanistan,AFG,2019,,,86.17552185,,,110.0075073,,
Afghanistan,AFG,2020,,,,,,,,10.8584404
Afghanistan,AFG,2021,,37,,,,,,
Africa Eastern and Southern,AFE,1999,3.887419939,62.26570892,49.60715103,,,76.83834839,27.43392944,3.652019978
Africa Eastern and Southern,AFE,2000,3.606129885,62.77009964,49.37559128,,,78.73921967,27.60042,3.886369944
Africa Eastern and Southern,AFE,2001,4.341670036,63.25819016,51.57030869,,,81.96898651,28.66789055,4.209959984
Africa Eastern and Southern,AFE,2002,,63.95227051,53.13822937,,,84.69745636,29.32073021,4.471159935
Africa Eastern and Southern,AFE,2003,,64.44235229,54.69295883,,,88.64061737,29.91110992,4.779240131
Africa Eastern and Southern,AFE,2004,3.74496007,64.67675018,55.87982178,,,91.04965973,31.32542038,5.062029839
Africa Eastern and Southern,AFE,2005,3.858340025,64.13368225,58.52436066,,,94.66784668,32.31351089,5.300940037
Africa Eastern and Southern,AFE,2006,3.735929966,62.17927933,60.80997086,,,97.33838654,33.87773895,5.573850155
Africa Eastern and Southern,AFE,2007,,63.13407898,62.67456818,,,100.662323,35.35528946,5.734079838
Africa Eastern and Southern,AFE,2008,4.28008008,63.36717987,65.9203186,,,104.486702,36.87971115,6.146780014
Africa Eastern and Southern,AFE,2009,,64.0625,69.60163879,,,104.1468582,38.08433151,6.742489815
Africa Eastern and Southern,AFE,2010,4.024030089,64.80999756,69.31878662,,,103.4816666,39.09785843,7.335609913
Africa Eastern and Southern,AFE,2011,4.639014482,66.87127686,68.28952026,,,103.4626999,39.82368088,7.721879959
Africa Eastern and Southern,AFE,2012,4.931210041,68.54786682,67.99912262,,,103.6719437,40.91075897,8.033969879
Africa Eastern and Southern,AFE,2013,4.783307076,69.38085938,67.4955368,,,102.8798904,41.61867142,8.266180038
Africa Eastern and Southern,AFE,2014,4.7926507,70.03530884,67.72789764,,,103.1857529,42.75563812,8.400759697
Africa Eastern and Southern,AFE,2015,4.758470058,70.44709015,67.4567337,,,101.7611771,42.76733017,8.566809654
Africa Eastern and Southern,AFE,2016,4.665563107,71.1051712,67.79637146,,,102.0548096,42.87905884,8.729940414
Africa Eastern and Southern,AFE,2017,4.87887001,71.02998352,68.88311005,,,102.6123123,43.1402092,8.896160126
Africa Eastern and Southern,AFE,2018,4.979930878,71.49539948,70.24607086,,,103.6047592,43.19292831,8.957790375
Africa Eastern and Southern,AFE,2019,4.944317341,72.65866089,70.92366791,,,104.2755432,43.3796196,8.897720337
Africa Eastern and Southern,AFE,2020,4.35243988,72.85575867,71.99047089,,,104.9694824,43.68881989,8.947290421
Africa Eastern and Southern,AFE,2021,4.771326065,72.63890839,72.93379211,,,103.4340973,43.84537888,8.89552021
Africa Eastern and Southern,AFE,2022,4.628623962,72.98155975,72.09290314,,,103.0904236,43.70470047,
Africa Eastern and Southern,AFE,2023,,73.27510834,,,,,,
Africa Western and Central,AFW,1999,2.345824957,51.08980942,59.49309921,,,79.54097748,21.68856049,4.422110081
Africa Western and Central,AFW,2000,2.463350058,47.57738113,60.11116028,,,82.69599152,22.74391937,5.0457201
Africa Western and Central,AFW,2001,2.42614007,48.76512146,60.83124924,,,83.16815948,24.4286499,5.533430099
Africa Western and Central,AFW,2002,2.43543005,49.49760818,61.0542984,,,84.88159943,25.85000038,6.045750141
Africa Western and Central,AFW,2003,2.365010023,50.07910919,61.20087814,,,85.64588928,27.65838051,6.547579765
Africa Western and Central,AFW,2004,2.42751503,51.42786026,61.9129982,,,87.61100769,29.32608032,6.741779804
Africa Western and Central,AFW,2005,2.656599998,51.54042053,63.71752167,,,88.5914917,30.12125015,7.170529842
Africa Western and Central,AFW,2006,2.558520079,52.22362137,67.32749176,,,89.37703705,30.40473938,7.236589909
Africa Western and Central,AFW,2007,2.737470031,50.28770065,64.25009155,,,86.68208313,30.60569,7.470829964
Africa Western and Central,AFW,2008,2.498270035,50.72983932,61.1361618,,,84.29917908,33.1533699,7.73029995
Africa Western and Central,AFW,2009,2.907900095,50.85757065,63.81958008,,,85.96044159,35.75378036,7.876130104
Africa Western and Central,AFW,2010,2.784990072,51.41707993,64.7975235,,,86.59049225,38.94194031,8.161789894
Africa Western and Central,AFW,2011,2.678254604,52.02648926,65.8963089,,,89.90659332,40.80102921,8.461370468
Africa Western and Central,AFW,2012,2.810414553,52.57310867,66.49488068,,,91.40486908,42.28150177,8.847189903
Africa Western and Central,AFW,2013,2.850709915,53.42174911,66.90596008,,,92.65425873,47.28725815,9.404359818
Africa Western and Central,AFW,2014,2.666670084,54.14113998,67.31313324,,,91.0842514,43.29172134,9.658439636
Africa Western and Central,AFW,2015,2.984197974,55.0066185,68.19889832,,,89.11257172,44.51158905,9.705060005
Africa Western and Central,AFW,2016,2.667730808,55.46577835,68.75559998,,,88.78336334,43.08520126,9.501190186
Africa Western and Central,AFW,2017,3.360853672,56.47219849,68.14617157,,,88.93914032,43.23778915,9.618430138
Africa Western and Central,AFW,2018,3.023458004,59.74734879,68.13478851,,,88.85160828,43.54492188,9.803469658
Africa Western and Central,AFW,2019,3.047399521,59.55366898,68.1149826,,,89.75641632,44.7819519,9.946279526
Africa Western and Central,AFW,2020,3.398740768,59.70323944,68.36260986,,,90.24617004,45.65182114,10.13945961
Africa Western and Central,AFW,2021,3.203484297,60.0073204,68.97534943,,,90.2592392,46.53833008,10.39554977
Africa Western and Central,AFW,2022,2.905294418,60.29085159,67.71829224,,,90.39772797,46.2090416,
Africa Western and Central,AFW,2023,,60.50555038,68.04910278,,,90.50138092,46.62944031,
Albania,ALB,1999,3.592930079,,,,,109.3973007,69.28466797,14.53652
Albania,ALB,2000,3.430170059,,,22.56784,16.43434,,,
Albania,ALB,2001,3.458699942,99,,21.75244,16.96302,,,
Albania,ALB,2002,3.117799997,,,,,110.3389206,74.53891754,16.3895607
Albania,ALB,2003,3.138230085,,109.4277573,21.49541,17.66389,107.598259,77.75182343,16.36623955
Albania,ALB,2004,3.227519989,,105.3758469,,,104.1317215,78.98018646,19.12957954
Albania,ALB,2005,3.281549931,,,,,107.0161438,82.97142792,22.38900948
Albania,ALB,2006,3.191459894,,,,,105.4777832,84.32576752,26.21010017
Albania,ALB,2007,3.275929928,,108.3874664,,,103.4884415,86.21885681,30.23192978
Albania,ALB,2008,3.509226084,96,109.74263,19.4078,16.79416,100.3830032,87.83383942,31.68395996
Albania,ALB,2009,,,108.6455536,20.17793,14.7321,100.9237366,89.3157196,32.92398834
Albania,ALB,2010,3.41307497,,102.0788116,19.70208,14.77747,99.86183167,93.68182373,43.32793045
Albania,ALB,2011,3.240008354,97,100.5009613,19.86917,15.24414,101.5802689,95.47052765,49.39970016
Albania,ALB,2012,3.30906105,97,117.0084686,19.48298,14.89293,102.0673599,97.60807037,58.62142181
Albania,ALB,2013,3.539299965,,91.11920929,19.12103,14.75715,101.4749527,102.9032135,63.84405899
Albania,ALB,2014,3.216967106,,105.6936722,18.92294,14.29575,105.7705765,103.3213806,65.55071259
Albania,ALB,2015,3.437969923,,98.78878784,18.61557,13.50589,105.688652,102.4407272,61.96084976
Albania,ALB,2016,3.962090015,,99.5973587,18.19844,12.22137,105.3247833,99.17076111,58.48847961
Albania,ALB,2017,3.611720085,98.81623077,106.4496918,17.94478,11.60265,105.4149704,97.57437134,58.0177803
Albania,ALB,2018,3.152944803,,102.8941803,17.57287,11.19927,104.5680237,98.8223877,56.08029938
Albania,ALB,2019,3.916239977,,98.7175293,,,102.5895386,99.01515198,61.4085083
Albania,ALB,2020,3.342299938,,99.27192688,,,100.0209732,95.92945099,61.58530045
Albania,ALB,2021,3.022559881,,97.21843719,,,97.10749817,97.66503143,59.96987152
Albania,ALB,2022,2.744329929,98.5,101.1762772,,,96.37123108,97.32247162,62.6479187
Albania,ALB,2023,,,95.13514709,,,93.71381378,96.13687897,64.72934723
Algeria,DZA,1999,,,84.17093658,28.19076,,106.7268295,65.09715271,13.70401955
Algeria,DZA,2000,,,82.37190247,28.3962,,109.7766495,64.91104889,
Algeria,DZA,2001,,,89.44450378,27.84252,,108.8155594,69.07556915,15.44301033
Algeria,DZA,2002,,70,92.32189941,27.59291,,110.4312668,72.8870697,17.12887001
Algeria,DZA,2003,,,94.32795715,27.53299,,111.2080536,75.75093842,18.35396004
Algeria,DZA,2004,,,96.20140839,26.51107,,111.6782303,79.90052795,18.99534988
Algeria,DZA,2005,,,98.12149048,25.43721,,112.2025223,82.03775024,20.82938957
Algeria,DZA,2006,,73,87.21961212,24.48384,,111.9301682,83.60420227,21.51416969
Algeria,DZA,2007,,,97.63648987,23.93164,,112.4719315,73.5201416,23.77420998
Algeria,DZA,2008,4.111420155,75,115.8811417,23.23052,,111.0736008,80.21128082,
Algeria,DZA,2009,,,97.00015259,22.99987,,112.9482727,96.51100922,30.75536919
Algeria,DZA,2010,,,98.13037872,23.32803,,113.3779526,100.7091217,30.97764969
Algeria,DZA,2011,,,97.84544373,23.26903,,112.3881607,103.1164703,32.60739136
Algeria,DZA,2012,7.029509068,,99.64437866,23.15942,,111.7055588,,33.70814133
Algeria,DZA,2013,6.659060478,,101.9965973,23.26105,,112.2494888,,35.49594116
Algeria,DZA,2014,6.54889822,,101.0060425,23.66406,,111.6866989,,36.06224823
Algeria,DZA,2015,6.17633009,,98.12547302,23.83613,,110.8422699,,38.33097839
Algeria,DZA,2016,6.502108574,,100.4898376,24.2355,,110.6881027,,44.10528946
Algeria,DZA,2017,5.734823704,,102.32061,24.22505,,109.8377075,,49.37791061
Algeria,DZA,2018,5.812751293,81.40783691,102.6879883,24.32018,,108.7034836,,53.1637001
Algeria,DZA,2019,5.575365543,,99.72988892,,,107.7751312,,54.1856308
Algeria,DZA,2020,6.193917274,,102.2409363,,,110.3305664,,53.61402893
Algeria,DZA,2021,5.514032841,,99.75267792,,,106.9955673,,54.20999146
Algeria,DZA,2022,4.749246597,,94.71138763,,,108.3439331,105.9325485,53.40124893
Algeria,DZA,2023,5.610157013,,99.67884064,,,108.7616425,102.7021484,55.51889038
American Samoa,ASM,2006,14.7170496,,,,,,,
Andorra,AND,2002,1.65971005,,97.95321655,12.67901,7.6577,98.2305069,76.68952179,6.826900005
Andorra,AND,2003,,,102.4390182,12.0758,7.25909,95.10906982,76.06572723,7.341650009
Andorra,AND,2004,1.544119954,,100.9628601,12.65282,7.06522,92.97863007,76.21951294,7.658490181
Andorra,AND,2005,1.644970059,,,11.47472,7.75311,84.2615509,86.08615875,7.876550198
Andorra,AND,2006,2.244899988,,,10.4891,,84.42799377,86.14659882,9.31690979
Andorra,AND,2007,2.104690075,,,10.24769,,86.87206268,84.92327881,
Andorra,AND,2008,2.873929977,,,10.02679,,89.44644165,85.18026733,11.74213028
Andorra,AND,2009,3.142920017,,,10.33256,,90.23799896,86.72722626,
Andorra,AND,2010,2.976629972,,,9.64018,,90.11556244,89.98004913,
Andorra,AND,2011,2.98706007,,,9.84527,,89.09091187,93.69226837,
Andorra,AND,2012,2.565778971,,,9.58237,,88.13487244,92.28070068,13.28104019
Andorra,AND,2013,2.506160021,,,9.33028,7.80663,87.65351868,90.96566772,14.75994968
Andorra,AND,2014,3.074209929,,66.27755737,9.51991,8.65531,88.23529053,91.87406921,13.70014
Andorra,AND,2015,3.28034997,,66.09499359,9.93795,8.07904,88.95535278,92.54579926,13.88195992
Andorra,AND,2016,3.237070084,,68.49672699,10.06635,7.94434,90.17194366,94.2090683,15.10890961
Andorra,AND,2017,3.217089891,,65.81632996,10.5,8.22711,89.37107086,94.36975098,15.43694019
Andorra,AND,2018,3.246720076,,66.70918274,10.49757,8.01599,89.67447662,95.09059906,15.39402962
Andorra,AND,2019,3.15060997,,64.22135925,,,89.35289764,95.68405914,15
Andorra,AND,2020,2.632130384,,62.70996857,,,88.71708679,96.4627533,15.09827042
Andorra,AND,2021,2.583972216,,62.06896973,,,88.88407898,97.32523346,15.20427036
Andorra,AND,2022,2.647289991,,,,,90.1473465,97.48903656,34.48035049
Andorra,AND,2023,1.92790997,,69.33332825,,,97.62286377,99.7635498,64.27723694
Angola,AGO,1999,,,,,18.26959,,11.29327011,0.531930029
Angola,AGO,2000,2.607530117,,,,18.83404,,12.85634041,
Angola,AGO,2001,,67,,,18.96118,,14.46280956,
Angola,AGO,2002,,,,,,,15.61305046,0.754029989
Angola,AGO,2003,,,,,,,,2.771820068
Angola,AGO,2004,,,,,,,,2.07171011
Angola,AGO,2005,2.120110035,,,,,,,2.552469969
Angola,AGO,2006,2.281460047,,,,,,,2.481750011
Angola,AGO,2007,,,,41.0124,,104.2333298,,
Angola,AGO,2008,,,41.17541122,,,111.1099472,22.31722069,
Angola,AGO,2009,2.920000076,,40.9657402,,,110.2017899,23.85004997,
Angola,AGO,2010,3.421319962,,42.28590012,45.58651,,111.872879,27.68209076,
Angola,AGO,2011,3.24000001,,49.09434128,42.54306,27.41665,126.2451477,27.93120003,6.332630157
Angola,AGO,2012,3.081910849,,,,,,,
Angola,AGO,2013,3.869999886,,,,,,,9.116370201
Angola,AGO,2014,2.930000067,66,,,,,,
Angola,AGO,2015,3.099999905,66.23586273,,50.02951,,119.1422577,,8.683790207
Angola,AGO,2016,2.754936695,,,,26.76619,107.0269649,53.58145142,9.660340309
Angola,AGO,2017,2.466878891,,,,,122.2351662,,9.65568924
Angola,AGO,2018,2.183512926,,,,,88.57486897,,9.352542877
Angola,AGO,2019,2.073064327,,,,,,,11.06135941
Angola,AGO,2020,2.667447329,,,,,,,
Angola,AGO,2021,2.297108889,,59.6232605,,,88.833992,52.54376984,
Angola,AGO,2022,2.332125902,72.40000153,61.03028488,,,86.70679616,,
Angola,AGO,2023,,,,,,,,9.910849571
Antigua and Barbuda,ATG,1999,2.525500059,,,,,,,
Antigua and Barbuda,ATG,2000,,,,18.74101,13.39086,134.4585571,80.26776123,
Antigua and Barbuda,ATG,2001,,99,,,,,,
Antigua and Barbuda,ATG,2002,3.079139948,,,,,,,
Antigua and Barbuda,ATG,2007,,,,21.50372,,115.9683228,111.4618912,
Antigua and Barbuda,ATG,2008,,,109.4440689,17.12889,,117.9675522,121.3672791,
Antigua and Barbuda,ATG,2009,2.222759962,,103.8173065,16.22446,12.62094,117.4216385,117.81633,14.82699013
Antigua and Barbuda,ATG,2010,,,119.3406601,15.0656,12.15562,119.5580597,114.8380127,16.60280991
Antigua and Barbuda,ATG,2011,,,119.0799408,14.51203,11.96742,116.5700226,115.5655899,15.00421047
Antigua and Barbuda,ATG,2012,2.356193304,,,13.84503,11.59474,113.0298386,116.6898727,24.9304409
Antigua and Barbuda,ATG,2013,2.647289991,,114.0978851,,,112.632626,,
Antigua and Barbuda,ATG,2014,2.542487621,,119.1376724,14.2465,11.98368,111.8416672,114.9096603,
Antigua and Barbuda,ATG,2015,2.144195795,,100.3881989,14.33428,11.48074,109.8310623,117.027771,
Antigua and Barbuda,ATG,2016,2.251774788,,102.6877441,,,106.8686427,,
Antigua and Barbuda,ATG,2017,2.365928173,,107.8087616,12.05576,9.64207,109.1647491,116.5304031,
Antigua and Barbuda,ATG,2018,2.349487543,,104.4444427,12.40564,9.29704,112.0916824,120.9359589,
Antigua and Barbuda,ATG,2019,2.303077459,,104.9766693,,,112.1222373,,
Antigua and Barbuda,ATG,2020,2.993403196,,,,,,,
Antigua and Barbuda,ATG,2021,2.574648857,,,,,,,
Antigua and Barbuda,ATG,2022,3.64774847,,,,,,,
Arab World,ARB,1999,,64.12461853,75.09250641,22.90516,16.28416,86.20443726,56.76340103,17.05787086
Arab World,ARB,2000,,65.13143158,74.95334625,22.39068,16.29985,86.65733337,58.04241943,17.31719017
Arab World,ARB,2001,,66.26094818,76.13577271,21.96937,16.32731,87.29393768,59.58631134,17.93272972
Arab World,ARB,2002,5.032866716,67.29463196,76.78045654,21.79427,16.50426,88.43927765,60.70972061,18.82526016
Arab World,ARB,2003,,70.01904297,78.29960632,21.52564,16.47046,89.36952972,62.67385101,18.91885948
Arab World,ARB,2004,5.021100044,70.86917114,79.89771271,21.24495,16.56364,89.92668915,64.28890991,20.12494087
Arab World,ARB,2005,,71.40384674,81.05638123,21.59226,16.17217,90.59657288,64.33847809,21.1616497
Arab World,ARB,2006,3.930559993,69.19499969,79.35202789,21.34929,15.71052,91.58924103,64.1244812,21.57916069
Arab World,ARB,2007,,70.04464722,81.20413208,21.25952,15.20759,91.91295624,63.01979828,22.11978912
Arab World,ARB,2008,4.22755003,71.01017761,82.85671997,20.90504,14.85188,92.24952698,63.30759811,22.87327957
Arab World,ARB,2009,,69.74595642,81.95078278,21.02566,14.56006,92.29357147,64.88448334,23.66563988
Arab World,ARB,2010,,70.43971252,83.59883118,21.05971,14.51277,92.81179047,65.88799286,24.47134972
Arab World,ARB,2011,,72.20359039,83.79631805,20.36261,14.46235,93.7129364,67.70565033,23.46295929
Arab World,ARB,2012,4.124774933,73.068367,84.95791626,19.47213,14.41522,95.14855194,68.27961731,24.83675957
Arab World,ARB,2013,,73.81128693,80.57331848,19.21687,14.36273,91.59358978,66.62436676,26.56310081
Arab World,ARB,2014,,74.31661224,80.9358902,19.41851,14.44477,90.61151886,67.19719696,27.96995926
Arab World,ARB,2015,,75.02053833,80.30136108,19.56773,14.50165,90.61061859,67.78739929,29.49156952
Arab World,ARB,2016,,73.71795654,80.09226227,20.02351,14.52697,90.67342377,68.23110199,30.07344055
Arab World,ARB,2017,,74.21221161,80.22247314,20.62693,14.55245,90.80682373,68.74533844,31.17877007
Arab World,ARB,2018,,74.55412292,81.18817902,20.78495,14.49976,91.06926727,68.92353058,32.5794487
Arab World,ARB,2019,3.860209942,74.80751801,81.52674103,,,91.25904846,69.1184082,33.15542984
Arab World,ARB,2020,,75.12145996,82.60340118,,,91.69319153,69.14893341,33.86523819
Arab World,ARB,2021,,75.53957367,82.93546295,,,91.54811859,69.92977905,33.86050034
Arab World,ARB,2022,,75.81845856,84.00009918,,,90.35279846,71.22760773,33.97402954
Arab World,ARB,2023,,76.15425873,85.40203857,,,91.71102142,70.68406677,35.1263504
Argentina,ARG,1999,4.521679878,,99.48899078,21.77841,,116.6007538,92.76284027,49.63843155
Argentina,ARG,2000,4.580309868,,99.72418213,20.05203,12.30048,117.2811737,96.62178802,54.33327103
Argentina,ARG,2001,4.833740234,97,99.186409,18.02999,17.48206,117.3070374,98.0622406,58.79169083
Argentina,ARG,2002,4.017340183,,101.8354187,17.596,17.04147,117.2992401,97.46813202,62.05926132
Argentina,ARG,2003,3.535049915,,99.50263977,,16.14991,114.6765823,96.50583649,64.40245056
Argentina,ARG,2004,3.486520052,,97.783638,17.95223,15.42813,115.6678772,95.99761963,64.8878479
Argentina,ARG,2005,3.860009909,,94.82763672,17.44373,15.1209,114.7447662,94.18666077,63.7323494
Argentina,ARG,2006,4.128210068,,95.84699249,17.1849,14.19154,116.3161316,92.96173096,67.11859131
Argentina,ARG,2007,4.462600231,,98.63778687,16.36028,13.63714,117.3506165,92.61042023,66.90944672
Argentina,ARG,2008,4.844409943,,102.3866272,17.22969,12.23531,118.4370117,93.50382233,68.81629181
Argentina,ARG,2009,5.531050205,,103.0468521,,,118.4015579,96.6370163,71.03746033
Argentina,ARG,2010,5.019710064,,103.4086304,,,118.2347183,99.23000336,74.18753052
Argentina,ARG,2011,5.290629864,,103.4096298,,,117.4637527,100.9938431,77.42961121
Argentina,ARG,2012,5.345829964,,103.7547989,,,116.5163498,102.7823029,78.45590973
Argentina,ARG,2013,5.436610222,,103.3749313,,,114.5092392,104.5967484,78.7686615
Argentina,ARG,2014,5.361440182,,105.392601,,,113.9618835,106.0921326,81.16941071
Argentina,ARG,2015,5.776110172,,106.0531311,,,113.7781982,107.5490723,83.76258087
Argentina,ARG,2016,5.545489788,,106.5444489,,,112.9442673,109.6459427,86.61788177
Argentina,ARG,2017,5.454319954,,101.58181,,,111.6814575,110.4124069,89.23294067
Argentina,ARG,2018,4.877739906,,100.2818069,,,111.5456085,109.6969986,90.97283173
Argentina,ARG,2019,4.771649837,,100.3828964,,,111.3653183,110.4985275,95.0775528
Argentina,ARG,2020,5.276899815,,103.8377914,,,110.6178131,112.4166794,99.26622772
Argentina,ARG,2021,4.641170025,,105.4795303,,,110.1561127,116.5594482,107.130661
Argentina,ARG,2022,4.805210114,,103.2316284,,,108.7224121,115.4348679,107.0479126
Armenia,ARM,1999,2.235189915,,,16.07076,,122.5956802,78.1027298,34.51887894
Armenia,ARM,2000,2.772730112,,,,,88.33853149,90.1155777,35.33147049
Armenia,ARM,2001,2.469439983,99,,20.3441,,93.44167328,85.99230957,33.65793991
Armenia,ARM,2002,2.135040045,,83.74337769,20.34332,,90.67430115,,35.85945129
Armenia,ARM,2003,2.145040035,,86.77423096,18.8372,,93.57198334,,36.66453171
Armenia,ARM,2004,2.486730099,,100.005928,20.26241,,94.73773193,84.52565765,37.08034897
Armenia,ARM,2005,2.712029934,,93.46631622,21.19732,,93.72631836,86.74301147,38.33843994
Armenia,ARM,2006,2.715770006,,92.02571106,21.24161,,95.97692871,89.11322021,41.8117218
Armenia,ARM,2007,3.018939972,,96.74627686,19.3076,,106.0735321,89.97132874,44.43370819
Armenia,ARM,2008,3.172729969,,98.6576767,,,107.1063766,89.15847015,45.99962997
Armenia,ARM,2009,3.840790033,,,,,105.3227921,94.77201843,47.37995148
Armenia,ARM,2010,3.249000072,,91.54000092,,,96.67951965,100.5190887,47.74531174
Armenia,ARM,2011,3.143850088,100,93.47415924,,,96.52017212,90.08052826,47.82310104
Armenia,ARM,2012,2.772480011,,93.56420135,,,96.49410248,,41.4842186
Armenia,ARM,2013,2.650180101,,,,,99.3458786,84.40403748,41.62403107
Armenia,ARM,2014,2.247240067,,94.60370636,,,100.9155731,84.93110657,44.41101837
Armenia,ARM,2015,2.80591011,,94.22637939,,,102.3826904,85.79370117,45.46743011
Armenia,ARM,2016,2.75812006,100,105.0094223,,,103.0617065,,51.74600983
Armenia,ARM,2017,2.707590103,100,102.7634277,,,101.619812,,53.59075928
Armenia,ARM,2018,2.255867958,,100.2370682,15.41859,8.01689,100.0613098,88.5765686,56.16505051
Armenia,ARM,2019,2.571912289,,97.22709656,,,97.32314301,93.61714935,53.30681992
Armenia,ARM,2020,2.705559969,100,101.9867477,,,96.62056732,94.89111328,53.30612946
Armenia,ARM,2021,2.767849922,,100.6318436,,,93.80999756,97.30155945,58.75630951
Armenia,ARM,2022,2.491899967,,92.14736938,,,92.9023819,96.86456299,59.80644989
Armenia,ARM,2023,0.242599994,,92.50631714,,,93.80795288,95.12464905,61.18579865
Aruba,ABW,1999,4.395269871,,97.4852066,19.23044,15.59241,112.435112,92.07653809,26.06814003
Aruba,ABW,2000,4.714680195,97,87.65264893,19.05967,15.25432,108.3265076,93.7623291,27.9737606
Aruba,ABW,2001,4.798980236,,94.74835968,18.94779,15.05386,110.9204178,95.28610229,29.22801018
Aruba,ABW,2002,4.872200012,,98.33090973,19.06977,15.049,115.3170013,100.2670975,28.9244194
Aruba,ABW,2003,,,91.76390076,18.43017,14.90022,113.9026413,99.43544006,29.78269005
Aruba,ABW,2004,4.356989861,,94.49727631,18.45109,14.55741,116.1875381,97.2117691,29.2934494
Aruba,ABW,2005,4.623219967,,93.60269165,18.0776,14.1753,116.3979111,95.52960205,34.42301178
Aruba,ABW,2006,,,96.15885162,18.16434,14.361,117.4674988,100.6358185,32.73920822
Aruba,ABW,2007,4.702549934,,102.1872864,17.41751,14.46225,119.8841324,104.8464584,34.9405098
Aruba,ABW,2008,4.827300072,,97.99465179,17.29188,13.0991,118.3311691,96.90749359,35.15208817
Aruba,ABW,2009,5.797399998,,102.0979004,17.08591,13.45208,120.8409271,99.51838684,33.98854828
Aruba,ABW,2010,6.75109005,97,95.5525589,16.82253,13.80075,115.0828934,96.16240692,35.23363113
Aruba,ABW,2011,5.914669991,,,15.08609,13.97348,106.6978912,95.98023224,37.12929916
Aruba,ABW,2012,6.347290039,,,14.78869,15.09369,104.3805008,109.41745,38.00754166
Aruba,ABW,2013,6.442959785,,97.91377258,,,116.108017,,16.97570992
Aruba,ABW,2014,4.857049465,,106.1179886,,,117.8815918,,17.72134018
Aruba,ABW,2015,5.888269901,,,,,115.8881897,,16.78181076
Aruba,ABW,2016,5.491360188,,,,,114.1762918,,17.56377983
Aruba,ABW,2017,4.456180573,,,,,,,
Aruba,ABW,2018,4.548758984,,98.09725189,,,109.1999969,137.5371552,
Aruba,ABW,2019,4.435043335,,108.2335281,,,109.6978912,140.3136139,
Aruba,ABW,2020,,97.98999786,103.1851883,,,109.2460938,132.90802,
Aruba,ABW,2021,,,100.9367676,,,111.7201004,124.2355881,
Aruba,ABW,2022,,,95.01976013,,,104.667572,136.2166901,
Australia,AUS,1999,,,,17.87578,,101.8057098,,
Australia,AUS,2000,4.759339809,,,,,101.5835419,,
Australia,AUS,2001,5.222615719,,,,,101.4394073,,
Australia,AUS,2002,5.305696487,,,,,102.5345078,,
Australia,AUS,2003,5.245257854,,,,,102.8547592,,
Australia,AUS,2004,5.193072319,,,,,103.302063,,
Australia,AUS,2005,5.271876335,,,,,103.3979111,,
Australia,AUS,2006,5.163090229,,,,,103.562561,,
Australia,AUS,2007,4.969668865,,,,,105.4229813,,
Australia,AUS,2008,4.901823521,,,,,105.2446289,,
Australia,AUS,2009,5.396406651,,,,,105.2156296,,
Australia,AUS,2010,6.150436401,,,,,105.4885025,,
Australia,AUS,2011,6.006015778,,,,,105.2748795,,
Australia,AUS,2012,5.559247971,,,,,105.6697235,,
Australia,AUS,2013,5.519627094,,,,,105.8025818,,
Australia,AUS,2014,5.437552452,,,,,105.4616013,,
Australia,AUS,2015,5.4628582,,,,,101.6654892,159.1107635,119.67939
Australia,AUS,2016,5.43038559,,,,,101.180687,155.5943909,119.6827774
Australia,AUS,2017,5.321255684,,,,,100.6376572,153.5761261,109.993309
Australia,AUS,2018,5.409676075,,,,,100.3987122,136.105545,103.3220901
Australia,AUS,2019,5.508588791,,,,,100.1996994,144.0565643,109.7595596
Australia,AUS,2020,5.378280163,,,,,99.90110779,137.4907379,110.1392212
Australia,AUS,2021,5.333209991,,,,,99.92915344,135.5265656,112.6882935
Australia,AUS,2022,5.206776619,,,,,99.13298798,133.2772675,106.2407608
Austria,AUT,1999,6.112339973,,99.17276001,13.45715,10.30091,101.5409622,98.31349182,
Austria,AUT,2000,5.588809967,,,,,101.8693924,98.61234283,
Austria,AUT,2001,5.575479984,,,,,102.4710236,98.86086273,
Austria,AUT,2002,5.522130013,,99.50106812,13.26801,10.43735,102.8107224,98.95127106,
Austria,AUT,2003,5.361830235,,,13.1816,10.52508,102.3844376,99.39745331,
Austria,AUT,2004,5.302430153,,100.9621277,13.13389,10.70672,102.7364197,99.2856369,
Austria,AUT,2005,5.249370098,,,12.40884,10.98323,102.0874863,100.1994324,
Austria,AUT,2006,5.226520061,,,12.23292,10.94344,102.3108978,100.4166794,
Austria,AUT,2007,5.146900177,,,11.86203,10.84635,102.7716599,100.1025696,63.80212021
Austria,AUT,2008,5.263959885,,,11.62932,10.57966,102.2662735,100.1261292,66.19838715
Austria,AUT,2009,5.730249882,,,11.36314,10.28249,101.3613129,100.5940933,67.99157715
Austria,AUT,2010,5.700479984,,,11.02831,9.9725,100.8355408,100.2639694,75.04025269
Austria,AUT,2011,5.592269897,,100.6218338,10.89398,9.67872,100.5583267,99.67295837,77.26251221
Austria,AUT,2012,5.480400085,,96.49848175,10.82489,9.53847,100.3351135,100.1087265,79.54712677
Austria,AUT,2013,5.547110081,,98.86142731,10.7043,9.67333,100.7460785,101.1732101,80.96160126
Austria,AUT,2014,5.447619915,,97.33966064,10.71766,9.61071,100.9703217,101.3048096,81.0195694
Austria,AUT,2015,5.456580162,,99.39652252,10.58415,9.57663,101.104393,101.4115829,82.25630951
Austria,AUT,2016,5.47961998,,97.15097046,10.30374,9.41777,100.4280777,100.2279892,82.8496933
Austria,AUT,2017,5.371590137,,98.64917755,10.01653,9.32983,101.1045685,100.3378983,83.83925629
Austria,AUT,2018,5.226550102,,97.75398254,,,101.3703003,100.6925964,85.86988831
Austria,AUT,2019,5.217790127,,99.45897675,,,101.7762909,101.5436325,86.32343292
Austria,AUT,2020,5.571269989,,97.61239624,,,101.5608521,101.6905594,88.7071991
Austria,AUT,2021,5.494110107,,99.81651306,,,101.6441193,102.307663,93.94007111
Austria,AUT,2022,4.774471283,,97.15917206,,,100.7756271,101.4580002,94.51168823
Azerbaijan,AZE,1999,4.212140083,99,,18.77911,,,,
Azerbaijan,AZE,2000,3.853990078,,89.51351166,18.68574,,97.20748901,,
Azerbaijan,AZE,2001,3.503420115,,95.1685791,17.12015,,98.86100006,,
Azerbaijan,AZE,2002,3.154459953,,97.58601379,16.1852,,98.34942627,,
Azerbaijan,AZE,2003,3.286149979,,92.69615173,15.26139,,96.21324158,,
Azerbaijan,AZE,2004,3.447700024,,95.59542847,14.27144,,97.26132965,,
Azerbaijan,AZE,2005,2.974620104,,93.43061829,13.44831,,95.52696991,,
Azerbaijan,AZE,2006,2.555520058,,91.6054306,12.496,,94.21665955,,19.78945923
Azerbaijan,AZE,2007,2.549279928,100,98.13037109,11.61559,,94.77120209,,19.36459923
Azerbaijan,AZE,2008,2.44092989,,90.73683167,11.29601,,94.07247162,,19.04788971
Azerbaijan,AZE,2009,3.224309921,100,91.77172089,11.08342,,95.068573,,19.05771065
Azerbaijan,AZE,2010,2.780620098,100,89.51445007,11.04222,,93.76229858,83.08531815,19.26004028
Azerbaijan,AZE,2011,2.435640097,100,92.80683136,11.16445,,95.57363129,82.91762054,19.64731026
Azerbaijan,AZE,2012,2.067630053,100,91.99118805,11.92302,,97.95530701,82.76227492,20.4384594
Azerbaijan,AZE,2013,2.442130089,100,88.08940887,12.14857,,100.5004501,83.13765536,21.44042969
Azerbaijan,AZE,2014,2.633039951,100,98.12570953,12.62333,,106.0598907,83.43866002,23.15973091
Azerbaijan,AZE,2015,2.951679945,100,103.2802124,13.49787,,106.6014862,84.80985864,25.48320007
Azerbaijan,AZE,2016,2.903409958,100,111.3019104,15.48619,,106.4317398,74.92250393,27.23686028
Azerbaijan,AZE,2017,2.473819971,100,107.1721725,15.458,,103.2940979,77.40803437,28.46706009
Azerbaijan,AZE,2018,2.455430031,,100.2199478,15.42982,7.60984,99.7220993,108.5179367,28.97249031
Azerbaijan,AZE,2019,3.176460028,100,100.3833389,,,97.93534851,107.8998718,32.92218018
Azerbaijan,AZE,2020,4.332049847,,98.53372955,,,98.23606873,91.39689636,36.38547134
Azerbaijan,AZE,2021,3.702080011,,96.56355286,,,97.73049927,91.43228912,39.00960159
Azerbaijan,AZE,2022,3.046900034,,99.70327759,,,99.8082962,90.97299194,41.00178146
Azerbaijan,AZE,2023,3.582900286,100,96.2334137,,,101.9796982,92.75891113,41.39075851
"Bahamas, The",BHS,1999,,,75.52790833,14.0399,15.60023,83.70503235,75.8968811,
"Bahamas, The",BHS,2000,2.232840061,,,,,,,
"Bahamas, The",BHS,2002,,,,16.83243,14.85386,82.86746979,86.33615875,
"Bahamas, The",BHS,2004,,,,16.77674,14.17409,89.50150299,80.69721222,
"Bahamas, The",BHS,2005,,,92.62014771,,13.56829,93.88540649,81.6555481,
"Bahamas, The",BHS,2006,,,87.62963104,15.38373,12.78195,91.74285889,82.06999969,
"Bahamas, The",BHS,2007,,,91.7297821,15.33967,12.27296,95.11875916,85.14444733,
"Bahamas, The",BHS,2008,,,88.02584076,15.78783,12.66532,94.08654022,85.34673309,
"Bahamas, The",BHS,2009,,,87.05741119,12.99478,12.32878,88.59552765,84.87864685,
"Bahamas, The",BHS,2010,2.451659918,,79.48294067,14.1453,12.1276,85.57791901,85.44677734,
"Bahamas, The",BHS,2011,2.355766296,,86.56002045,18.20992,11.08709,91.74597168,82.03259277,
"Bahamas, The",BHS,2012,2.387045145,,86.39089203,20.98103,14.44392,86.77483368,83.03085327,
"Bahamas, The",BHS,2013,2.385959864,,76.95330048,17.48197,12.30538,79.92697144,74.5845871,
"Bahamas, The",BHS,2014,2.314071655,,77.67328644,18.1899,12.50237,80.43688202,79.04046631,
"Bahamas, The",BHS,2015,2.296975136,,,21.04116,11.79222,,,
"Bahamas, The",BHS,2016,2.586606741,,,19.02855,11.75808,,,
"Bahamas, The",BHS,2017,2.691406488,,,,14.06865,,,
"Bahamas, The",BHS,2018,2.485194921,,,19.44891,12.48097,,,
"Bahamas, The",BHS,2019,2.617186308,,,,,,,
"Bahamas, The",BHS,2020,3.790011644,,,,,,,
"Bahamas, The",BHS,2021,3.006932497,,,,,93.82105255,62.61666107,
"Bahamas, The",BHS,2022,2.836576223,,,,,,,
"Bahamas, The",BHS,2023,,,,,,77.93193054,78.75792694,
Bahrain,BHR,1999,,,85.44204712,,,93.84662628,78.06358337,16.90304947
Bahrain,BHR,2000,,,84.36829376,,,93.94075012,81.46063232,
Bahrain,BHR,2001,,87,84.56767273,,,94.26170349,83.45986938,
Bahrain,BHR,2002,,,89.06977081,,,94.67285156,86.37124634,
Bahrain,BHR,2003,,,89.26368713,,,94.47373962,88.95128632,29.35186005
Bahrain,BHR,2004,,,92.13922119,,,94.70308685,86.30526733,
Bahrain,BHR,2005,,,93.79524231,,,94.84008789,83.22975159,22.49832916
Bahrain,BHR,2006,2.874409914,,,,,101.5908813,83.67874908,19.71946907
Bahrain,BHR,2007,2.575000048,,,,,,,
Bahrain,BHR,2008,2.496779919,,,,,,88.52838898,
Bahrain,BHR,2009,,,,,,,89.85980988,
Bahrain,BHR,2010,2.351149797,,,,,,90.04248047,
Bahrain,BHR,2011,2.312353849,92.30000305,93.5076828,12.1159,10.38663,96.22496796,92.42067719,46.54248047
Bahrain,BHR,2012,2.645309925,,98.19156647,11.76839,9.61612,99.52385712,95.42397308,47.36331177
Bahrain,BHR,2013,2.476890087,,104.0988083,11.85094,9.99168,105.8744812,105.0425491,42.9303894
Bahrain,BHR,2014,2.467459917,,103.7850266,11.66884,9.85905,105.2414932,104.1947632,44.15161896
Bahrain,BHR,2015,2.668080091,,99.37207794,11.73164,9.86281,102.2143326,100.8134537,43.63837814
Bahrain,BHR,2016,2.802482843,,100.3867188,12.05837,9.79181,102.6988678,101.8395081,43.66530991
Bahrain,BHR,2017,2.327810049,,99.90905762,12.15924,10.1467,100.9250183,101.7575073,45.18643951
Bahrain,BHR,2018,2.388939857,,98.90895081,11.92315,10.23948,98.7649765,100.4350967,48.53865814
Bahrain,BHR,2019,2.384604454,,99.65667725,,,98.00469208,101.02108,53.6918602
Bahrain,BHR,2020,2.552374601,,,,,,,56.63399887
Bahrain,BHR,2021,2.221358061,,,,,,,70.76303101
Bahrain,BHR,2022,1.98779726,98,92.94422913,,,92.3441925,103.4909668,77.24449158
Bahrain,BHR,2023,,98,89.36876678,,,93.74128723,99.78233337,71.95929718
Bangladesh,BGD,1999,2.132819891,,,,37.41274,,46.97890854,5.479310036
Bangladesh,BGD,2000,2.125080109,,,,38.4303,,48.71913147,5.46036005
Bangladesh,BGD,2001,2.171930075,47,,,37.49703,,50.31414032,6.424399853
Bangladesh,BGD,2002,2.017149925,,,,34.36736,,51.41809845,6.135369778
Bangladesh,BGD,2003,2.069390059,,,,31.07824,,51.25708008,6.196889877
Bangladesh,BGD,2004,1.940140009,,,,27.37356,,47.86413956,5.728839874
Bangladesh,BGD,2005,,,65.85954285,47.03943,23.92315,99.95349884,46.60287857,6.295829773
Bangladesh,BGD,2006,2.131289959,,,47.53901,25.04719,99.97512054,47.08378983,7.241710186
Bangladesh,BGD,2007,2.202219963,46.66360092,,44.75494,25.24427,98.18898773,47.90071869,7.867129803
Bangladesh,BGD,2008,2.05456996,,57.35232162,43.72919,27.0682,95.1065979,45.9643898,8.842450142
Bangladesh,BGD,2009,1.939419985,,63.27941132,45.75844,28.16376,97.62580109,49.73410034,10.81634998
Bangladesh,BGD,2010,,,65.08084869,42.97476,28.33145,99.73534806,51.1863395,
Bangladesh,BGD,2011,2.132699966,59,,,30.62493,,51.50349583,13.57241726
Bangladesh,BGD,2012,2.046670675,58,,,32.23697,,53.65340042,13.66753769
Bangladesh,BGD,2013,1.966160059,61,,,35.20296,,57.95901614,13.65109444
Bangladesh,BGD,2014,2.098716736,61,,,,,,13.65344143
Bangladesh,BGD,2015,1.872254133,65,,,,,62.03123093,15.59071636
Bangladesh,BGD,2016,2.221199989,73,,,36.192,,66.92324831,17.40217972
Bangladesh,BGD,2017,1.850400329,73,,30.05456,33.98251,109.1253603,64.85595207,18.53050804
Bangladesh,BGD,2018,1.655891299,74,,30.05459,35.09524,112.4276954,67.42136973,19.70263672
Bangladesh,BGD,2019,1.681388021,75,,,,,67.22091891,22.80521393
Bangladesh,BGD,2020,1.765280604,75,,,,118.4292374,69.01357086,22.5388546
Bangladesh,BGD,2021,1.831179976,76,120.0828857,,,115.4481807,70.29333286,23.40016747
Bangladesh,BGD,2022,1.711836696,,107.697937,,,117.6594575,71.82198326,22.8396492
Bangladesh,BGD,2023,1.775227427,,108.2103271,,,111.5953844,71.49470683,23.77430725
Barbados,BRB,1999,4.341239929,,99.24929047,17.77204,17.75691,102.9012604,108.7211914,35.76231003
Barbados,BRB,2000,4.71585989,,97.88176727,17.56999,17.29712,101.8348999,106.4963989,41.54360962
Barbados,BRB,2001,6.055369854,,103.3796692,17.03586,17.24463,102.6352615,106.8954926,40.8927803
Barbados,BRB,2002,5.880620003,,101.1818619,15.90347,15.74057,101.8858109,106.5387192,
Barbados,BRB,2003,6.245699883,,107.4351273,15.80411,15.16799,103.0135269,105.9909897,
Barbados,BRB,2004,6.024280071,,103.1817017,15.76766,16.85127,101.1278229,106.9223404,
Barbados,BRB,2005,5.669650078,,99.58994293,15.14568,15.88872,100.5650024,107.7310028,
Barbados,BRB,2006,,,102.3690109,,14.58392,101.0436783,106.9267807,
Barbados,BRB,2007,5.220610142,,98.53308105,14.54218,,100.5610504,108.9015503,59.98527145
Barbados,BRB,2008,4.920740128,,98.09731293,13.45642,,101.0436478,110.2754593,
Barbados,BRB,2009,5.1104002,,97.10688019,14.1425,,100.2956772,109.8566666,74.01435852
Barbados,BRB,2010,6.052619934,,94.76576996,13.00746,,100.1458511,107.4451675,68.31182098
Barbados,BRB,2011,,,96.17851257,13.08663,,100.8106384,107.0609283,65.03822327
Barbados,BRB,2012,5.257269859,,,,,,,
Barbados,BRB,2013,5.134860039,,,,,,,
Barbados,BRB,2014,6.121970177,,,12.71532,,96.81269073,108.174942,
Barbados,BRB,2015,5.176999092,,,13.40321,17.53754,96.33708191,108.2815323,
Barbados,BRB,2016,4.683829784,,,13.349,18.63678,97.03707123,108.4780121,
Barbados,BRB,2017,4.349979877,,,14.09682,18.45852,96.8223114,110.0070572,
Barbados,BRB,2018,5.133137226,,86.72277832,13.9917,17.93859,97.64791107,108.4626465,
Barbados,BRB,2019,4.086329937,,82.16412354,,,98.84240723,106.3282013,
Barbados,BRB,2020,4.168600082,,94.06900024,,,99.52929688,104.7150116,
Barbados,BRB,2021,4.863609791,,100.2442017,,,98.15020752,104.7102509,
Barbados,BRB,2022,4.416240215,,91.72370911,,,95.57930756,106.3924103,
Barbados,BRB,2023,4.044760227,,96.73638153,,,93.44592285,105.655098,
Belarus,BLR,1999,6.000010014,100,98.66069031,19.53285,,113.7607193,,49.44207001
Belarus,BLR,2000,6.196619987,,103.6826935,18.2068,,115.920929,,51.8044014
Belarus,BLR,2001,,,108.6018295,17.43863,,116.3045425,,54.3443718
Belarus,BLR,2002,,,131.9900055,16.66112,,114.076889,,56.87300873
Belarus,BLR,2003,6.310182095,,104.5489502,15.93862,,104.923172,,59.4798317
Belarus,BLR,2004,5.712259769,,104.6041336,15.44266,,103.449501,,60.8694191
Belarus,BLR,2005,5.871029854,,103.8441696,16.03553,,101.1081009,,63.72211075
Belarus,BLR,2006,6.076960087,,102.0907364,16.02405,,99.3765564,,66.49044037
Belarus,BLR,2007,5.152100086,,99.60996246,15.96701,,97.7906723,,69.53462982
Belarus,BLR,2008,5.713215351,,94.27644348,15.32719,,97.49130249,116.7628784,70.50710297
Belarus,BLR,2009,4.368939877,100,96.99031067,15.14091,,98.1668396,114.9080429,75.90174866
Belarus,BLR,2010,5.220039845,,96.13305664,14.96616,,97.606987,111.0781631,82.66927338
Belarus,BLR,2011,4.684790134,,98.95630646,14.96367,,96.93097687,107.9893265,91.2559967
Belarus,BLR,2012,4.959640026,,97.60529327,14.90909,,95.83457947,105.3053284,98.59739685
Belarus,BLR,2013,5.009419918,,94.89865875,15.36216,7.73805,94.93016052,100.9953766,101.4243927
Belarus,BLR,2014,4.818329811,,94.25744629,16.47603,8.05511,95.13053131,98.98171234,99.8547287
Belarus,BLR,2015,4.787509918,,94.09764099,17.57007,8.36258,96.05220032,97.52033234,98.0328598
Belarus,BLR,2016,4.946549892,,94.37683868,18.33759,8.29763,97.34745789,97.04808807,94.75534058
Belarus,BLR,2017,4.795000076,,95.61382294,18.80255,8.35604,97.40283203,96.01177216,91.32614899
Belarus,BLR,2018,5.381100178,,96.7565918,19.23259,8.56276,96.70580292,95.49971771,84.53964233
Belarus,BLR,2019,4.979489803,100,99.11107635,,,95.65020752,94.92053223,80.17201996
Belarus,BLR,2020,4.862639904,,95.61006165,,,94.41906738,95.00746918,76.89089203
Belarus,BLR,2021,4.606410027,,93.54051208,,,94.52954865,95.21338654,73.95913696
Belarus,BLR,2022,4.628230095,,93.21389771,,,94.71196747,94.5358963,70.86756897
Belarus,BLR,2023,4.951479912,,92.61653137,,,94.73578644,93.59951019,67.06204224
Belgium,BEL,1999,,,,,,101.9677429,142.8841553,56.18629074
Belgium,BEL,2000,5.532732964,,,,,102.9073715,146.9197845,56.20183182
Belgium,BEL,2001,5.676054955,,,,,103.4266968,155.946167,56.71488953
Belgium,BEL,2002,5.789683819,,,,,103.6053314,157.6487732,58.11008072
Belgium,BEL,2003,5.891302109,,,,,103.7769394,158.8792267,59.61246109
Belgium,BEL,2004,5.629337788,,,,,103.0394211,151.638092,62.04114914
Belgium,BEL,2005,5.795859814,,,11.4904,,103.112442,157.343399,62.82033157
Belgium,BEL,2006,5.62658596,,,,,102.7934036,158.6851044,63.37173843
Belgium,BEL,2007,5.518233776,,,,,102.4513016,159.4398956,62.46184158
Belgium,BEL,2008,6.332940102,,,11.179,,102.2657318,160.468811,62.76420975
Belgium,BEL,2009,6.458099842,,,11.14094,,102.2594604,159.6615448,64.97984314
Belgium,BEL,2010,6.442590237,,,11.03429,,102.2368088,160.6604767,66.85788727
Belgium,BEL,2011,6.431990147,,,11.18924,,101.2698898,159.3493042,67.70340729
Belgium,BEL,2012,6.255764961,,,11.20289,,101.5203629,160.1105347,69.74906158
Belgium,BEL,2013,6.630529881,,,11.14292,9.44806,103.1910629,161.8458862,71.78411102
Belgium,BEL,2014,6.590469837,,,11.23947,9.42359,103.1048737,162.4219818,74.03972626
Belgium,BEL,2015,6.451570034,,,11.23127,9.42496,102.2438278,164.0798187,76.42394257
Belgium,BEL,2016,6.461730003,,,11.30569,9.14736,102.0558624,160.68927,77.24350739
Belgium,BEL,2017,6.425340176,,,11.27695,8.98821,102.752861,158.6702881,80.77381897
Belgium,BEL,2018,6.381070137,,,,,102.5003662,156.5097656,79.12374878
Belgium,BEL,2019,6.33397007,,,,,102.1485596,156.635376,79.30448151
Belgium,BEL,2020,6.801859856,,,,,102.06427,151.7275085,79.49960327
Belgium,BEL,2021,6.355519772,,,,,101.8211365,143.1635132,82.6882019
Belgium,BEL,2022,,,,,,102.1769867,142.9180756,83.57364655
Belize,BLZ,1999,4.047800064,,96.97071838,23.5,23.87982,118.3688812,64.52084351,
Belize,BLZ,2000,3.695930004,,98.55168152,23.31494,23.32831,118.1492004,67.57897186,
Belize,BLZ,2001,4.250659943,80.90000153,100.7050171,22.81694,22.88462,117.5251312,69.45393372,15.09313011
Belize,BLZ,2002,,,,,,113.3591919,,16.98032951
Belize,BLZ,2003,3.915649891,,98.65545654,20.75066,22.85246,117.9999466,75.6950531,16.18568039
Belize,BLZ,2004,4.026649952,,100.1505585,23.23186,19.03272,119.636673,77.11399078,15.59430981
Belize,BLZ,2005,,,102.6241226,23.62341,18.73235,119.4764099,75.5892334,16.05211067
Belize,BLZ,2006,,,101.5070267,22.93853,17.27972,119.14534,76.1658783,16.87715912
Belize,BLZ,2007,,,103.508522,22.88272,16.96826,117.1142273,75.28037262,17.88644981
Belize,BLZ,2008,4.319920063,,97.89546204,22.61592,16.95913,114.7643738,75.04400635,18.74390984
Belize,BLZ,2009,4.820539951,,100.7575836,22.63613,16.73931,114.1280289,74.64115906,21.97496986
Belize,BLZ,2010,5.264430046,,99.78083801,22.24335,16.83616,112.6685181,75.10253143,21.44364929
Belize,BLZ,2011,5.51967907,,102.7706833,21.89921,16.31748,112.0764618,75.62545013,21.42178917
Belize,BLZ,2012,5.47151041,,107.7138519,21.56275,16.52241,115.074173,78.31773376,23.87542915
Belize,BLZ,2013,5.151440144,,102.8725281,22.57321,17.38091,113.4383392,80.19975281,23.85310936
Belize,BLZ,2014,5.167439938,,103.9140015,22.39466,,112.721199,79.97025299,23.86413956
Belize,BLZ,2015,5.390200138,90.91603851,105.6142197,20.43642,16.30319,113.6075134,80.97367096,23.27388954
Belize,BLZ,2016,5.721710205,,105.7593002,20.50666,18.40628,115.6479263,87.49759674,24.31962967
Belize,BLZ,2017,5.949679852,,102.7030487,19.58631,16.5581,114.8181229,84.77844238,24.77198982
Belize,BLZ,2018,6.126820087,,104.4744797,19.78332,16.72317,113.6626205,86.31658173,24.64558983
Belize,BLZ,2019,5.964990139,,102.7652817,,,112.8055878,87.3793335,25.0688591
Belize,BLZ,2020,5.216320038,,105.1956711,,,110.3082886,85.9464798,25.70165062
Belize,BLZ,2021,5.948790073,,112.92659,,,105.2839508,88.74031067,23.51840019
Belize,BLZ,2022,4.596509933,,105.7558899,,,99.9364624,86.99240875,23.7802906
Belize,BLZ,2023,4.25564003,,94.33306885,,,96.9522934,83.38491821,22.7051506
Benin,BEN,1999,1.921939969,,,53.39559,23.751,77.18003845,20.09853935,3.207459927
Benin,BEN,2000,2.113660097,,36.32073975,52.64958,23.38345,80.11121368,20.8747406,3.626980066
Benin,BEN,2001,2.365099907,,40.33372116,53.52288,21.59872,87.40750122,22.65257072,4.366250038
Benin,BEN,2002,2.159490108,35,42.29719925,52.96325,,92.61058044,24.59546089,5.131989956
Benin,BEN,2003,2.283159971,,46.53480911,62.1705,22.38497,96.32888794,25.94239044,5.664629936
Benin,BEN,2004,2.566900015,,50.45555878,51.583,23.93407,100.354599,27.7856102,5.719069958
Benin,BEN,2005,2.656680107,,,46.8289,,97.63957214,,5.651529789
Benin,BEN,2006,2.56340003,28.70211029,,43.62338,,97.91882324,,6.476439953
Benin,BEN,2007,2.363310099,,,,,,,7.758989811
Benin,BEN,2008,2.777280092,,61.8585701,44.55301,,110.8881378,,7.663949966
Benin,BEN,2009,3.089270115,,,44.86809,,116.0826035,,9.749509811
Benin,BEN,2010,3.679970026,,65.31459808,46.3918,,117.3839798,,13.13516998
Benin,BEN,2011,4.400000095,,70.1288681,44.20067,,119.2399902,47.41460037,12.28221989
Benin,BEN,2012,3.562020063,32.94881821,71.61086273,44.14979,,123.1633835,,13.3533802
Benin,BEN,2013,3.327510118,,76.89819336,43.72854,9.82354,124.0610504,54.08707809,15.31023979
Benin,BEN,2014,3.161789894,,77.31134796,45.92349,9.91567,124.5222397,54.73263168,15.19659042
Benin,BEN,2015,3.17298007,,78.03270721,45.04478,10.32268,127.1211395,57.3949585,12.90738964
Benin,BEN,2016,2.899100065,,77.41918945,41.63992,10.99168,125.5545273,57.52967072,12.36170959
Benin,BEN,2017,3.535589933,38.87120819,,43.56977,,121.6062164,,11.7388401
Benin,BEN,2018,2.931619883,,,39.19712,,117.1167984,,12.00706005
Benin,BEN,2019,2.965201139,,61.79283142,,,112.029892,,10.7973299
Benin,BEN,2020,3.094415188,,60.2596817,,,109.1489182,45.74079132,10.80247974
Benin,BEN,2021,3.203484297,43.8341713,70.79102325,,,110.7058868,46.07704163,10.23151016
Benin,BEN,2022,3.377859116,47.09999847,64.57333374,,,113.048912,45.36516953,10.6479702
Bermuda,BMU,2001,,,105.2699203,9.25187,7.07907,106.4163132,87.94299316,
Bermuda,BMU,2002,,,108.5241699,8.95985,7.01229,106.8320313,87.90679932,
Bermuda,BMU,2003,1.666270018,,107.8843613,8.90328,6.78311,108.2058105,90.01351929,
Bermuda,BMU,2004,1.775879979,,104.3537369,8.58929,6.86143,108.3333282,93.3164978,
Bermuda,BMU,2005,1.988770008,,104.9655228,8.33625,6.97361,108.1818237,93.30979156,
Bermuda,BMU,2006,,,104.5960999,8.25044,6.04819,107.2443771,89.69625092,33.18680954
Bermuda,BMU,2007,,,,,,,,30.4764595
Bermuda,BMU,2008,,,,,,,,31.50605965
Bermuda,BMU,2009,2.289200068,,,,,,,39.84830856
Bermuda,BMU,2010,2.306689978,,116.6908569,7.35691,5.35515,108.8851013,93.18708801,37.23591995
Bermuda,BMU,2011,2.19656992,,108.7667236,8.94444,6.44776,107.732338,92.70385742,38.69731903
Bermuda,BMU,2012,2.385971308,,104.3988266,9.82751,6.39032,106.1429977,91.90601349,38.27492905
Bermuda,BMU,2013,2.279503107,,109.3655624,7.19372,5.31847,104.992363,91.49681854,37.13845825
Bermuda,BMU,2014,1.536880016,,101.7377625,6.72131,4.97932,104.4319916,90.55310059,35.09661102
Bermuda,BMU,2015,1.501639962,,104.991951,10.4196,6.33229,105.5753632,90.52207184,31.94352913
Bermuda,BMU,2016,1.915443897,,,,,104.3255695,89.70454545,
Bermuda,BMU,2017,1.324959993,,,,,101.2810658,85.49340609,22.4178009
Bermuda,BMU,2018,1.93595469,,,,,98.29342843,86.10549944,22.86447906
Bermuda,BMU,2019,1.926798224,,,,,94.08629442,81.54827359,
Bermuda,BMU,2020,1.890087724,,,,,90.48954615,80.44740804,
Bermuda,BMU,2021,1.884916902,,,,,87.71078181,80.72314484,
Bermuda,BMU,2022,1.922213435,,,,,85.42458809,75.84501237,
Bermuda,BMU,2023,1.933646798,,,,,86.30207062,71.83505249,16.99213028
Bhutan,BTN,1999,,,54.31523132,41.70401,31.07948,79.09401703,28.17782021,2.772099972
Bhutan,BTN,2000,5.786759853,,54.85276031,41.147,,80.78762817,31.5091095,
Bhutan,BTN,2001,5.449850082,,54.2779007,39.48254,,82.15339661,34.76750183,
Bhutan,BTN,2002,,,,,,83.75219727,,
Bhutan,BTN,2003,,,,,,86.24712372,,
Bhutan,BTN,2004,6.123119831,,60.50672913,,,89.68125916,,
Bhutan,BTN,2005,6.764200211,53,65.4083786,31.05151,28.11474,92.76241302,44.00772858,4.869860172
Bhutan,BTN,2006,,,70.78336334,29.18213,21.87633,97.14897156,46.44665909,5.109819889
Bhutan,BTN,2007,,,73.33035278,,,101.165947,50.23419952,5.536469936
Bhutan,BTN,2008,4.569509983,,79.44841003,29.87891,23.74567,104.5938492,53.49200058,6.573830128
Bhutan,BTN,2009,4.418879986,,82.07106018,27.70221,20.64367,109.0328064,58.5107193,6.290709972
Bhutan,BTN,2010,3.823189974,,89.77334595,25.89606,21.40321,111.8249588,62.85636902,6.571410656
Bhutan,BTN,2011,4.407939911,,92.84966278,25.37845,20.53927,113.1725693,66.87548828,7.696099758
Bhutan,BTN,2012,,55,102.1974182,23.9859,19.88922,112.4175186,71.99503326,7.595845222
Bhutan,BTN,2013,5.255270004,,98.12947083,28.67592,13.7798,106.1411972,76.55275726,10.34023952
Bhutan,BTN,2014,5.548999786,,96.35317993,,14.29917,104.0050278,84.04419708,
Bhutan,BTN,2015,5.782699108,,94.79042816,40.00443,12.14578,102.4833566,85.19419098,
Bhutan,BTN,2016,5.891593933,,96.62175751,38.03778,11.41873,100.9430695,85.68351746,
Bhutan,BTN,2017,6.227416515,67,94.96681213,34.56294,11.0089,99.73843335,86.61470032,14.77133751
Bhutan,BTN,2018,5.743712902,,84.58547974,34.66868,10.81456,99.28786575,87.52884674,14.87888336
Bhutan,BTN,2019,4.509827614,,75.73297882,,,97.96216381,,15.90780163
Bhutan,BTN,2020,5.543412685,,82.71399689,,,103.8008312,,16.85028458
Bhutan,BTN,2021,6.598386288,,90.58860016,,,103.0328842,90.80357882,17.70614815
Bhutan,BTN,2022,7.469820023,72.09999847,78.28633118,,,106.0821274,89.98954939,17.52903366
Bhutan,BTN,2023,5.845185757,,,,,,,15.02509022
Bolivia,BOL,1999,,,,24.72372,21.39547,112.5377579,74.71456146,
Bolivia,BOL,2000,,,,,,119.1320724,72.75763702,
Bolivia,BOL,2001,,87,,,,118.0607834,75.78627014,
Bolivia,BOL,2002,7.195047855,,,,,118.5434723,80.63069916,
Bolivia,BOL,2003,6.629619122,,,,,116.6771927,83.46972656,
Bolivia,BOL,2004,6.847718239,,,,,115.9558105,86.3809967,
Bolivia,BOL,2005,6.713525295,,,,,115.1993713,87.42555237,
Bolivia,BOL,2006,6.434219837,,,,,113.5616379,86.59062958,
Bolivia,BOL,2007,6.720489979,91,,,,112.7677231,86.04959869,
Bolivia,BOL,2008,6.723020077,91,,,,111.6500626,85.36837769,
Bolivia,BOL,2009,7.574860096,91,,,,108.0312424,83.75238037,
Bolivia,BOL,2010,6.973790169,,97.47084045,,,105.4876785,88.95220184,
Bolivia,BOL,2011,6.450560093,92,97.37016296,,,101.7126236,86.17041779,
Bolivia,BOL,2012,6.627999783,94,98.22054291,,,99.22590637,88.13652802,
Bolivia,BOL,2013,6.803219795,,95.51280975,16.44289,20.81323,97.71575928,89.92642212,
Bolivia,BOL,2014,7.478129864,,91.71405792,16.75972,20.41025,96.23605347,90.59773254,
Bolivia,BOL,2015,8.143429756,92,89.52144623,16.99771,20.39699,95.82939148,91.79682159,
Bolivia,BOL,2016,8.15060997,,90.05542755,17.20856,19.609,96.19377136,91.86393738,
Bolivia,BOL,2017,8.097240448,,91.36071014,17.58897,18.90098,97.05889893,90.684021,
Bolivia,BOL,2018,8.015870094,,94.17327881,17.79827,18.49627,97.71598816,90.00900269,
Bolivia,BOL,2019,8.091039658,,90.82820892,,,98.23863983,90.06549072,
Bolivia,BOL,2020,8.437109947,94,92.11218262,,,98.69728851,90.00482941,
Bolivia,BOL,2021,7.962150097,,,,,98.85656738,91.49610901,
Bolivia,BOL,2022,7.575500011,,96.54411316,,,99.59864807,91.46736908,
Bolivia,BOL,2023,,,96.20259094,,,98.93453979,92.40052032,
Bosnia and Herzegovina,BIH,2000,,97,,,,,,15.81035042
Bosnia and Herzegovina,BIH,2001,,,,,,,,17.20630074
Bosnia and Herzegovina,BIH,2002,,,,,,,,17.40880966
Bosnia and Herzegovina,BIH,2003,,,,,,,,19.21743965
Bosnia and Herzegovina,BIH,2004,,,,,,,,21.41006088
Bosnia and Herzegovina,BIH,2005,,,,,,,,24.66474915
Bosnia and Herzegovina,BIH,2006,,,,,,,,27.6716404
Bosnia and Herzegovina,BIH,2007,,,,,,110.1464386,81.03553009,31.39005089
Bosnia and Herzegovina,BIH,2008,,,,,,107.4454727,85.06791687,34.59167862
Bosnia and Herzegovina,BIH,2009,,,,,,108.2445602,86.3446579,36.37216187
Bosnia and Herzegovina,BIH,2010,,,72.03115845,,,88.5761795,83.71724701,37.24497986
Bosnia and Herzegovina,BIH,2011,,98.14203644,77.86379242,,,88.97000885,84.51416016,39.77563095
Bosnia and Herzegovina,BIH,2012,,,77.25971985,,,89.0230484,85.37612915,41.87559128
Bosnia and Herzegovina,BIH,2013,,97,76.28125,17.09921,11.12966,88.87091064,84.7301178,47.26282883
Bosnia and Herzegovina,BIH,2014,3.314739704,,84.51165009,16.82054,10.64639,89.467659,84.60134125,48.98524857
Bosnia and Herzegovina,BIH,2015,3.018112898,,91.67944336,17.16401,10.14673,91.17048645,83.06999969,48.62343979
Bosnia and Herzegovina,BIH,2016,4.264510155,,90.84964752,17.28654,9.73102,90.99767303,82.96060181,48.66814041
Bosnia and Herzegovina,BIH,2017,2.83868432,,90.49909973,17.19917,9.34286,91.38408661,84.27436066,46.41592026
Bosnia and Herzegovina,BIH,2018,3.892970085,,88.45281982,16.92651,9.1229,90.63767242,86.10269165,43.15710831
Bosnia and Herzegovina,BIH,2019,4.044499874,,91.37007904,,,90.16313171,85.81581116,41.59703827
Bosnia and Herzegovina,BIH,2020,3.019540787,,90.19138336,,,88.8544693,85.29924011,40.88134003
Bosnia and Herzegovina,BIH,2021,4.136229992,,88.82295227,,,88.24478149,84.969841,43.57767868
Bosnia and Herzegovina,BIH,2022,,98.30000305,87.01071167,,,87.82221985,85.29151917,44.63267136
Bosnia and Herzegovina,BIH,2023,,,86.35677338,,,87.23724365,84.29115295,44.98439026
Botswana,BWA,1999,,,88.11553192,26.98536,16.65829,103.2971191,73.39482117,6.025730133
Botswana,BWA,2000,,,87.93295288,26.72295,16.40179,103.396019,74.59010315,6.765570164
Botswana,BWA,2001,,,90.70076752,26.63306,15.72677,104.5444717,73.78363037,7.306890011
Botswana,BWA,2002,,,92.43105316,26.40132,15.23473,104.7629166,74.26954651,7.639070034
Botswana,BWA,2003,,81,92.71479034,26.059,14.83252,105.0129471,74.74694061,8.873539925
Botswana,BWA,2004,,,92.66902924,25.84666,13.82745,104.9621124,76.26603699,9.357620239
Botswana,BWA,2005,10.67858982,,91.55819702,25.55037,13.77713,105.3529205,77.11647034,9.044219971
Botswana,BWA,2006,,,94.15428162,25.39325,13.87902,105.8669205,78.85336304,9.877719879
Botswana,BWA,2007,9.04666996,,90.65860748,25.22265,13.82065,104.8535538,79.32858276,10.02007961
Botswana,BWA,2008,,,93.41332245,25.08494,,104.2996979,74.57981873,13.93937969
Botswana,BWA,2009,9.825300217,,96.55541992,25.51489,,104.5849533,,21.40348053
Botswana,BWA,2010,,,,,,,,18.96071053
Botswana,BWA,2011,10.82655334,,,,,,,16.94067001
Botswana,BWA,2012,8.109872818,,96.50315094,23.41584,,101.3336954,,20.83914948
Botswana,BWA,2013,8.017206192,86.82318115,95.22512054,22.61822,,100.5648297,,25.63145065
Botswana,BWA,2014,7.88874197,,81.83898926,22.41447,,97.76047133,,24.6215992
Botswana,BWA,2015,8.394579887,,,23.71279,,97.9927597,,27.16739082
Botswana,BWA,2016,8.73589325,,,,,,,23.28824997
Botswana,BWA,2017,7.809244633,,,,,,,22.4400692
Botswana,BWA,2018,7.905385971,,,,,,,
Botswana,BWA,2019,8.398996353,,,,,,,22.97429085
Botswana,BWA,2020,8.058336258,,,,,,,24.01279068
Botswana,BWA,2021,,,,,,93.7229538,70.01838684,22.90464973
Botswana,BWA,2022,,,90.96438599,,,96.92569455,,22.37685013
Botswana,BWA,2023,,,,,,,,21.79083443
Brazil,BRA,1999,3.800620079,,,25.94511,,148.7129517,,14.69579983
Brazil,BRA,2000,3.948930025,86,,24.79699,,,,
Brazil,BRA,2001,3.844680071,,,22.97087,,,,
Brazil,BRA,2002,3.750370026,,,22.35331,19.12073,,,
Brazil,BRA,2003,,,,21.56753,16.73021,,,
Brazil,BRA,2004,3.974479914,89,,21.38676,16.01712,,,
Brazil,BRA,2005,4.4790802,,,21.04365,15.42777,,,
Brazil,BRA,2006,4.870600224,90,,,,,,
Brazil,BRA,2007,4.974259853,90,,23.85828,18.55159,,,
Brazil,BRA,2008,5.268839836,90,,23.02467,17.19542,,,
Brazil,BRA,2009,5.463550091,90,,22.64411,17.13865,,,
Brazil,BRA,2010,5.648799896,90,,22.16609,16.66361,,,
Brazil,BRA,2011,5.737410069,91,,21.28507,16.34985,,,
Brazil,BRA,2012,5.855100155,91,,20.51712,15.97387,104.7822266,94.32097626,43.23085022
Brazil,BRA,2013,5.838850021,91,,21.22749,17.26308,109.945137,103.9176788,44.33937073
Brazil,BRA,2014,5.948480129,92,,20.91814,16.69174,110.3164597,102.6355286,47.1568718
Brazil,BRA,2015,6.24105978,92,,20.58529,16.45139,109.1521835,100.920517,48.43404007
Brazil,BRA,2016,6.314040184,93,,20.31899,16.60114,108.757843,102.5695114,48.33333969
Brazil,BRA,2017,6.32047987,93,,20.22308,16.72391,109.8085098,103.0159607,50.02674866
Brazil,BRA,2018,6.088510036,93,,,,108.623291,105.0070724,51.19168854
Brazil,BRA,2019,5.963469982,,,,,107.4074707,103.9532776,52.62406158
Brazil,BRA,2020,5.771500111,,,,,105.4981995,104.1259995,54.57279968
Brazil,BRA,2021,5.49698019,,,,,103.4716797,106.6519012,56.83061981
Brazil,BRA,2022,,94.69000244,,,,103.9703217,106.031189,60.39062119
British Virgin Islands,VGB,1999,,,,18.01961,7.22967,114.1614914,98.82276154,58.50991058
British Virgin Islands,VGB,2000,,,109.2485504,16.96951,10.22297,112.0370407,96.49234772,50.36938095
British Virgin Islands,VGB,2001,2.904769897,,,16.61677,10.41333,108.8235321,96.00492096,44.45183182
British Virgin Islands,VGB,2002,,,108.4269714,16.73214,9.59639,109.0803299,93.9822998,48.31103134
British Virgin Islands,VGB,2003,,,98.07691956,13.83085,9.60588,107.3773727,94.61181641,
British Virgin Islands,VGB,2004,,,106.8493195,13.91133,9.27717,108.4485397,97.54286194,65.81691742
British Virgin Islands,VGB,2005,3.046329975,,102.1798401,14.93814,9.27094,110.1063766,106.5685196,
British Virgin Islands,VGB,2006,3.514800072,,102.6954193,15.06701,9.65025,109.2710266,110.5530472,
British Virgin Islands,VGB,2007,3.043669939,,89.70189667,14.15814,8.61435,113.0757828,107.7397614,
British Virgin Islands,VGB,2009,3.241650105,,81.38957977,13.48276,8.70852,112.6801224,105.4288788,71.02639008
British Virgin Islands,VGB,2010,3.487010002,,93.93203735,13.22727,8.70815,111.8058014,106.6211166,
British Virgin Islands,VGB,2011,,,88.22115326,11.93156,8.04603,109.03405,98.41351318,
British Virgin Islands,VGB,2012,3.565696001,,93.1603775,,,108.2079315,98.1425705,
British Virgin Islands,VGB,2013,4.469325542,,102.7160492,,,108.1895065,96.53320313,
British Virgin Islands,VGB,2014,4.018388271,,93.41771698,11.74552,7.70155,107.9380798,96.45630646,
British Virgin Islands,VGB,2015,4.704500198,,105.2109222,11.74126,8.0757,109.9541626,99.16829681,43.11782837
British Virgin Islands,VGB,2016,3.261056423,,92.07459259,10.53822,7.45055,111.3766403,100,42.35652924
British Virgin Islands,VGB,2017,2.457089901,,90.76576996,11.61672,8.70656,116.2077408,91.70394135,
British Virgin Islands,VGB,2018,2.425559998,,73.13770294,,,92.80734253,,17.11755943
British Virgin Islands,VGB,2019,2.500969887,,69.11447144,,,106.6718369,,26.0911293
British Virgin Islands,VGB,2020,2.705389977,,74.23934937,,,111.2704926,,32.4414711
British Virgin Islands,VGB,2021,2.86991334,,,,,122.0945587,84.10372162,32.70713043
British Virgin Islands,VGB,2022,2.484019995,,,,,101.1814728,82.61032104,31.35634041
British Virgin Islands,VGB,2023,,,,,,,,29.42021942
Brunei Darussalam,BRN,1999,4.932050228,,99.24430084,13.96313,11.01632,102.0282288,68.66111755,12.76134014
Brunei Darussalam,BRN,2000,3.705909967,,100.130722,13.66667,10.85358,101.9319229,67.8662262,13.08417034
Brunei Darussalam,BRN,2001,,93,107.5531464,13.63795,10.95232,100.767868,69.64823914,13.97023964
Brunei Darussalam,BRN,2002,,,106.6084595,12.69287,11.20533,102.5897675,71.91152954,13.07991028
Brunei Darussalam,BRN,2003,,,111.891449,12.24954,10.63001,106.5336609,74.10658264,12.83129978
Brunei Darussalam,BRN,2004,,,106.0217667,10.88013,10.19265,107.6498184,78.32927704,13.33026028
Brunei Darussalam,BRN,2005,,,103.549057,10.11697,10.09195,107.5348206,82.25286865,13.18511009
Brunei Darussalam,BRN,2006,,,104.7165909,12.51317,10.78425,108.0309372,87.09358978,13.06254005
Brunei Darussalam,BRN,2007,,,105.2786331,12.67144,10.80323,107.8673782,88.99275208,13.33804989
Brunei Darussalam,BRN,2008,,,104.8887024,12.55216,10.54877,106.2289581,91.63420868,14.04769993
Brunei Darussalam,BRN,2009,,,103.7682037,11.94999,10.45838,105.5839081,95.49125671,15.31420994
Brunei Darussalam,BRN,2010,2.046610117,,108.2061615,11.34882,,104.9688999,97.91603851,14.62870979
Brunei Darussalam,BRN,2011,3.322099924,96,110.1057053,11.33566,9.93749,103.9563014,101.3029175,17.10199928
Brunei Darussalam,BRN,2012,2.889590025,,104.0206604,10.58767,10.09168,103.4029894,106.5197525,22.14135933
Brunei Darussalam,BRN,2013,,,103.9221268,10.15195,9.75452,103.3593635,105.0645828,24.01582909
Brunei Darussalam,BRN,2014,3.353189945,,97.84606171,10.25924,9.14518,102.2298542,99.62799072,31.53484917
Brunei Darussalam,BRN,2015,,,99.82435608,10.01661,8.83654,101.6660375,96.33609009,30.81328964
Brunei Darussalam,BRN,2016,4.425409794,,104.2445068,10.19678,8.56453,102.4504468,93.40859985,31.51206017
Brunei Darussalam,BRN,2017,,,103.2672806,10.18252,8.71672,100.1137369,91.6632309,34.91167068
Brunei Darussalam,BRN,2018,,,102.3255844,9.89521,8.26843,99.00005025,91.49577332,31.53529358
Brunei Darussalam,BRN,2019,,,94.32045746,,,97.61413111,89.64858246,31.39821815
Brunei Darussalam,BRN,2020,,,100.3528671,,,97.53031757,86.95726277,32.69832993
Brunei Darussalam,BRN,2021,,97.58999634,,,,96.2353285,89.12289769,30.21812248
Brunei Darussalam,BRN,2022,,,,,,94.56248185,88.37986161,33.51196289
Brunei Darussalam,BRN,2023,,,96.19145203,,,93.48573643,88.82811313,38.27321625
Bulgaria,BGR,1999,,,96.10832214,17.91437,12.50347,105.1370087,79.27642822,44.08340836
Bulgaria,BGR,2000,4.219832897,,95.82306671,16.82985,11.85532,104.7046738,79.8759079,42.33982849
Bulgaria,BGR,2001,3.384239912,98,101.2931976,17.69108,12.16587,105.3392563,80.94407654,41.04077911
Bulgaria,BGR,2002,3.386080027,,101.9969788,16.81736,12.07715,109.6469879,83.981987,41.42900848
Bulgaria,BGR,2003,3.998450041,,102.7325287,17.13133,12.30837,111.6944885,88.11878204,42.85361099
Bulgaria,BGR,2004,4.249889851,,103.7446823,16.74773,12.23208,111.7512283,90.53427124,43.69356918
Bulgaria,BGR,2005,4.108799934,,104.9442596,16.22654,11.97562,110.920433,91.36676788,46.22526932
Bulgaria,BGR,2006,3.903460026,,107.9726334,15.71211,11.74476,108.8231888,92.41201019,47.79483032
Bulgaria,BGR,2007,3.680340052,,104.0666733,15.93711,11.55461,106.1049728,93.15415955,51.24034119
Bulgaria,BGR,2008,4.219089985,,103.5760422,16.07127,11.47623,104.1575623,92.38407135,52.6504097
Bulgaria,BGR,2009,4.274290085,,100.6114731,17.3139,11.98892,102.0619125,92.52137756,55.00836945
Bulgaria,BGR,2010,3.857460022,,99.79350281,17.49009,12.08112,101.4006195,94.18192291,58.35485077
Bulgaria,BGR,2011,3.546900034,98,99.96659088,17.46208,12.29774,101.1202698,96.43612671,59.82468033
Bulgaria,BGR,2012,3.476500034,,99.52725983,17.41818,12.32203,100.3630829,95.39035034,62.16165161
Bulgaria,BGR,2013,4.057660103,,100.7995605,17.63101,13.04041,98.79118347,100.7858124,68.20133972
Bulgaria,BGR,2014,4.070053101,,98.97753906,17.73363,13.2295,99.2496109,104.9421997,72.98155975
Bulgaria,BGR,2015,3.912084341,,99.57666016,,,99.12722015,103.8893433,78.29995728
Bulgaria,BGR,2016,3.393708229,,98.1427536,17.61018,12.63651,98.0771637,103.0039215,80.63996124
Bulgaria,BGR,2017,4.077559948,,98.9449234,15.20744,,97.59429932,103.4610214,81.22458649
Bulgaria,BGR,2018,4.047090054,,97.03788757,,,96.79232025,104.0439224,83.13488007
Bulgaria,BGR,2019,4.199029922,,97.12626648,,,96.43988037,102.6569366,84.75031281
Bulgaria,BGR,2020,4.505139828,,97.70036316,,,96.54376221,101.3549423,85.53311157
Bulgaria,BGR,2021,4.73032999,98.41999817,94.2598114,,,95.61109924,98.70876312,85.30175018
Bulgaria,BGR,2022,,,95.71391296,,,95.88851929,96.67207336,84.12935638
Burkina Faso,BFA,1999,,,21.97524071,49.00318,27.86887,42.1652298,9.370789528,0.991050005
Burkina Faso,BFA,2000,,,23.89505005,48.8764,,43.09059143,9.925519943,
Burkina Faso,BFA,2001,,,25.29268074,47.4189,,44.6176796,10.10219955,1.122230053
Burkina Faso,BFA,2002,,,26.13739014,45.37812,,45.40055847,,1.351220012
Burkina Faso,BFA,2003,,22,27.75715065,44.65893,31.34198,47.7917099,11.34475994,1.51733005
Burkina Faso,BFA,2004,,,29.14179993,48.69293,,52.43136978,12.43412018,
Burkina Faso,BFA,2005,3.941139936,24,30.66258049,47.17637,,56.95592117,13.44847012,2.160830021
Burkina Faso,BFA,2006,3.982189894,22,31.96088028,45.83142,29.60091,60.65650177,14.23978996,2.274600029
Burkina Faso,BFA,2007,4.07983017,28,34.06851959,47.65745,28.19459,66.19429779,15.36944962,2.420680046
Burkina Faso,BFA,2008,,,37.81560135,48.92155,30.33107,71.74661255,18.09885025,2.944710016
Burkina Faso,BFA,2009,,,42.72518921,48.90026,25.62369,76.24575806,19.54380035,3.281110048
Burkina Faso,BFA,2010,3.502229929,,46.25011063,52.39988,30.25804,76.89656067,21.28375053,3.367259979
Burkina Faso,BFA,2011,3.985150099,,52.7853508,52.68641,26.48814,80.19606781,23.28587914,3.943500042
Burkina Faso,BFA,2012,3.603159904,,56.28002167,48.23903,26.33301,82.41477203,25.34852028,4.367239952
Burkina Faso,BFA,2013,4.083439827,,61.34185028,46.09623,26.90824,83.68414307,27.7329998,4.602379799
Burkina Faso,BFA,2014,4.053299904,35,59.98091125,44.49899,27.08945,84.897789,29.73262978,4.922639847
Burkina Faso,BFA,2015,3.67008996,,60.71788025,42.17715,25.19571,85.44702911,33.09024811,4.926290035
Burkina Faso,BFA,2016,,,60.30908966,41.54927,23.38275,87.64746857,35.15084839,5.426300049
Burkina Faso,BFA,2017,5.628469944,,61.64514923,40.68126,23.33086,89.73152161,37.37361145,5.856659889
Burkina Faso,BFA,2018,5.488609791,39,62.8463707,39.72173,23.11995,91.72036743,39.82088852,6.346660137
Burkina Faso,BFA,2019,5.407136917,30,61.82112885,,,89.95511627,40.27325821,6.93696022
Burkina Faso,BFA,2020,5.150865078,,62.045681,,,87.847229,39.42958069,7.683710098
Burkina Faso,BFA,2021,5.224015236,36.96738052,63.84238052,,,87.12499237,38.28987122,9.36093998
Burkina Faso,BFA,2022,5.276512146,34.49000168,58.38370132,,,82.35679626,33.72491074,9.730079651
Burkina Faso,BFA,2023,,,51.7338295,,,72.32357025,30.93037987,10.16891003
Burundi,BDI,1999,3.417449951,,,55.41274,,58.63824844,,0.948809981
Burundi,BDI,2000,2.645479918,59,25.13644981,55.35975,,60.71974182,,1.091120005
Burundi,BDI,2001,2.903909922,,25.93176079,50.19719,,63.52111816,9.63891983,1.064659953
Burundi,BDI,2002,3.004930019,,26.35803032,49.07639,,70.45056915,10.15573025,1.650490046
Burundi,BDI,2003,,,30.94634056,49.90569,18.84814,76.18115997,10.49339008,
Burundi,BDI,2004,3.74496007,,33.35280991,51.24546,21.21669,81.46591949,12.08378029,2.15647006
Burundi,BDI,2005,3.632159948,,35.81554031,48.70398,22.82075,86.93282318,13.28458023,2.186569929
Burundi,BDI,2006,,,,54.18522,28.40414,110.7817001,14.68443012,2.215150118
Burundi,BDI,2007,,,49.24266052,51.99833,27.98893,124.0062485,15.71732044,2.315710068
Burundi,BDI,2008,5.192900181,48,42.90869141,,,127.552742,,2.551769972
Burundi,BDI,2009,6.171949863,,49.54792023,51.36121,26.52189,135.5126648,21.44186974,2.736040115
Burundi,BDI,2010,6.678016663,,54.75466919,50.6021,29.94031,139.4671173,24.39565086,3.121239901
Burundi,BDI,2011,6.240096092,,59.59209061,48.31143,29.38317,140.3721771,27.53421021,
Burundi,BDI,2012,6.034728527,,64.55486298,47.10468,29.70914,135.6099243,30.41756058,3.842118502
Burundi,BDI,2013,5.995399952,,71.30126953,45.00022,31.66009,130.2194977,35.21596146,4.628642559
Burundi,BDI,2014,7.516379833,62,69.08946991,43.65376,37.21738,125.4044724,41.4826889,3.861629009
Burundi,BDI,2015,7.102909565,,62.09434128,43.22109,35.79281,120.0362625,45.28647995,5.39195776
Burundi,BDI,2016,4.96585083,65.68773651,64.03182983,49.66066,32.13206,116.1941833,48.99528122,4.090067863
Burundi,BDI,2017,5.009188652,68,63.27708817,49.61434,28.02967,111.1185837,49.80751038,4.437208652
Burundi,BDI,2018,5.413527489,,57.22309113,42.52383,26.59842,107.7252197,47.8539505,4.698548317
Burundi,BDI,2019,5.346684456,,53.33037949,,,104.9380188,43.20808029,4.200489998
Burundi,BDI,2020,5.321585178,,49.19591904,,,105.1580963,46.39147186,5.223710537
Burundi,BDI,2021,4.871141911,,,,,,,6.286772251
Burundi,BDI,2022,4.821047306,75.54000092,,,,,,
Burundi,BDI,2023,,,,,,,,6.222040176
Cabo Verde,CPV,1999,6.801680088,,,28.66264,,118.9287491,,1.390120029
Cabo Verde,CPV,2000,,76.11044312,101.4991837,28.72602,,116.8707275,62.30059052,1.586359978
Cabo Verde,CPV,2001,,,96.56598663,28.20162,23.72641,115.6579819,61.85617828,1.387040019
Cabo Verde,CPV,2002,7.876820087,,97.72621155,28.77571,24.49286,114.8482132,65.91545105,3.432909966
Cabo Verde,CPV,2003,,,98.11525726,27.931,23.68341,112.9973373,67.39521027,4.141119957
Cabo Verde,CPV,2004,7.476640224,,95.29720306,26.86589,22.70406,110.6608124,67.23017883,5.602920055
Cabo Verde,CPV,2005,,,80.7247467,26.01411,23.50335,109.5439224,70.5629425,7.119319916
Cabo Verde,CPV,2006,6.529600143,,92.29036713,25.36885,26.01143,109.634079,81.75602722,8.200900078
Cabo Verde,CPV,2007,4.959819794,,87.89707947,24.85836,19.02441,108.7030334,80.43589783,9.363050461
Cabo Verde,CPV,2008,5.034649849,,95.3664093,24.36111,18.24521,108.3438568,81.92308807,11.61629963
Cabo Verde,CPV,2009,4.865869999,,92.03652191,23.94141,18.21613,107.6443481,81.0220871,14.56443977
Cabo Verde,CPV,2010,5.076580048,,95.21382141,23.64041,17.51193,107.2474289,83.46911621,17.20664024
Cabo Verde,CPV,2011,4.597849846,,89.55690765,23.25538,17.21693,105.8033829,85.58027649,19.6212101
Cabo Verde,CPV,2012,5.397695541,85,91.99217224,22.97124,16.7948,105.1732407,86.70752716,19.39673042
Cabo Verde,CPV,2013,4.561570168,,89.68966675,22.92555,17.19012,105.5316696,89.00969696,21.27923012
Cabo Verde,CPV,2014,4.521349907,,93.9052124,22.60472,16.04694,104.337059,87.44262695,21.79011917
Cabo Verde,CPV,2015,4.806220055,87,94.85301208,21.94779,16.40755,101.8180695,87.53730774,20.57601929
Cabo Verde,CPV,2016,4.754759789,,89.90071106,21.4778,16.00499,99.75187683,87.70491028,21.05702019
Cabo Verde,CPV,2017,4.592780113,,83.49143982,21.08156,15.62939,98.24317169,87.0911026,21.16415024
Cabo Verde,CPV,2018,4.787922859,,81.75383759,21.07361,15.42052,98.64325714,83.2423172,20.21744919
Cabo Verde,CPV,2019,4.165299892,,93.75691986,,,96.98941803,84.10881042,
Cabo Verde,CPV,2020,,,85.51049042,,,95.99919128,87.30780792,
Cabo Verde,CPV,2021,6.037500858,,87.52124023,,,96.40209961,86.49130249,
Cabo Verde,CPV,2022,4.672885418,91,,,,,,
Cambodia,KHM,1999,,,43.10781097,47.76229,17.60297,105.3011703,17.79261017,
Cambodia,KHM,2000,1.666810036,,,50.12283,18.46332,110.8108292,19.07435036,2.314399958
Cambodia,KHM,2001,1.722219944,,53.8356514,52.94991,19.56403,119.9769974,20.96726036,2.293250084
Cambodia,KHM,2002,1.711210012,,62.42013168,56.28967,21.62281,135.5337982,24.69613075,2.55727005
Cambodia,KHM,2003,,,69.4156723,56.23746,23.58824,140.37117,28.7237606,3.168679953
Cambodia,KHM,2004,1.719820023,74,82.80174255,55.05284,,144.7325439,31.98047066,3.183069944
Cambodia,KHM,2005,,,94.01184845,53.21143,,143.901825,,3.830430031
Cambodia,KHM,2006,,,97.86267853,50.42275,29.98881,140.7799225,40.74510956,6.198919773
Cambodia,KHM,2007,1.599300027,,99.09105682,50.8791,28.92194,137.844223,43.9667511,7.514669895
Cambodia,KHM,2008,,77,96.70278931,48.53713,,131.5634613,47.02080917,8.699990273
Cambodia,KHM,2009,1.665680051,76,99.24437714,49.07538,,128.5722046,,10.57789993
Cambodia,KHM,2010,1.533789992,,89.7768631,48.44957,,125.4973297,,12.31179047
Cambodia,KHM,2011,1.510689974,,89.66569519,47.29163,,120.7265659,,14.14043045
Cambodia,KHM,2012,1.414414525,,95.93907928,45.72134,,120.336937,,
Cambodia,KHM,2013,1.482026219,,94.20483398,46.92711,,121.0203934,,
Cambodia,KHM,2014,1.566736341,78,93.98571777,44.63494,,114.5561676,,
Cambodia,KHM,2015,1.703461528,81,92.15255737,45.52116,,116.105629,,14.64577007
Cambodia,KHM,2016,1.870819092,,89.53253174,42.53404,,111.1295013,,
Cambodia,KHM,2017,2.096460581,,88.36894989,41.66267,,110.5145874,49.15361932,15.07355022
Cambodia,KHM,2018,2.447859287,,88.37111664,41.7035,,111.5743484,51.36831978,15.71331024
Cambodia,KHM,2019,2.825654745,,91.98020935,,,111.4984818,52.30810599,16.83539963
Cambodia,KHM,2020,3.002350092,,94.90927887,,,111.0093613,54.83575058,14.44093132
Cambodia,KHM,2021,3.011626482,71.92725372,94.65776062,,,108.7377487,57.95988469,13.8764019
Cambodia,KHM,2022,2.883492708,83.77999878,90.70025635,,,109.9590791,58.74240327,14.99855042
Cambodia,KHM,2023,2.951152325,,89.88061523,,,111.392143,60.06142521,17.96814537
Cameroon,CMR,1999,,,49.12379074,51.86201,22.80578,84.31291962,26.54377937,4.945489883
Cameroon,CMR,2000,1.702849984,68,50.38573074,,23.61911,86.59738159,27.97616005,4.682300091
Cameroon,CMR,2001,2.297339916,,,62.72134,19.57891,102.0598679,32.95298004,4.698130131
Cameroon,CMR,2002,,,,60.80479,,102.1468735,28.74719048,5.123419762
Cameroon,CMR,2003,2.822590113,,57.11983109,57.0638,,102.5155182,30.28797913,5.171199799
Cameroon,CMR,2004,2.795300007,,59.1431694,53.90314,16.44847,107.3568878,26.92939949,5.163410187
Cameroon,CMR,2005,2.65651989,,,47.8128,16.17013,105.3952713,27.4130497,5.950940132
Cameroon,CMR,2006,2.539910078,,51.45177841,44.69425,16.17031,103.8931122,23.88817024,6.957220078
Cameroon,CMR,2007,2.87816,71,54.83156967,44.43054,21.89841,105.7493591,32.74295044,7.42952013
Cameroon,CMR,2008,2.498270035,,71.2364502,46.03527,26.3006,105.91539,37.06010056,8.045260429
Cameroon,CMR,2009,2.907900095,,71.06762695,46.31569,,107.8100204,40.92974091,9.20979023
Cameroon,CMR,2010,2.84803009,71,72.62217712,45.79474,,109.497612,44.0395082,11.33071995
Cameroon,CMR,2011,2.653369904,,71.02845764,45.43773,24.12545,108.3209763,48.97040939,12.24822998
Cameroon,CMR,2012,2.603060007,,75.06964874,45.56349,21.43342,112.7835388,52.17362976,13.25590038
Cameroon,CMR,2013,2.655479908,,,,19.57763,,53.98152161,15.44633007
Cameroon,CMR,2014,2.583960056,,73.67424011,44.19526,20.4254,113.9956131,58.17964935,16.41353035
Cameroon,CMR,2015,2.657919884,,74.51306152,41.46571,19.86712,116.5681076,59.55471039,16.95646095
Cameroon,CMR,2016,2.562340021,,73.38137054,42.73541,19.25706,116.0836792,60.46559143,12.4593401
Cameroon,CMR,2017,3.059629917,,68.21257019,44.61321,,110.1458435,50.63700929,12.74726963
Cameroon,CMR,2018,3.030960083,72.54712677,64.43177032,44.83412,,103.1733627,46.47294762,14.3037796
Cameroon,CMR,2019,3.047399521,,65.44235992,,,105.4506302,44.42285398,14.84403992
Cameroon,CMR,2020,3.103901386,78.23000336,66.45768738,,,107.2646633,45.25902871,15.31626034
Cameroon,CMR,2021,2.827640772,,68.73432159,,,108.442749,45.0281105,16.90509033
Cameroon,CMR,2022,2.617684364,,69.43473816,,,110.7155075,45.14366913,16.18985939
Cameroon,CMR,2023,,,71.08055878,,,112.6423264,44.38957977,15.79195976
Canada,CAN,1999,5.530799866,,97.44528961,17.25853,,98.7014389,101.8594971,59.6460495
Canada,CAN,2000,5.423319817,,98.26299286,17.41596,,99.41776276,101.9927368,58.51911926
Canada,CAN,2001,4.953030109,,,,,,,
Canada,CAN,2002,4.993080139,,,,,,,58.41500092
Canada,CAN,2004,,,,,,99.41900635,,
Canada,CAN,2005,4.765880108,,,,,98.57967377,100.2578964,
Canada,CAN,2006,,,,,,99.76029205,100.439888,
Canada,CAN,2007,4.766409874,,,,,99.53569794,101.2668076,63.82582855
Canada,CAN,2008,4.62612009,,,,,98.59528351,102.2662277,64.29955292
Canada,CAN,2009,4.840579987,,,,,99.5911026,102.9637909,63.61417007
Canada,CAN,2010,5.356369972,,,,,99.12026978,102.4962234,61.87625885
Canada,CAN,2011,5.262050152,,,,,98.55587006,102.8179779,63.1548996
Canada,CAN,2012,4.692587376,,,,,99.44071198,110.9018021,63.61875916
Canada,CAN,2013,4.589009762,,,,,99.35105896,111.519577,65.77429962
Canada,CAN,2014,4.843589783,,,,,99.49904633,111.8559113,67.2278595
Canada,CAN,2015,4.739379883,,,,,99.84114075,111.9304504,67.40316772
Canada,CAN,2016,4.816420078,,,,,98.54702759,111.7702866,69.50685883
Canada,CAN,2017,4.959969997,,,,,98.77420807,111.8021011,70.62715912
Canada,CAN,2018,4.888979912,,,,,99.02101898,111.4529724,69.57759857
Canada,CAN,2019,4.772930145,,,,,97.78842926,110.8582993,72.81506348
Canada,CAN,2020,4.887949944,,,,,97.73841858,110.079071,74.15714264
Canada,CAN,2021,4.748600006,,,,,96.29308319,109.3343124,77.80229187
Canada,CAN,2022,4.139571667,,,,,96.01157379,108.6132202,77.31375885
Caribbean small states,CSS,1999,,88.38037872,88.52897644,24.00699,18.17007,97.22499847,79.09378815,10.02369022
Caribbean small states,CSS,2000,,88.67469025,87.35923767,23.79471,17.95788,98.12375641,79.94515228,12.28124046
Caribbean small states,CSS,2001,,88.9420166,83.45030975,23.56955,17.9854,97.53064728,81.05301666,13.24116993
Caribbean small states,CSS,2002,,89.18743134,86.65614319,23.35398,17.92169,96.51612091,81.23832703,14.23087025
Caribbean small states,CSS,2003,,89.41989136,85.58763123,22.87747,18.0379,97.08759308,81.35755157,15.08302975
Caribbean small states,CSS,2004,,89.63707733,87.32051086,22.35183,17.57752,98.65045166,83.84062958,16.23197937
Caribbean small states,CSS,2005,,89.89797974,88.6170578,21.8851,17.55284,98.81416321,83.78134918,15.72379017
Caribbean small states,CSS,2006,,90.05967712,89.68876648,21.08771,17.70684,99.00151825,85.00595093,15.82376957
Caribbean small states,CSS,2007,,90.61286926,89.19615173,20.09265,17.85104,98.89302063,86.25804901,17.11034012
Caribbean small states,CSS,2008,,90.83847046,89.00698853,20.51481,17.03913,101.8409271,87.23072815,18.64842033
Caribbean small states,CSS,2009,,,89.50695801,19.8795,16.11808,102.1040726,88.38600922,19.24490929
Caribbean small states,CSS,2010,,,90.49459076,19.36811,15.33728,100.9523621,88.86553955,20.75205994
Caribbean small states,CSS,2011,,,91.55552673,19.60888,16.23626,101.6683197,90.11286163,20.8052597
Caribbean small states,CSS,2012,,,98.47685242,19.33275,16.41118,101.4792709,89.27523041,22.21904945
Caribbean small states,CSS,2013,,,95.52639771,18.73138,15.81603,100.2198334,87.70319366,21.7770195
Caribbean small states,CSS,2014,,,93.68589783,18.60026,15.70085,98.93901062,87.75595856,22.16459084
Caribbean small states,CSS,2015,,,92.03926849,18.62125,15.36799,98.67449951,86.76841736,22.3489399
Caribbean small states,CSS,2016,,,90.79164886,18.51757,15.84117,98.14526367,88.7898407,22.47924995
Caribbean small states,CSS,2017,,,90.69264221,18.22539,14.74658,97.97518158,87.49059296,
Caribbean small states,CSS,2018,,,89.01576996,18.92805,15.1103,98.52789307,86.47853088,
Caribbean small states,CSS,2019,,,90.39315796,,,97.30307007,86.94824219,
Caribbean small states,CSS,2020,,,87.4048233,,,96.68359375,84.77539825,
Caribbean small states,CSS,2021,,,88.19442749,,,95.4140625,84.40028381,
Caribbean small states,CSS,2022,,,87.72193146,,,94.7589035,84.00798035,
Caribbean small states,CSS,2023,,,86.83087158,,,92.0170517,84.92903137,
Cayman Islands,CYM,1999,,,99.7742691,15.45933,9.07595,106.1781082,89.40149689,15.65907001
Cayman Islands,CYM,2000,,,101.8867874,14.49367,9.29365,108.0188675,93.12126923,20.89843941
Cayman Islands,CYM,2001,,,105.335968,15.16667,9.77824,108.3333282,85.51042938,21.64464951
Cayman Islands,CYM,2002,,,105.3803329,14.9125,10.1342,107.2198868,80.9474411,19.24109077
Cayman Islands,CYM,2003,,,,,,,,19.78799057
Cayman Islands,CYM,2004,,,96.64903259,13.39044,11.30126,99.55568695,87.10093689,
Cayman Islands,CYM,2005,,,97.86096191,12.80632,10.26909,95.46257782,88.13983154,
Cayman Islands,CYM,2006,,,98.02158356,12.1014,9.17405,99.33984375,88.1155014,19.35153961
Cayman Islands,CYM,2007,,99,99.12586975,11.06269,,103.0876236,90.20078278,21.89576912
Cayman Islands,CYM,2008,,,100,12.09061,8.85873,101.8816528,94.55943298,32.87670898
Cayman Islands,CYM,2010,,,,,,102.8503563,,43.12658691
Cayman Islands,CYM,2011,,,104.6656265,12.07576,8.94215,103.4796219,92.00679779,39.36133194
Cayman Islands,CYM,2012,,,107.1875,13.31023,5.27476,104.2118912,89.00270081,35.36085892
Cayman Islands,CYM,2013,,,107.9207916,13.0363,,101.2560883,88.73461151,33.76508713
Cayman Islands,CYM,2014,,,,,,104.3401464,96.30115425,33.4268074
Cayman Islands,CYM,2015,,,,,,105.4455446,97.2377158,30.67870903
Cayman Islands,CYM,2016,,,,,,103.9661427,101.7775384,31.58613205
Cayman Islands,CYM,2017,,99,,,,98.71073605,102.8680688,33.54517746
Cayman Islands,CYM,2018,2.163769484,,110.0917435,15.74725,10.9653,97.04289246,96.34146118,33.22946167
Cayman Islands,CYM,2019,1.136700034,,100,,,95.85592651,98.41490936,39.87603378
Cayman Islands,CYM,2020,1.455420017,,,,,94.10543823,97.395401,47.55114746
Cayman Islands,CYM,2021,1.312530041,,101.498642,,,86.7052002,101.500267,48.1794548
Cayman Islands,CYM,2022,1.488940001,,97.45870209,,,87.68242645,101.5119934,44.54454422
Cayman Islands,CYM,2023,,,94.17359924,,,87.9807663,99.26216888,
Central African Republic,CAF,1999,1.690019965,,,,,,,1.970540047
Central African Republic,CAF,2000,1.612650037,51,,,,,,1.905940056
Central African Republic,CAF,2001,,,,,,69.91114807,11.08584976,
Central African Republic,CAF,2002,1.519569993,,,,,61.58094025,11.14470005,
Central African Republic,CAF,2003,1.539800048,,,,,60.66175842,,
Central African Republic,CAF,2004,1.624529958,,21.43679047,,,52.00109863,,1.651679993
Central African Republic,CAF,2005,1.652220011,,23.42725945,88.62691,,57.74819183,,
Central African Republic,CAF,2006,1.415060043,,23.38817978,,,57.30334854,,1.085260034
Central African Republic,CAF,2007,1.313320041,,,,,66.19764709,,
Central African Republic,CAF,2008,1.290009975,,31.31270981,100.23649,,76.4764328,,2.202600002
Central African Republic,CAF,2009,1.254580021,,33.80842972,94.61257,80.05232,78.01685333,12.23548985,2.366650105
Central African Republic,CAF,2010,1.117609978,36.75260925,35.73965836,84.32027,,79.88538361,,2.472219944
Central African Republic,CAF,2011,1.107920051,,36.99483109,81.31051,66.81707,79.58644104,15.8301096,2.891230106
Central African Republic,CAF,2012,1.980347276,,38.51657867,80.11576,68.13149,79.63977051,15.55033016,2.725169897
Central African Republic,CAF,2013,2.63821435,,,,,,,
Central African Republic,CAF,2014,2.220153332,,,,,,,
Central African Republic,CAF,2015,1.91022861,,,,,,,
Central African Republic,CAF,2016,1.754088998,,36.99489975,83.41195,34.62948,89.85050201,13.66880989,
Central African Republic,CAF,2017,1.753650188,,48.72856522,,31.63737,110.7114187,15.42516041,
Central African Republic,CAF,2018,1.565876007,37,,,,,,
Central African Republic,CAF,2019,1.767920732,42.44279099,,,,,,
Central African Republic,CAF,2020,2.1446805,37.49000168,,,,,,
Central African Republic,CAF,2021,1.87251687,,,,,,,
Central African Republic,CAF,2022,2.115091324,,,,,,,
Central Europe and the Baltics,CEB,1999,4.579434872,,98.07395172,13.49563,12.14472,101.8067932,90.24790955,35.56040955
Central Europe and the Baltics,CEB,2000,4.983930111,,97.67378998,13.28895,12.11241,101.7947388,91.88108063,39.11853027
Central Europe and the Baltics,CEB,2001,5.228459835,,100.411499,13.28175,12.3386,102.4471436,93.70497894,43.7403717
Central Europe and the Baltics,CEB,2002,5.179230213,,99.81951141,13.56578,12.35431,102.6223373,95.39257813,48.10015869
Central Europe and the Baltics,CEB,2003,5.057149887,,99.17384338,13.83095,12.62796,102.3545532,96.85218048,51.34975815
Central Europe and the Baltics,CEB,2004,4.834060192,,99.0421524,13.58666,11.99928,102.430069,93.56080627,54.15605927
Central Europe and the Baltics,CEB,2005,4.878399849,,98.95375824,13.1291,11.46598,101.7620316,94.53639984,57.17092896
Central Europe and the Baltics,CEB,2006,4.825729847,,98.9903717,12.80857,11.28617,101.2079926,95.97593689,60.16939926
Central Europe and the Baltics,CEB,2007,4.595210075,,98.1558075,12.54593,11.19383,100.4053726,95.59079742,63.02914047
Central Europe and the Baltics,CEB,2008,4.839900017,,97.13822937,12.07044,11.12594,99.52275848,97.91989899,67.3870163
Central Europe and the Baltics,CEB,2009,4.946360111,,97.49440002,11.83583,10.85999,99.58628082,99.63732147,70.2542572
Central Europe and the Baltics,CEB,2010,4.723750114,,98.17069244,11.70739,10.70796,99.60347748,100.1920929,71.13507843
Central Europe and the Baltics,CEB,2011,4.56317997,,98.08920288,12.36341,10.16726,99.44428253,100.4226379,69.37097168
Central Europe and the Baltics,CEB,2012,4.717720032,,97.16532135,12.37093,9.96592,99.61743164,99.46972656,67.07971191
Central Europe and the Baltics,CEB,2013,4.521160126,99.29689789,96.77793884,12.72895,10.41704,98.52115631,104.6381912,65.76148224
Central Europe and the Baltics,CEB,2014,4.486579895,99.31459808,96.53018951,12.76702,10.39318,97.75205994,103.4111099,64.33460236
Central Europe and the Baltics,CEB,2015,4.817009926,99.3322525,97.46531677,12.545,10.14677,96.90022278,102.2598267,63.51470184
Central Europe and the Baltics,CEB,2016,4.65749979,99.3502121,96.61264801,12.36689,10.0146,96.17363739,101.3280563,63.74274826
Central Europe and the Baltics,CEB,2017,4.077559948,99.37020874,98.65052795,12.71581,9.9961,95.95597839,101.3039398,64.28090668
Central Europe and the Baltics,CEB,2018,4.243569851,99.41867828,93.98509979,12.66168,10.02635,95.32623291,101.1315613,64.79321289
Central Europe and the Baltics,CEB,2019,4.273119926,99.43811798,93.9134903,,,95.89537048,100.4504776,65.126091
Central Europe and the Baltics,CEB,2020,4.721590042,99.45659637,94.67662811,,,91.6844635,102.2436523,65.59493256
Central Europe and the Baltics,CEB,2021,4.684060097,99.47559357,95.42607117,,,96.93363953,101.3069611,67.22251129
Central Europe and the Baltics,CEB,2022,,99.48735046,95.44616699,,,97.04653931,100.1211929,69.61170959
Central Europe and the Baltics,CEB,2023,,,95.48578644,,,97.06095886,100.1979294,69.53249359
Chad,TCD,1999,3.227859974,,20.6052494,67.88426,34.10003,61.08134079,10.5303297,
Chad,TCD,2000,2.646709919,26,22.40822983,68.62067,32.22277,63.37149811,11.29491043,0.817380011
Chad,TCD,2001,2.42614007,,24.50865936,71.22252,36.29178,65.87773895,13.02464008,0.842410028
Chad,TCD,2002,,,27.24411964,67.9511,37.88573,70.16227722,13.82713032,
Chad,TCD,2003,,,32.70837021,72.11578,32.15364,72.28945923,15.25794029,0.973710001
Chad,TCD,2004,1.592949986,28,33.32192993,68.7188,34.20748,75.7852478,15.65886021,1.249179959
Chad,TCD,2005,1.694769979,,29.92700958,63.15438,33.54568,72.55065155,15.99122047,1.459509969
Chad,TCD,2006,,,30.7831192,62.72308,32.99598,72.12709808,16.35063934,
Chad,TCD,2007,,,,60.37925,32.91156,70.92948151,18.86610985,
Chad,TCD,2008,,,,62.40153,,78.96542358,21.46174049,2.005739927
Chad,TCD,2009,2.311739922,,31.57761955,61.01961,32.33045,83.68125153,23.49398041,2.073549986
Chad,TCD,2010,1.981940031,,31.38911057,62.20393,32.47438,83.84255219,23.10526085,2.157870054
Chad,TCD,2011,2.2579,,34.72367859,62.59056,31.98235,90.47054291,23.57679939,2.280119896
Chad,TCD,2012,2.206150055,,35.27154922,61.26763,29.7734,94.45484924,22.85273933,
Chad,TCD,2013,2.850709915,,38.66156006,62.42763,35.77055,101.4432678,25.37639046,
Chad,TCD,2014,2.320312262,,,56.16602,36.61245,102.3478775,23.63991928,3.499599934
Chad,TCD,2015,2.342831612,26.00299072,38.94754028,55.54179,27.45229,91.56591797,23.02865982,3.334510088
Chad,TCD,2016,2.388475895,22,42.02077103,56.88788,27.13412,85.97952271,23.35150909,
Chad,TCD,2017,2.454819918,,37.89978027,,,77.2443924,21.35400963,
Chad,TCD,2018,2.259474993,,40.40903854,,,87.7207489,20.76958084,
Chad,TCD,2019,2.372457981,30.62792015,,,,86.53105927,20.98353004,
Chad,TCD,2020,2.739603996,,,,,,,4.533199787
Chad,TCD,2021,2.88812995,,43.52962875,,,89.42205048,24.09185982,
Chad,TCD,2022,2.538672924,27.28000069,,,,90.36412048,,
Chad,TCD,2023,,,,,,91.77436829,25.24213982,
Chile,CHL,1999,3.708389997,,,31.98306,29.00898,105.0607071,82.0896225,35.5736618
Chile,CHL,2000,3.757070065,,,32.22683,29.3532,101.3635635,86.90135956,35.43132019
Chile,CHL,2002,4.048810005,96,,32.92755,32.55556,101.286972,89.42163849,40.26649857
Chile,CHL,2003,3.918689966,,,34.0928,,101.0617905,90.62095642,43.51819992
Chile,CHL,2004,3.543070078,,,27.29501,25.19256,105.6278763,91.0151062,44.32846069
Chile,CHL,2005,3.280169964,,,26.05133,24.76865,105.350502,92.00456238,50.27355957
Chile,CHL,2006,3.040149927,,,25.73597,24.41269,105.6682205,91.99732971,49.32168961
Chile,CHL,2007,3.233160019,,,25.11168,23.71092,106.5172806,91.55079651,54.72304916
Chile,CHL,2008,3.79189992,,,24.64024,23.32647,106.8738708,91.54200745,56.7743988
Chile,CHL,2009,4.254759789,,,23.00957,22.40762,105.7638931,89.85975647,59.99129105
Chile,CHL,2010,4.189539909,,,23.41154,21.86571,103.219368,90.99951172,66.34452057
Chile,CHL,2011,4.061729908,97,95.07241058,21.97403,21.0574,103.1704865,90.98262024,70.8241806
Chile,CHL,2012,,,97.40512085,21.15991,20.04352,103.3697815,89.50314331,75.07707214
Chile,CHL,2013,4.548140049,96,96.99790192,19.52587,21.00122,102.0848999,99.15207672,79.87033844
Chile,CHL,2014,4.751679897,,98.16641998,18.65062,20.06238,101.9308701,99.86544037,83.66297913
Chile,CHL,2015,4.903900146,97,97.77294922,18.3778,19.44185,101.7125092,100.9216766,86.41811371
Chile,CHL,2016,5.36646986,,98.39784241,18.00111,18.81748,101.5851898,101.4881363,88.84588623
Chile,CHL,2017,5.432789803,96,98.154953,17.79358,18.36688,101.3962784,102.2948227,89.92198944
Chile,CHL,2018,5.473060131,,98.15183258,,,101.5380173,103.1730499,91.19747925
Chile,CHL,2019,5.626309872,,97.44532013,,,101.1932068,104.4057693,92.06597137
Chile,CHL,2020,5.629930019,,97.96858215,,,99.70439911,103.6916885,89.11248779
Chile,CHL,2021,4.999239922,,99.21807861,,,99.36522675,106.6735229,96.22279358
Chile,CHL,2022,,97.16000366,100.2693787,,,100.1922684,106.0683289,99.33728027
China,CHN,1999,1.888039947,,,,,,58.2373085,6.620289803
China,CHN,2000,,91,,,17.10846,,59.22922134,7.558499813
China,CHN,2001,,,,22.20572,18.9229,115.9098587,62.1108284,9.228859901
China,CHN,2002,,,,,18.92909,,62.84917068,11.71570969
China,CHN,2003,,,,,18.61115,,64.06201172,14.3912096
China,CHN,2004,,,,,,,,16.77984047
China,CHN,2005,2.391905546,,,,,,,18.55514908
China,CHN,2006,2.441284418,,92.41622925,18.25192,17.54954,106.4964294,74.21148682,20.50988007
China,CHN,2007,2.700734854,,96.4076004,17.68203,16.36853,106.7286606,78.34600067,21.44643021
China,CHN,2008,3.631788254,,105.0206909,17.55452,15.99176,107.4307404,82.92108917,21.85469055
China,CHN,2009,3.751522064,,105.6607971,17.21563,15.71505,106.6316376,88.77803802,23.27021027
China,CHN,2010,3.559665203,95,104.8967896,16.84376,15.46166,105.0002136,91.52718353,25.28606987
China,CHN,2011,3.809216976,,,16.78841,15.15325,103.8692627,92.98641968,26.80752945
China,CHN,2012,4.297888756,,,16.84872,14.50326,103.4364395,93.31060791,29.32504082
China,CHN,2013,4.129804134,,,16.85343,15.14167,102.9309082,,32.76203156
China,CHN,2014,4.105360031,,,16.23079,14.27963,97.94850159,,43.8821907
China,CHN,2015,4.242012501,,,16.29441,13.81544,97.15444183,,47.43537903
China,CHN,2016,4.206385136,,,16.54936,13.49871,97.39061737,,49.70835876
China,CHN,2017,4.111331463,,,16.59383,13.30917,97.92211914,,51.5827713
China,CHN,2018,4.024424076,,,16.42675,13.25879,98.17035675,,54.00762177
China,CHN,2019,4.059394836,,,,,98.2354126,,57.27544022
China,CHN,2020,4.233381271,97,,,,99.02442932,,62.23677826
China,CHN,2021,3.988325119,,,,,99.43039703,,67.38761902
China,CHN,2022,4.023569584,,,,,100.17173,,71.98155212
China,CHN,2023,,,,,,99.32386017,,74.82360077
Colombia,COL,1999,4.44080019,,96.54405975,24.02045,17.91693,120.6069031,74.10510254,23.69676971
Colombia,COL,2000,3.511209965,,100.2246399,26.45241,19.19542,124.2982864,76.40447998,25.50968933
Colombia,COL,2001,3.708679914,,96.99977875,26.01713,,121.0887909,,26.38125992
Colombia,COL,2002,,,97.1735611,26.81989,20.92474,121.778862,78.15519714,26.51309967
Colombia,COL,2004,,93,104.3585663,27.95172,24.64723,122.8400803,82.95046234,29.50345993
Colombia,COL,2005,,93,107.4441986,28.34839,26.17165,124.0406418,86.96164703,32.25397873
Colombia,COL,2006,,92,113.1807709,28.18322,27.36572,124.6194916,90.28766632,34.36621094
Colombia,COL,2007,,93,114.7544174,29.51974,25.2348,125.4688568,93.01280975,35.47853088
Colombia,COL,2008,,93,114.7123718,29.3957,,126.483902,94.23155212,37.94480133
Colombia,COL,2009,,93,119.8979721,29.30908,26.65632,128.164978,98.27008057,39.50880051
Colombia,COL,2010,,93,119.8241577,28.13107,27.14634,124.3751373,99.95436859,41.52967072
Colombia,COL,2011,,94,118.8517914,27.57965,25.58137,121.8312836,101.2058182,45.28733063
Colombia,COL,2012,,,113.5506973,25.04796,25.39509,118.6399689,97.2326889,47.46699142
Colombia,COL,2013,,,103.5858231,24.98364,25.49841,119.0847321,98.10150146,50.74748993
Colombia,COL,2014,,94,102.6898727,24.28676,24.90129,116.080101,97.36328888,53.17943954
Colombia,COL,2015,,94,102.4092331,24.23937,26.47999,115.4970779,97.67411804,54.79613113
Colombia,COL,2016,,95,103.1399307,24.31808,26.18799,115.4431534,98.41562653,57.14374924
Colombia,COL,2017,,,106.3732529,23.60132,26.01138,113.3053818,99.21932983,58.39604187
Colombia,COL,2018,,95,105.5780029,23.3015,25.91073,111.6991806,100.3733368,57.32054138
Colombia,COL,2019,,95,103.5436783,,,109.3555069,101.9893494,56.66630173
Colombia,COL,2020,,96,99.62760162,,,107.0836868,101.4994507,55.73310852
Colombia,COL,2021,,,99.19447327,,,106.4883575,102.987999,58.31592178
Colombia,COL,2022,,,97.11710358,,,104.8304672,101.5737762,59.29013824
Comoros,COM,1999,,,46.69432831,34.77068,,88.26589966,32.10329056,1.373080015
Comoros,COM,2000,,68,,36.83793,,97.86094666,,1.49466002
Comoros,COM,2002,2.258419991,,54.76115036,39.20075,13.03849,104.0928802,35.7023201,
Comoros,COM,2003,,,53.18740082,35.85763,11.25978,100.8013916,39.24407959,3.400870085
Comoros,COM,2004,,,56.96723938,34.98787,13.79589,98.54567719,42.73566055,
Comoros,COM,2007,,,59.17525101,,,96.84049225,,4.53015995
Comoros,COM,2008,4.42264986,,67.99079895,30.15332,,102.5102921,,
Comoros,COM,2009,,,,,,,,6.476930141
Comoros,COM,2010,,,,,,,,6.352799892
Comoros,COM,2011,2.830450058,,,27.74673,,108.4215422,,8.782179832
Comoros,COM,2012,2.747839928,49.19614029,,,,,,9.475850105
Comoros,COM,2013,2.382760048,,73.91744232,27.80796,8.70555,111.276121,59.0819129,9.469889641
Comoros,COM,2014,2.744729996,,79.46057129,,8.61767,110.691101,60.55020562,9.628290176
Comoros,COM,2015,2.545059919,,,,,,,
Comoros,COM,2017,,,81.40904236,18.90138,5.31356,105.6458274,57.25236199,
Comoros,COM,2018,,,,28.05781,8.30834,106.2061891,62.86950068,
Comoros,COM,2020,2.378050804,,,,,,,
Comoros,COM,2021,2.274853945,,,,,85.25606688,,
Comoros,COM,2022,2.431644201,61.70999908,,,,,,
Comoros,COM,2023,,,,,,94.68907325,55.19319737,
"Congo, Dem. Rep.",COD,1999,,,33.25215912,26.01515,,51.29056931,,1.486240029
"Congo, Dem. Rep.",COD,2001,,67,,,,,,
"Congo, Dem. Rep.",COD,2002,,,40.45172119,34.33504,,62.78517914,,
"Congo, Dem. Rep.",COD,2006,,,,,,,,4.300089836
"Congo, Dem. Rep.",COD,2007,,61.20555115,49.5882988,38.29543,15.67164,86.50121307,34.51015854,4.282830238
"Congo, Dem. Rep.",COD,2008,,,54.50827026,39.02034,16.57498,95.33995819,36.82091904,5.360459805
"Congo, Dem. Rep.",COD,2009,,,58.50268173,37.32547,16.01028,95.4763031,38.44057846,6.351630211
"Congo, Dem. Rep.",COD,2010,1.524979949,,60.31573105,37.0131,15.96033,95.62786865,38.1317482,
"Congo, Dem. Rep.",COD,2011,,,62.27853012,37.37094,15.21755,97.01998901,40.1614418,7.694320202
"Congo, Dem. Rep.",COD,2012,,75,67.45004272,34.74758,15.33509,101.6489182,40.05627823,7.80960989
"Congo, Dem. Rep.",COD,2013,2.062210083,,66.77137756,37.06925,14.20295,103.0823822,39.87744141,6.549680233
"Congo, Dem. Rep.",COD,2014,1.951429963,,64.99114227,35.31936,14.59321,106.8440094,42.7313385,
"Congo, Dem. Rep.",COD,2015,2.170439959,,67.49658966,33.19793,14.24161,104.7786865,43.82403946,
"Congo, Dem. Rep.",COD,2016,2.118690014,77,,,,,,6.07901001
"Congo, Dem. Rep.",COD,2017,1.454949975,,,,,,,
"Congo, Dem. Rep.",COD,2018,,73.55303192,,,,113.9829788,,
"Congo, Dem. Rep.",COD,2020,2.622638464,,78.72899628,,,118.1956635,,6.666920185
"Congo, Dem. Rep.",COD,2021,2.660484791,,82.64756012,,,122.3936768,56.88602066,
"Congo, Dem. Rep.",COD,2022,3.002521276,80.54000092,,,,,,
"Congo, Dem. Rep.",COD,2023,,,76.95970154,,,119.937561,56.83160019,
"Congo, Rep.",COG,1999,,,29.9693203,61.22946,,55.92652893,,3.679689884
"Congo, Rep.",COG,2000,,,,60.48057,,83.05716705,,5.255350113
"Congo, Rep.",COG,2001,,,53.75756836,59.49181,,97.02355957,,4.211269855
"Congo, Rep.",COG,2002,3.208319902,,56.50199127,56.20777,,99.68258667,36.58237839,3.769589901
"Congo, Rep.",COG,2003,2.836159945,,53.34508896,65.17102,28.10852,94.73912048,37.64511108,3.802269936
"Congo, Rep.",COG,2004,2.288130045,,76.68865967,82.79541,34.26944,106.1267624,42.34869003,
"Congo, Rep.",COG,2005,1.681020021,76,67.24986267,,,106.0678329,,
"Congo, Rep.",COG,2006,,,73.26194763,54.79663,,106.9441528,,
"Congo, Rep.",COG,2007,,,72.24356842,58.48011,,105.2667007,,
"Congo, Rep.",COG,2008,,,67.49085999,51.80477,,103.1962128,,
"Congo, Rep.",COG,2009,,,67.07824707,64.38062,,107.0928268,,5.819240093
"Congo, Rep.",COG,2010,5.686729908,,67.92433929,49.14568,,108.7525787,,
"Congo, Rep.",COG,2011,2.646529675,79.31117249,74.67743683,47.09289,,108.2891769,,7.919290066
"Congo, Rep.",COG,2012,2.739230633,,72.27809906,44.442,18.67603,105.4559097,50.78236008,9.073679924
"Congo, Rep.",COG,2013,,,,,,102.2385166,,8.570320129
"Congo, Rep.",COG,2014,3.182569981,,,,,104.5633373,,
"Congo, Rep.",COG,2015,3.138829947,,70.32460022,,,107.3610833,,11.59112453
"Congo, Rep.",COG,2017,4.172369957,,,,,,,12.26163006
"Congo, Rep.",COG,2018,2.771670103,,65.18612671,,,87.66861725,65.6208032,
"Congo, Rep.",COG,2019,3.559468985,,,,,,,
"Congo, Rep.",COG,2020,4.619013786,,,,,,,
"Congo, Rep.",COG,2021,3.67454195,80.61000061,,,,,,
"Congo, Rep.",COG,2022,2.951592207,,,,,,,
"Congo, Rep.",COG,2023,,,71.83261108,,,89.00003052,,10.35429001
Costa Rica,CRI,1999,5.394360065,,84.1167984,26.82207,19.5273,113.5336227,63.59281158,
Costa Rica,CRI,2000,4.666950226,95,88.69593811,24.94075,18.84161,109.7704926,61.48722839,
Costa Rica,CRI,2001,4.832029819,,89.8168335,24.31442,19.57279,110.1201324,65.94257355,
Costa Rica,CRI,2002,5.150440216,,94.22064972,22.59585,18.75178,109.5648193,67.3254776,
Costa Rica,CRI,2003,5.133739948,,,,,,,
Costa Rica,CRI,2004,4.890629768,,93.69454956,22.34571,,113.6099701,79.978302,25.99328041
Costa Rica,CRI,2005,,,93.51280212,21.34285,,111.6241379,81.37133026,
Costa Rica,CRI,2006,4.616139889,,89.3703537,19.70728,17.79432,113.0571518,88.22255707,
Costa Rica,CRI,2007,4.63451004,,91.28806305,19.494,17.91364,111.8252869,89.66104889,
Costa Rica,CRI,2008,4.886970043,,94.25965118,18.97453,15.64106,112.9958191,90.47566986,
Costa Rica,CRI,2009,6.010300159,,98.62699127,18.40435,15.81656,114.5911179,96.777771,
Costa Rica,CRI,2010,6.565740108,,98.50476074,17.8517,15.5078,113.4194717,99.95384979,
Costa Rica,CRI,2011,6.379889965,97,98.21231079,17.34208,14.92131,111.9124069,102.4320297,44.93572998
Costa Rica,CRI,2012,6.582399845,,96.47129822,,,111.1385727,105.1989594,47.31613159
Costa Rica,CRI,2013,6.687399864,,94.93856812,13.34199,13.96964,109.4022675,110.994751,47.84122849
Costa Rica,CRI,2014,6.67952013,,98.5372467,13.22687,14.35946,108.5120697,115.6500092,50.75791168
Costa Rica,CRI,2015,6.87349987,,95.09250641,12.6763,13.9521,106.7314911,117.9162827,51.65193176
Costa Rica,CRI,2016,6.893959999,,94.57814789,11.97865,12.73154,107.027153,119.9945602,52.13162994
Costa Rica,CRI,2017,7.069809914,,94.17812347,11.62825,13.31491,106.6035309,123.8349915,54.4580307
Costa Rica,CRI,2018,6.769919872,,95.62042999,12.2047,12.42779,108.6771927,128.4750061,52.86867905
Costa Rica,CRI,2019,6.738080025,,96.49394226,,,110.8911209,137.0163269,54.71897125
Costa Rica,CRI,2020,6.62898016,,96.75286865,,,109.7996368,135.9000397,
Costa Rica,CRI,2021,6.248419762,98.04000092,99.08023071,,,108.8523102,141.202713,
Costa Rica,CRI,2022,,,100.9957733,,,107.6112976,133.1591644,
Cote d'Ivoire,CIV,1999,2.685290098,,44.71583939,42.71803,29.3952,72.39187622,23.03112984,5.793889999
Cote d'Ivoire,CIV,2000,2.40031004,49,42.87981033,44.97398,,70.50180817,,
Cote d'Ivoire,CIV,2001,2.444770098,,47.06663132,46.07557,,71.67494965,,
Cote d'Ivoire,CIV,2002,2.810480118,,,43.88046,,71.68865204,,
Cote d'Ivoire,CIV,2003,2.864370108,,,42.35665,,67.7177124,,
Cote d'Ivoire,CIV,2004,2.911760092,,,,,,,
Cote d'Ivoire,CIV,2005,2.919440031,,,,,,,
Cote d'Ivoire,CIV,2006,2.819999933,,42.71458817,46.10896,,64.88893127,,
Cote d'Ivoire,CIV,2007,3.016139984,,43.70153046,41.00376,,65.33213806,,8.781419754
Cote d'Ivoire,CIV,2008,3.098530054,,,41.8902,,69.16423035,,8.345809937
Cote d'Ivoire,CIV,2009,3.173939943,,44.63891983,42.12742,,68.63519287,,8.183469772
Cote d'Ivoire,CIV,2010,3.246510029,,,,,,,7.47382021
Cote d'Ivoire,CIV,2011,2.865760088,,51.8445282,48.84621,,77.10758209,,3.304759979
Cote d'Ivoire,CIV,2012,3.434469938,40.98162842,52.80028915,41.71605,,79.74378967,,
Cote d'Ivoire,CIV,2013,3.458600044,,51.78155899,41.00117,,80.62490845,,8.12195015
Cote d'Ivoire,CIV,2014,3.314169884,44,53.12754059,42.52673,22.30057,82.84934998,38.4756012,8.368300438
Cote d'Ivoire,CIV,2015,3.494129896,,58.07336044,42.0505,,85.89230347,41.66373825,8.899279594
Cote d'Ivoire,CIV,2016,3.935930014,50.03968048,61.36737823,42.50102,25.83658,90.13424683,43.8949585,9.092769623
Cote d'Ivoire,CIV,2017,3.736540079,,67.67649078,42.42645,26.31551,91.8170929,46.8549614,9.470000267
Cote d'Ivoire,CIV,2018,3.211649895,,70.03347015,41.8223,27.28114,92.90189362,49.04579926,
Cote d'Ivoire,CIV,2019,3.413069963,90,73.49450684,,,93.54521942,52.21115112,9.912610054
Cote d'Ivoire,CIV,2020,3.786740065,,75.58598328,,,94.16091156,54.65253067,9.7769804
Cote d'Ivoire,CIV,2021,3.327189922,50.00064087,73.70536804,,,92.71938324,57.2815094,10.23180008
Cote d'Ivoire,CIV,2022,3.511970043,,68.59470367,,,94.64894104,55.06694031,10.62609005
Cote d'Ivoire,CIV,2023,3.429929972,,80.22789001,,,101.6504974,66.02767944,11.1203804
Croatia,HRV,1999,,,91.73793793,19.20884,12.47268,93.86456299,84.46740723,29.91492081
Croatia,HRV,2000,6.112708569,,,18.77265,11.84402,,,
Croatia,HRV,2001,5.680865288,98,102.1639404,18.27197,11.32851,101.513588,94.77519989,36.37405014
Croatia,HRV,2002,3.823009968,,99.36749268,17.93677,11.02664,100.7820282,95.02172852,39.1618309
Croatia,HRV,2003,3.869019985,,102.02668,17.72563,10.86358,100.9877701,95.49564362,42.38098145
Croatia,HRV,2004,3.822149992,,,,,,,44.07622147
Croatia,HRV,2005,5.367049694,,101.0900726,17.52572,10.13688,100.140831,99.07688904,47.2947197
Croatia,HRV,2006,5.006971359,,100.2022095,17.06071,9.54029,99.384552,99.03450775,48.59751129
Croatia,HRV,2007,3.967519999,,99.66977692,16.69378,9.29822,98.86612701,99.01252747,50.53059006
Croatia,HRV,2008,4.275420189,,97.14726257,16.02884,9.08776,97.90280151,98.99922943,52.35145187
Croatia,HRV,2009,4.378210068,,97.16291046,14.78459,8.32827,97.97460938,98.93942261,51.95830154
Croatia,HRV,2010,4.216899872,,97.44796753,14.25609,8.14958,98.07082367,98.89552307,57.0685997
Croatia,HRV,2011,4.114419937,,97.62448883,13.83132,8.001,98.09359741,99.26560211,59.33885956
Croatia,HRV,2012,5.221613884,,98.04216003,13.67519,7.80615,98.71563721,99.34638977,62.02566147
Croatia,HRV,2013,4.521160126,,97.75856018,13.71278,7.70094,98.57375336,101.800499,66.71111298
Croatia,HRV,2014,5.176151276,,97.71337891,13.69721,8.0174,98.90831757,102.528923,68.63925171
Croatia,HRV,2015,4.969085217,,101.0758133,13.702,7.03333,99.49076843,102.9813309,68.44139862
Croatia,HRV,2016,4.896224499,,97.51435852,13.50611,6.73221,98.79093933,103.7194366,69.58895111
Croatia,HRV,2017,3.862699986,,98.41345978,,,99.23210907,104.2144165,71.37758636
Croatia,HRV,2018,3.912090063,,100.778801,,,98.88121033,104.960083,72.8625412
Croatia,HRV,2019,3.920079947,,99.43070221,,,99.00151062,105.1359787,74.05011749
Croatia,HRV,2020,4.389019966,,100.5280304,,,99.48867035,105.5854187,74.73803711
Croatia,HRV,2021,4.056660175,99.44999695,98.01248932,,,99.74414825,105.8763428,78.00679016
Croatia,HRV,2022,,,100.2817307,,,100.527977,105.5777969,80.76267242
Cuba,CUB,1999,6.755239964,,97.3878479,11.7748,11.41029,104.3706436,80.01921082,21.16591072
Cuba,CUB,2000,7.704810143,,98.26872253,11.49998,11.94651,103.9719162,82.12486267,23.02796936
Cuba,CUB,2001,8.358090401,,96.33286285,10.73922,11.36325,103.6028366,84.56028748,26.10853004
Cuba,CUB,2002,9.571169853,100,99.24770355,,11.62682,104.0734177,88.73635101,27.44728088
Cuba,CUB,2003,9.940859795,,96.35903931,10.68011,11.67132,102.9268494,91.90457153,32.58285904
Cuba,CUB,2004,10.26823044,,95.37342072,10.24083,11.0379,103.2950287,91.30542755,52.48974991
Cuba,CUB,2005,10.55778027,,97.12911224,10.30837,11.05182,103.1780701,92.61843109,60.20594025
Cuba,CUB,2006,9.057169914,,97.31031036,9.97784,10.48547,102.9053574,93.41139221,84.95427704
Cuba,CUB,2007,11.86820984,,97.90032196,9.64855,9.63266,102.0539474,93.35877228,105.4140015
Cuba,CUB,2008,14.05908012,,91.92823029,9.61042,9.67207,100.8517685,93.32717133,117.7199402
Cuba,CUB,2009,13.12485981,,97.26664734,9.43833,9.61048,101.1043167,92.15505219,114.4884186
Cuba,CUB,2010,12.83730984,,95.37406921,9.12865,9.46352,100.6900482,92.33094025,94.1727066
Cuba,CUB,2011,,,94.81549072,9.11033,9.03415,100.2037201,92.01783752,79.02472687
Cuba,CUB,2012,11.55166054,100,92.50055695,9.05528,8.42905,100.6284332,90.63249969,61.73178864
Cuba,CUB,2013,10.67169571,,91.08804321,9.06109,8.30605,100.505249,90.87412262,47.99599838
Cuba,CUB,2014,9.607468605,,95.06684875,9.06511,8.88073,102.7768784,96.14260101,40.51198959
Cuba,CUB,2015,8.963336945,,95.60201263,8.89917,9.03784,102.8127823,96.27414703,36.21772003
Cuba,CUB,2016,9.013133049,,94.93060303,8.74431,9.34814,102.45121,98.02237701,34.45679092
Cuba,CUB,2017,,,95.22663116,8.82731,9.47531,101.84729,99.27629089,40.4316597
Cuba,CUB,2018,,,90.79403687,9.16029,9.63133,101.155838,100.1853638,41.59437943
Cuba,CUB,2019,9.046969414,97.65490723,90.49581909,,,100.9812012,101.0894623,43.99377823
Cuba,CUB,2020,,,94.62593842,,,101.0904617,102.0379562,45.92990875
Cuba,CUB,2021,9.38586235,99.67311096,96.634758,,,100.4681931,99.63522339,51.07854843
Cuba,CUB,2022,,,92.4178772,,,99.87296295,103.6705399,41.4838562
Cuba,CUB,2023,,,92.61190796,,,98.40624237,95.4401474,48.94345856
Curacao,CUW,2010,,,,,,,,25.35449028
Curacao,CUW,2011,,,,,,,,23.1361084
Curacao,CUW,2012,,,,,,,,23.91581726
Curacao,CUW,2013,5.116330147,,,,,175.821579,86.30664063,23.08419991
Curacao,CUW,2014,,,,,,,,23.67406464
Curacao,CUW,2015,,,,,,,,19.00263977
Curacao,CUW,2016,,,,,,,,18.32068825
Curacao,CUW,2017,,,,,,,,16.51016426
Curacao,CUW,2018,,,,,,,,15.87489223
Curacao,CUW,2019,,,,,,,,15.28120136
Curacao,CUW,2020,,,,,,113.3508835,129.4702606,14.87856674
Curacao,CUW,2021,,,,,,,,15.74531078
Curacao,CUW,2022,,,,,,,,15.90087795
Curacao,CUW,2023,,,,,,109.1681366,123.4297409,
Cyprus,CYP,1999,4.772079945,,,18.26784,12.86735,,,
Cyprus,CYP,2000,4.9895401,,97.65950012,17.72506,13.60329,96.73135376,93.37213898,19.56232071
Cyprus,CYP,2001,5.11552,97,98.0424881,17.19454,12.73405,96.64961243,93.44506073,21.61252022
Cyprus,CYP,2002,5.581669807,,100.450119,19.02568,12.14739,97.77345276,96.91520691,25.1022892
Cyprus,CYP,2003,6.670229912,,100.7278366,18.94185,12.15002,97.38822937,97.55622864,31.95523071
Cyprus,CYP,2004,6.117720127,,86.89128876,17.60724,11.2507,97.1988678,96.29353333,36.02045822
Cyprus,CYP,2005,6.286670208,,98.77118683,17.72706,11.29136,99.87117767,94.00523376,34.10218048
Cyprus,CYP,2006,6.330269814,,99.25926208,16.46264,11.03958,100.8870468,93.14047241,34.30194855
Cyprus,CYP,2007,6.280829906,,97.88726044,15.63024,10.67539,100.6882706,92.91394043,36.23160172
Cyprus,CYP,2008,6.722760201,,98.06358337,14.75299,10.22603,101.2135086,92.36916351,40.84917068
Cyprus,CYP,2009,7.205450058,,99.67855072,14.2405,9.91354,102.1794815,91.92617798,47.69644928
Cyprus,CYP,2010,6.525599957,,99.31649017,13.75307,9.75513,101.6243286,91.44080353,48.31158066
Cyprus,CYP,2011,6.520420074,99,101.7331009,13.44153,9.72688,101.2005386,92.82562256,46.53973007
Cyprus,CYP,2012,5.89526701,,100.0641403,13.77462,9.66547,100.1753464,95.29985046,45.86359024
Cyprus,CYP,2013,6.467470169,,98.3320694,13.59542,9.54664,99.76197815,98.31169128,47.52524185
Cyprus,CYP,2014,6.421110153,,99.82537842,13.39274,9.72049,99.15271759,99.41673279,53.10435104
Cyprus,CYP,2015,6.304910183,,96.81906128,11.91513,10.35338,99.30011749,99.77831268,60.10123062
Cyprus,CYP,2016,6.11811018,,98.46739197,11.86448,7.95871,98.54550934,99.11930847,67.17111206
Cyprus,CYP,2017,5.69961977,,101.2697296,12.03922,8.31131,99.3066864,100.33255,75.94081116
Cyprus,CYP,2018,5.025352955,,101.8767014,,,99.79544067,100.2535172,81.33708191
Cyprus,CYP,2019,5.212600231,,102.5455017,,,100.4776993,100.8504333,88.48532867
Cyprus,CYP,2020,5.636940002,,100.3684998,,,100.7351608,101.4274063,92.9377594
Cyprus,CYP,2021,5.235859871,99.36000061,99.97963715,,,99.10281372,102.4994965,96.53778839
Cyprus,CYP,2022,,,99.37345123,,,97.00164032,104.005722,98.30458069
Czechia,CZE,1999,3.66753006,,99.69946289,18.28958,,103.235817,84.65258026,26.08452988
Czechia,CZE,2000,3.64034009,,101.7165985,16.88543,,103.407547,89.39952087,29.75839043
Czechia,CZE,2001,3.732830048,,97.8434906,17.71026,10.80581,104.4696274,94.58513641,32.02677917
Czechia,CZE,2002,3.95878005,,101.8462677,17.3543,10.80932,106.0050583,95.28974915,36.88766098
Czechia,CZE,2003,4.117280006,,101.2231674,16.79405,10.75753,106.4099808,96.04711151,39.20788956
Czechia,CZE,2004,3.992389917,,100.0598373,16.41274,10.30692,106.5291138,95.47457123,45.42427826
Czechia,CZE,2005,3.865910053,,107.0764236,16.24551,10.44984,106.7377777,96.04924011,49.11814117
Czechia,CZE,2006,4.195509911,,105.0415192,15.65768,10.54638,104.3727798,97.4597168,49.88113022
Czechia,CZE,2007,3.84717989,,105.785141,18.7278,11.55325,103.3821106,97.71527863,54.18090057
Czechia,CZE,2008,3.727190018,,101.3740616,18.47503,11.32133,102.2147675,98.08132935,57.91717148
Czechia,CZE,2009,4.14605999,,100.501503,18.50084,11.15314,101.4789276,97.90630341,61.4115715
Czechia,CZE,2010,4.033500195,,102.0989075,18.70713,10.97634,101.0364075,98.65441895,64.93276978
Czechia,CZE,2011,4.242090225,,100.5444717,18.82126,11.32691,100.0810013,99.44673157,66.79682159
Czechia,CZE,2012,4.220709801,,99.44953918,18.97433,11.19134,99.35858154,99.77496338,66.92877197
Czechia,CZE,2013,4.046760082,,98.72241211,18.93175,11.54847,98.78047943,106.8750687,66.32431793
Czechia,CZE,2014,3.965229988,,99.31224823,,,97.68215942,106.1185074,67.39597321
Czechia,CZE,2015,5.751820087,,97.02459717,,,96.96154785,104.8105164,67.23036194
Czechia,CZE,2016,5.553730011,,97.67743683,,,96.90975952,103.0150833,67.50563812
Czechia,CZE,2017,3.806159973,,97.24272919,,,97.23249054,102.2046967,67.71421814
Czechia,CZE,2018,4.266059875,,93.69480896,,,98.27275848,101.5148926,66.79022217
Czechia,CZE,2019,4.542469978,,95.83374023,,,99.28330231,100.2155685,66.88021851
Czechia,CZE,2020,4.721590042,,96.69519806,,,99.78453064,99.32926178,67.18437195
Czechia,CZE,2021,4.803199768,,101.1166,,,101.6778412,102.0899429,69.83692932
Czechia,CZE,2022,,,103.1099625,,,100.9753494,102.9355621,70.81459045
Denmark,DNK,1999,7.931159973,,100.022522,10.03223,9.56346,99.74291992,125.798233,56.46659088
Denmark,DNK,2000,8.084340096,,99.99829865,10.12217,9.5577,99.67105103,126.8530884,58.36640167
Denmark,DNK,2001,8.215450287,,99.48728943,9.93301,10.05266,99.72064209,129.8765106,61.36730957
Denmark,DNK,2002,8.213029861,,102.6812134,,,101.6881714,125.1056671,64.2234726
Denmark,DNK,2003,8.121930122,,,,,,124.6194687,68.17124939
Denmark,DNK,2004,8.207630157,,100,,,100,121.3480911,74.96650696
Denmark,DNK,2005,8.085570335,,98.55345154,,,98.21058655,122.0801468,80.81246185
Denmark,DNK,2006,7.729909897,,103.4215622,,,99.34603882,118.1734772,78.50576782
Denmark,DNK,2007,7.615600109,,100,,,100,117.9941406,78.24329376
Denmark,DNK,2008,7.4760499,,98.84642792,,,99.66027069,117.2729721,74.86062622
Denmark,DNK,2009,8.448880196,,98.46563721,,,100.0024567,117.1318893,73.11062622
Denmark,DNK,2010,8.559550285,,99.30648804,,,100.1815567,118.9440536,72.49514771
Denmark,DNK,2011,8.48486042,,101.048439,,,101.1974564,121.8165207,75.93002319
Denmark,DNK,2012,7.237820148,,99.65003204,,,101.5106583,124.5771866,77.74655151
Denmark,DNK,2013,8.494429588,,99.01067352,,,101.2993317,131.6923065,80.41867828
Denmark,DNK,2014,7.634850025,,100.1490479,10.73738,11.29034,101.1769409,132.451355,81.31436157
Denmark,DNK,2015,7.0104146,,99.5803299,,,100.8821411,133.7954712,83.30040741
Denmark,DNK,2016,7.691060066,,101.4881363,,,101.0414963,131.4412994,82.17149353
Denmark,DNK,2017,7.115859985,,101.6845169,,,100.7780304,130.3244324,81.32200623
Denmark,DNK,2018,7.296909809,,100.4138794,,,100.7490082,129.8495636,81.14054871
Denmark,DNK,2019,7.255050182,,100.6303482,,,100.5510025,129.3111267,81.69458771
Denmark,DNK,2020,7.383540154,,99.70002747,,,100.4595871,129.9951935,82.66432953
Denmark,DNK,2021,6.999929905,,99.67603302,,,100.3084183,131.7720184,83.98229218
Denmark,DNK,2022,5.296434402,,99.88587952,,,100.2444534,130.3269958,84.58660889
Djibouti,DJI,1999,7.629479885,,,39.5383,22.81029,,,0.246800005
Djibouti,DJI,2000,9.659999847,,,,,,,0.258850008
Djibouti,DJI,2001,7.805429935,,,,,,,0.657620013
Djibouti,DJI,2002,8.447600365,,,,31.85714,,,0.9375
Djibouti,DJI,2003,8.889849663,,,,,,,1.143280029
Djibouti,DJI,2004,9.264670372,,,34.54823,,,,1.439620018
Djibouti,DJI,2005,8.365889549,,,,,,,2.160540104
Djibouti,DJI,2006,8.278779984,,,33.63267,31.29783,,,2.44769001
Djibouti,DJI,2007,8.40625,,,35.48341,34.25269,,,2.721869946
Djibouti,DJI,2008,,,,34.0344,,,,2.911950111
Djibouti,DJI,2009,,,,34.14014,29.71343,,,3.655230045
Djibouti,DJI,2010,4.49022007,,,,,,,3.647239923
Djibouti,DJI,2011,,,,35.23512,27.89546,,,5.210120201
Djibouti,DJI,2012,6.351275444,,,34.93245,26.55834,,,
Djibouti,DJI,2013,4.647825241,,,34.21598,25.13412,,,
Djibouti,DJI,2014,4.384075165,,,33.23979,24.54023,,,
Djibouti,DJI,2015,3.598949909,,,33.02204,22.77297,,,
Djibouti,DJI,2016,3.922260046,,,31.09517,23.75349,,,
Djibouti,DJI,2017,3.733449936,,,30.42105,22.727,,,
Djibouti,DJI,2018,3.751430035,,,29.37453,25.41709,,,
Djibouti,DJI,2019,,,,,26.83286,,,
Dominica,DMA,1999,4.028580189,,115.2627792,19.80921,18.95213,120.5847015,101.5099716,
Dominica,DMA,2000,,,112.7100067,19.55814,21.4711,118.29599,106.9382477,
Dominica,DMA,2001,,,119.5427704,18.52512,19.93583,115.1753311,109.1334915,
Dominica,DMA,2002,,,108.4870834,18.64856,16.93002,111.580658,112.2250519,
Dominica,DMA,2003,,,104.9346924,19.01818,16.7913,108.1025238,117.9416733,
Dominica,DMA,2004,,,108.4466705,19.02119,16.80225,104.9431305,115.0307693,
Dominica,DMA,2005,,,109.8632126,18.19075,15.07258,104.1363297,114.5045166,
Dominica,DMA,2006,,,99.70652771,17.23791,16.42857,102.4485626,113.6363602,
Dominica,DMA,2007,,,100.9908524,17.32064,15.95096,102.7338562,113.1941299,
Dominica,DMA,2008,,,96.63999939,16.738,14.44466,102.7627716,111.1634979,
Dominica,DMA,2009,,,93.08599854,16.13922,13.76718,104.0318527,112.0012436,
Dominica,DMA,2010,,,89.70976257,16.01969,13.2407,105.0335617,108.7956314,
Dominica,DMA,2011,,,93.86873627,15.92564,12.16262,106.9522934,109.1412277,
Dominica,DMA,2012,4.393104553,,99.14163208,15.78295,,109.2861023,104.2429427,
Dominica,DMA,2013,4.464482784,,96.08191681,14.84121,,107.5184937,,
Dominica,DMA,2014,4.5245924,,103.0155563,14.25,10.97481,108.9017792,100.7830582,
Dominica,DMA,2015,3.407119989,,96.68508148,14.00558,10.69423,102.3359985,93.76158905,
Dominica,DMA,2016,5.129719734,,101.2092972,13.07679,,102.3909378,,
Dominica,DMA,2017,4.766750813,,,,,101.4925373,,
Dominica,DMA,2018,5.153604507,,,,,,,
Dominica,DMA,2019,5.534490108,,82.91015625,,,89.9956131,89.37695313,
Dominica,DMA,2020,4.69630003,,,,,91.71115112,87.23600006,
Dominica,DMA,2021,5.465845108,,85.65966034,,,92.48606873,87.17141724,
Dominica,DMA,2022,6.043142319,,84.40644073,,,91.87654114,86.99568176,
Dominica,DMA,2023,4.656741142,,89.20635223,,,89.88308716,86.1783905,
Dominican Republic,DOM,1999,,,73.27612305,31.18106,,110.5777283,56.01414871,
Dominican Republic,DOM,2000,1.888290048,,78.34146118,31.03273,,115.3086472,59.44007874,
Dominican Republic,DOM,2001,1.967829943,,,,,,,
Dominican Republic,DOM,2002,1.914010048,87,91.71707916,32.60835,,117.9683304,67.81627655,
Dominican Republic,DOM,2003,1.84465003,,,,,115.6812363,,33.67510986
Dominican Republic,DOM,2004,,,88.14385986,25.23843,27.03779,107.7164536,68.88931274,
Dominican Republic,DOM,2005,,,,24.32793,26.43142,108.2743912,70.52304077,
Dominican Republic,DOM,2006,,,85.86181641,22.51085,,103.6044388,,
Dominican Republic,DOM,2007,2.046789885,88,92.81842804,23.88067,29.02851,113.6766663,79.92154694,
Dominican Republic,DOM,2008,,,,19.62249,24.46806,109.5251236,78.75715637,
Dominican Republic,DOM,2009,,,93.99974823,25.18972,26.94102,111.8158722,80.71199799,
Dominican Republic,DOM,2010,1.887287855,90,92.85015869,25.53138,28.19246,110.497963,77.97183228,48.59687805
Dominican Republic,DOM,2011,1.87925756,90,93.00061798,25.45855,28.72223,110.2006836,77.42722321,47.64706421
Dominican Republic,DOM,2012,,90,93.45571899,23.6279,29.17577,108.469017,77.98610687,48.62900162
Dominican Republic,DOM,2013,3.628181458,91,94.17469788,23.49304,27.63296,109.5282364,79.17150116,46.35719299
Dominican Republic,DOM,2014,3.622434378,92,95.28572083,20.56358,,108.0645523,80.1145401,49.31927109
Dominican Republic,DOM,2015,3.604002714,92,99.69489288,18.29098,22.09344,112.0134888,79.9378891,51.74710846
Dominican Republic,DOM,2016,3.850495577,94,99.43049622,18.52102,,110.7048798,80.09446716,54.49900055
Dominican Republic,DOM,2017,3.920267582,,96.0952301,18.91694,18.64652,108.0194397,79.94068146,59.91558838
Dominican Republic,DOM,2018,3.918210745,,93.77693176,18.92322,,105.8583984,80.21592712,63.14624023
Dominican Republic,DOM,2019,4.042768955,,93.96617126,,,112.3336105,81.85623932,64.38413239
Dominican Republic,DOM,2020,4.517698288,,97.00566101,,,105.9252396,80.04441071,58.72640991
Dominican Republic,DOM,2021,3.747313499,,87.72651672,,,96.87046051,75.70448303,56.46908188
Dominican Republic,DOM,2022,3.940271378,95.5,89.4886322,,,100.4922867,76.52832031,55.16653061
Dominican Republic,DOM,2023,,,85.03874969,,,94.71645355,72.28253937,
Early-demographic dividend,EAR,1999,4.110370159,67.5488205,73.44216156,31.80821,23.26303,94.37676239,49.25228882,12.65670013
Early-demographic dividend,EAR,2000,3.817895055,68.27494812,74.80122375,31.84988,23.36436,95.05365753,50.53582001,13.26478958
Early-demographic dividend,EAR,2001,4.071680069,68.86483765,77.50241852,31.8511,23.53548,97.27897644,52.5677681,13.87588024
Early-demographic dividend,EAR,2002,4.017340183,69.49545288,78.72863007,31.59544,23.23858,97.49926758,53.76261902,14.28429031
Early-demographic dividend,EAR,2003,4.168700218,70.43015289,80.91085815,31.72718,23.24171,100.8136826,55.40179062,14.76686001
Early-demographic dividend,EAR,2004,3.578660011,71.09046936,82.72353363,31.7082,23.36676,102.1173477,56.51858902,15.20913029
Early-demographic dividend,EAR,2005,,71.08133698,84.95092773,31.82643,22.52327,103.5322723,57.51734924,15.5202198
Early-demographic dividend,EAR,2006,4.209100008,71.11062622,85.57312775,31.48994,21.98053,104.3492279,58.79288864,16.3332901
Early-demographic dividend,EAR,2007,3.618584991,72.08509064,87.24797058,31.29214,21.62487,106.03862,60.59133911,17.64431
Early-demographic dividend,EAR,2008,4.012590051,72.94660187,88.7183609,31.30122,20.99556,106.1723404,62.01935959,19.26787949
Early-demographic dividend,EAR,2009,4.5176301,73.71276855,89.73223114,30.65549,20.53626,106.1072617,62.45254135,20.37351036
Early-demographic dividend,EAR,2010,3.896881819,75.29827881,90.03114319,29.92575,20.53655,106.2842407,64.70937347,22.01889992
Early-demographic dividend,EAR,2011,3.916825056,75.36026001,89.77632141,29.28531,21.22642,106.5843887,66.97852325,24.5605793
Early-demographic dividend,EAR,2012,4.404124975,75.60447693,90.92237091,28.94606,21.49801,106.7358322,68.41462708,25.96960068
Early-demographic dividend,EAR,2013,4.508580208,76.30715942,90.80587006,27.60211,22.61324,106.7764816,69.28128052,26.46349907
Early-demographic dividend,EAR,2014,3.991035223,77.0951004,92.21846771,27.46432,22.76992,105.7638016,72.27866364,27.82317924
Early-demographic dividend,EAR,2015,3.920364022,78.01100922,92.42723846,27.0575,22.50503,105.9880524,72.92431641,29.31587982
Early-demographic dividend,EAR,2016,3.837867737,78.67870331,93.11405945,27.77988,21.60483,108.3697968,73.94774628,30.12738991
Early-demographic dividend,EAR,2017,3.931309938,78.93888092,92.03684235,27.61436,21.33877,107.2330933,73.48387909,30.69363976
Early-demographic dividend,EAR,2018,3.68916285,79.2979126,91.83985901,27.85282,21.40841,101.392952,74.48892212,31.0594902
Early-demographic dividend,EAR,2019,3.487755537,79.56617737,91.78453827,,,101.2016678,74.79862976,31.93251038
Early-demographic dividend,EAR,2020,4.090565205,80.07386017,92.81008148,,,101.9759827,75.82318115,32.65853882
Early-demographic dividend,EAR,2021,3.872497559,80.50227356,93.33515167,,,101.6256866,77.03826141,33.80477142
Early-demographic dividend,EAR,2022,3.617783785,81.00576019,99.27928925,,,104.2344131,77.41726685,34.63451004
Early-demographic dividend,EAR,2023,,81.49595642,91.18450928,,,104.5032578,76.49407196,36.02769852
East Asia & Pacific,EAS,1999,,89.96028137,94.83390045,24.33867,17.12581,110.5310287,61.48376846,14.84640026
East Asia & Pacific,EAS,2000,,90.32185364,96.2507019,23.821,17.62006,111.092453,62.34579086,15.56130981
East Asia & Pacific,EAS,2001,3.542490005,90.63564301,97.79016113,23.16444,18.62109,111.8696671,64.22773743,16.57891083
East Asia & Pacific,EAS,2002,3.864919901,90.98982239,96.66513062,22.35288,18.47375,110.580719,65.0477066,18.27244949
East Asia & Pacific,EAS,2003,,91.36144257,96.20233917,20.43202,18.35884,109.3292999,66.31352234,20.09763908
East Asia & Pacific,EAS,2004,3.652760029,91.6944809,95.32214355,20.82951,18.22422,108.1702499,68.75396729,21.74803925
East Asia & Pacific,EAS,2005,,92.02960968,94.76486969,20.21877,17.81257,106.6984863,70.68109894,23.04772949
East Asia & Pacific,EAS,2006,,92.37918854,93.96050262,19.6508,17.30809,105.9387207,73.52774811,24.34436989
East Asia & Pacific,EAS,2007,3.178879976,93.51249695,96.61094666,19.15573,16.57691,106.3712006,77.0811615,25.2664299
East Asia & Pacific,EAS,2008,3.390460014,93.81617737,101.4609375,19.22901,16.13149,106.5889206,79.72753143,25.97588921
East Asia & Pacific,EAS,2009,3.887760758,94.08518219,101.9899979,18.76306,16.03024,106.3677673,83.85888672,27.21455002
East Asia & Pacific,EAS,2010,3.559665203,94.20017242,101.8216705,18.40429,15.73194,106.0812302,85.85044861,29.03786087
East Asia & Pacific,EAS,2011,3.780230045,93.86460114,100.6209793,18.29799,15.90186,105.8107834,87.08396912,30.58340073
East Asia & Pacific,EAS,2012,3.596918344,94.09501648,98.57122803,18.24173,15.72679,105.7972412,87.66536713,32.76813889
East Asia & Pacific,EAS,2013,3.824398518,94.20693207,99.32698059,17.73742,15.97076,105.2045135,88.58264923,35.28873825
East Asia & Pacific,EAS,2014,3.556336641,94.71124268,96.42224121,17.43074,15.53039,102.4129028,87.94062805,42.344841
East Asia & Pacific,EAS,2015,3.500102282,94.92791748,94.91616058,17.20192,15.08599,101.6601868,88.06437683,44.84719849
East Asia & Pacific,EAS,2016,3.385177493,95.13195801,96.39865112,16.96202,14.67212,101.4135208,87.27394867,46.58541107
East Asia & Pacific,EAS,2017,3.441989183,95.32305145,97.9058609,17.41387,14.74875,101.2212524,87.36949921,47.18144989
East Asia & Pacific,EAS,2018,3.261967063,95.36943054,99.02812958,17.53589,14.75977,100.9022064,87.77478027,47.99137878
East Asia & Pacific,EAS,2019,3.281413198,95.80687714,98.29495239,,,101.0077515,89.25257874,50.01747894
East Asia & Pacific,EAS,2020,3.652873516,96.02870178,96.39723206,,,101.5053787,89.94596863,53.12990189
East Asia & Pacific,EAS,2021,3.335639954,96.16493225,97.84864044,,,101.7354126,90.47788239,56.48656082
East Asia & Pacific,EAS,2022,3.368479609,96.30092621,97.78993225,,,102.1521606,90.95897675,59.67536926
East Asia & Pacific,EAS,2023,,96.43048859,,,,101.6542511,91.54026031,62.09067154
East Asia & Pacific (IDA & IBRD countries),TEA,1999,,90.07312775,94.32962799,24.49215,17.25964,111.1978226,57.49124908,10.4339304
East Asia & Pacific (IDA & IBRD countries),TEA,2000,4.208930016,90.45250702,95.84541321,23.94191,17.89966,111.8914719,58.4840889,11.15769005
East Asia & Pacific (IDA & IBRD countries),TEA,2001,2.92463994,90.79457092,97.49066162,23.24656,19.15103,112.7737274,60.63700867,12.30570984
East Asia & Pacific (IDA & IBRD countries),TEA,2002,2.89222002,91.14411926,96.39051819,22.39397,19.02937,111.3853989,61.66566849,14.10577011
East Asia & Pacific (IDA & IBRD countries),TEA,2003,,91.49603271,95.75218964,20.3403,18.91804,110.0194473,63.15496826,16.07504082
East Asia & Pacific (IDA & IBRD countries),TEA,2004,2.748470068,91.81237793,94.77879333,20.81492,18.7824,108.7025833,65.79843903,17.86348915
East Asia & Pacific (IDA & IBRD countries),TEA,2005,,92.13746643,94.17893219,20.18158,18.28174,107.0983124,67.81616211,19.2852993
East Asia & Pacific (IDA & IBRD countries),TEA,2006,,92.49292755,93.28661346,19.59351,17.6697,106.2731476,70.82879639,20.70922089
East Asia & Pacific (IDA & IBRD countries),TEA,2007,3.061334968,93.70976257,96.14984131,19.08614,16.84127,106.7077103,74.59153748,21.70996094
East Asia & Pacific (IDA & IBRD countries),TEA,2008,3.570144176,94.01355743,101.4860077,19.20127,16.34081,106.9298019,77.39196777,22.46458054
East Asia & Pacific (IDA & IBRD countries),TEA,2009,3.806730986,94.29556274,102.02285,18.74053,16.22447,106.6930695,81.76670837,23.80814934
East Asia & Pacific (IDA & IBRD countries),TEA,2010,3.559665203,94.47676849,101.8182526,18.3924,15.90194,106.4079819,83.91457367,25.63939095
East Asia & Pacific (IDA & IBRD countries),TEA,2011,3.794723511,94.1638031,100.5867996,18.32389,16.15151,106.1219406,85.23906708,27.14518929
East Asia & Pacific (IDA & IBRD countries),TEA,2012,3.94740355,94.39151001,98.24889374,18.30572,15.98017,106.1021805,85.80838776,29.36718941
East Asia & Pacific (IDA & IBRD countries),TEA,2013,3.977101326,94.50080872,99.00666046,17.79425,16.28906,105.4809494,86.82803345,31.93025017
East Asia & Pacific (IDA & IBRD countries),TEA,2014,3.540123224,94.92904663,95.97715759,17.4832,15.81443,102.4824524,86.09181976,39.46643066
East Asia & Pacific (IDA & IBRD countries),TEA,2015,3.500102282,95.13800812,94.32028961,17.24798,15.32017,101.7126083,86.21002197,42.14036942
East Asia & Pacific (IDA & IBRD countries),TEA,2016,3.385177493,95.34355927,95.89367676,17.0038,14.87222,101.4747391,85.42922974,43.98397064
East Asia & Pacific (IDA & IBRD countries),TEA,2017,3.441989183,95.53604889,97.61383057,17.50504,14.98327,101.2998505,85.56268311,44.73284149
East Asia & Pacific (IDA & IBRD countries),TEA,2018,3.171358585,95.57713318,98.8838501,17.64651,14.95966,100.9755783,86.21069336,45.67253113
East Asia & Pacific (IDA & IBRD countries),TEA,2019,3.053606272,95.99716187,98.03662872,,,101.058403,87.73519135,47.80680084
East Asia & Pacific (IDA & IBRD countries),TEA,2020,3.216528893,96.22167206,95.95397186,,,101.5991592,88.60122681,51.1893692
East Asia & Pacific (IDA & IBRD countries),TEA,2021,2.982124329,96.36141968,97.53166962,,,101.8722992,89.2188797,54.78429031
East Asia & Pacific (IDA & IBRD countries),TEA,2022,2.887386799,96.50356293,97.55151367,,,102.3435669,89.77713776,58.26800156
East Asia & Pacific (IDA & IBRD countries),TEA,2023,2.951152325,96.63619232,,,,101.8160019,90.42424774,60.91453934
East Asia & Pacific (excluding high income),EAP,1999,,90.20379639,94.38111877,24.47194,17.26358,111.1296997,57.92147827,10.66802979
East Asia & Pacific (excluding high income),EAP,2000,4.208930016,90.57733154,95.88233948,23.92607,17.89193,111.8141403,58.89789963,11.38253021
East Asia & Pacific (excluding high income),EAP,2001,2.92463994,90.91433716,97.51003265,23.23621,19.12002,112.6846771,61.02698898,12.51315022
East Asia & Pacific (excluding high income),EAP,2002,2.89222002,91.25837708,96.42156219,22.39064,19.0019,111.3055115,62.03913116,14.29195976
East Asia & Pacific (excluding high income),EAP,2003,,91.60472107,95.79633331,20.35435,18.8937,109.9494629,63.50817108,16.23843002
East Asia & Pacific (excluding high income),EAP,2004,2.748470068,91.91644287,94.83782959,20.82463,18.76105,108.6501083,66.12943268,18.00596046
East Asia & Pacific (excluding high income),EAP,2005,,92.23677063,94.24707031,20.19631,18.26885,107.0602036,68.13578033,19.41049004
East Asia & Pacific (excluding high income),EAP,2006,,92.58711243,93.36750793,19.61266,17.66667,106.2428513,71.12637329,20.81786919
East Asia & Pacific (excluding high income),EAP,2007,3.061334968,93.78843689,96.19258118,19.1086,16.85046,106.6736298,74.85463715,21.80592918
East Asia & Pacific (excluding high income),EAP,2008,3.570144176,94.08830261,101.4561462,19.22298,16.35692,106.893898,77.63021851,22.55130005
East Asia & Pacific (excluding high income),EAP,2009,3.806730986,94.3666687,101.9853516,18.76529,16.2509,106.6595306,81.95717621,23.87986946
East Asia & Pacific (excluding high income),EAP,2010,3.559665203,94.54556274,101.7836075,18.41768,15.92361,106.3673401,84.07939148,25.69057083
East Asia & Pacific (excluding high income),EAP,2011,3.794723511,94.23642731,100.5692368,18.34781,16.16995,106.0747528,85.38670349,27.17835045
East Asia & Pacific (excluding high income),EAP,2012,3.94740355,94.46130371,98.26238251,18.32777,16.00089,106.0463104,85.94841766,29.36908913
East Asia & Pacific (excluding high income),EAP,2013,3.977101326,94.56922913,99.01019287,17.81751,16.30567,105.4220505,86.95333099,31.89374924
East Asia & Pacific (excluding high income),EAP,2014,3.540123224,94.99214172,96.02057648,17.50663,15.83737,102.4302063,86.22875977,39.32162857
East Asia & Pacific (excluding high income),EAP,2015,3.500102282,95.19853973,94.38414764,17.27039,15.34908,101.658493,86.34397125,41.94892883
East Asia & Pacific (excluding high income),EAP,2016,3.385177493,95.40149689,95.936409,17.02758,14.90642,101.4133911,85.57215881,43.76148987
East Asia & Pacific (excluding high income),EAP,2017,3.441989183,95.59159088,97.63410187,17.52599,15.01544,101.231041,85.6996994,44.49501038
East Asia & Pacific (excluding high income),EAP,2018,3.171358585,95.63213348,98.8885498,17.66661,14.98305,100.9015732,86.33483124,45.41738129
East Asia & Pacific (excluding high income),EAP,2019,3.053606272,96.04688263,98.05095673,,,100.9860687,87.83795166,47.52482986
East Asia & Pacific (excluding high income),EAP,2020,3.216528893,96.2685318,95.99167633,,,101.5233002,88.69069672,50.86365128
East Asia & Pacific (excluding high income),EAP,2021,2.982124329,96.40647125,97.55103302,,,101.7949829,89.2991333,54.41384888
East Asia & Pacific (excluding high income),EAP,2022,2.887386799,96.54675293,97.56932831,,,102.2617493,89.84879303,57.85718155
East Asia & Pacific (excluding high income),EAP,2023,2.951152325,96.67762756,,,,101.7375336,90.48631287,60.47637939
Ecuador,ECU,1999,1.547340035,,93.9180603,23.6912,,108.3911514,55.7297287,
Ecuador,ECU,2000,1.202659965,,94.193367,23.25134,13.57916,107.4116898,55.96126938,
Ecuador,ECU,2001,,91,94.1531601,23.06638,13.57838,108.008461,56.28702164,
Ecuador,ECU,2002,,,93.4549408,24.47064,13.57727,108.6587296,57.24361038,
Ecuador,ECU,2003,,,92.76197815,23.73489,13.27407,108.234581,56.81657028,
Ecuador,ECU,2004,,,92.49466705,23.13241,13.34317,107.8235092,57.40961075,
Ecuador,ECU,2005,,,96.71990967,22.89619,13.90459,107.8512497,59.8716011,
Ecuador,ECU,2006,,,96.7192688,22.51506,14.36216,108.0287018,61.9531517,
Ecuador,ECU,2007,,92,96.95852661,22.56566,14.65735,109.5746613,63.44718933,
Ecuador,ECU,2008,,92,,,,107.735611,,38.18717957
Ecuador,ECU,2009,4.5176301,92,96.83426666,23.18609,20.52053,112.4222488,85.97103882,
Ecuador,ECU,2010,4.600289822,92,101.9746704,21.98396,19.9457,109.243782,91.55838776,
Ecuador,ECU,2011,4.744249821,92,105.2316437,21.89836,20.90102,109.0900421,95.69297028,
Ecuador,ECU,2012,4.653100014,92,105.2959595,22.07965,21.96425,106.4233932,98.55480194,39.25246811
Ecuador,ECU,2013,4.929979801,93,104.1868515,23.29823,23.0055,104.8921738,100.6592102,39.77344131
Ecuador,ECU,2014,5.210209846,94,105.8082962,24.70893,23.03294,105.9682999,102.5903397,
Ecuador,ECU,2015,5.105700016,94,99.28074646,25.10819,22.35071,101.1858902,100.7917862,44.53715134
Ecuador,ECU,2016,4.362748146,94,96.72535706,25.09592,21.94529,99.03040314,99.5687027,
Ecuador,ECU,2017,4.614257813,93,98.9387207,24.48003,20.99927,98.24816132,97.39710999,
Ecuador,ECU,2018,4.621455193,,98.37651825,24.26216,20.62112,98.93109894,96.02104187,47.33118057
Ecuador,ECU,2019,4.245779991,,95.77159882,,,98.35057831,94.73153687,47.26277924
Ecuador,ECU,2020,4.261030197,94,95.37618256,,,98.1471405,94.68940735,56.90663147
Ecuador,ECU,2021,3.647769928,94,93.94068146,,,98.20591736,95.2277832,
Ecuador,ECU,2022,3.59897995,94,99.46662903,,,99.5941925,94.76364136,59.87977982
Ecuador,ECU,2023,3.893650055,,100.1996765,,,97.30069733,93.4162674,
"Egypt, Arab Rep.",EGY,1999,,,90.67249298,23.37189,16.89777,92.29634094,77.22431183,28.86318016
"Egypt, Arab Rep.",EGY,2000,,,89.49212646,22.98104,16.94733,90.89424896,79.08350372,
"Egypt, Arab Rep.",EGY,2001,,,87.46279144,22.26153,16.96453,89.99484253,80.79003143,28.19529915
"Egypt, Arab Rep.",EGY,2002,4.795883656,,85.88980865,22.49667,17.3925,89.93057251,80.39016724,29.31665039
"Egypt, Arab Rep.",EGY,2003,4.945630074,,83.70610046,22.18727,17.2801,89.91686249,80.2661972,26.39159966
"Egypt, Arab Rep.",EGY,2004,4.6707201,,84.77787018,21.8606,17.07949,90.44394684,79.4210968,27.67634964
"Egypt, Arab Rep.",EGY,2005,4.794429779,67,86.33477783,25.6326,,90.47357941,,28.79574966
"Egypt, Arab Rep.",EGY,2006,4.001780033,66,82.29962921,26.00118,,92.0611496,,28.72975922
"Egypt, Arab Rep.",EGY,2007,3.68460989,,86.528862,27.08402,,93.07250977,,29.17598915
"Egypt, Arab Rep.",EGY,2008,3.760829926,,,,,,,28.99393082
"Egypt, Arab Rep.",EGY,2009,3.639190912,,89.19389343,27.20919,12.13411,94.65712738,63.78504181,29.6097393
"Egypt, Arab Rep.",EGY,2010,3.542651892,72,90.41673279,27.73437,,94.57717133,65.25720978,30.50867081
"Egypt, Arab Rep.",EGY,2011,3.344296455,,,,,91.02423859,73.5110321,25.87219048
"Egypt, Arab Rep.",EGY,2012,3.368304729,74,,,,95.66575623,74.48426056,26.45796013
"Egypt, Arab Rep.",EGY,2013,4.122526169,72,92.02159119,,,95.55986023,75.81950378,28.52176094
"Egypt, Arab Rep.",EGY,2014,4.251385689,,,,,94.04237366,75.66780853,29.16887093
"Egypt, Arab Rep.",EGY,2015,3.930848122,,,,,,,32.81311035
"Egypt, Arab Rep.",EGY,2016,,,88.03392029,23.07766,14.79149,95.42575836,78.5734024,31.93047905
"Egypt, Arab Rep.",EGY,2017,,71,87.41649628,23.77693,15.21374,95.79132843,79.36119843,33.16210175
"Egypt, Arab Rep.",EGY,2018,,,90.62358856,23.67945,15.16281,96.58303833,79.98683929,36.71715164
"Egypt, Arab Rep.",EGY,2019,,,92.85021973,,,97.81710815,81.17051697,
"Egypt, Arab Rep.",EGY,2020,,,96.57261658,,,98.89639282,83.16262817,40.01293945
"Egypt, Arab Rep.",EGY,2021,,,97.47286987,,,99.75010681,85.59242249,
"Egypt, Arab Rep.",EGY,2022,,74.5,,,,91.59017944,,37.81845093
"Egypt, Arab Rep.",EGY,2023,,,,,,90.30618286,,39.38230896
El Salvador,SLV,1999,2.562609911,,,,,106.8547211,51.99449921,20.41924095
El Salvador,SLV,2000,2.838680029,,86.05966949,,,107.4295807,54.5617981,19.69491005
El Salvador,SLV,2001,,,85.47023773,,,109.0733719,56.9338913,18.89561081
El Salvador,SLV,2002,3.242840052,,85.69277191,,,111.0090103,60.48038864,19.63496017
El Salvador,SLV,2003,3.134670019,,86.31275177,45.50168,29.02299,113.9478378,63.95782852,20.46573067
El Salvador,SLV,2004,,,,46.16032,30.25362,117.0974884,67.67392731,21.51532936
El Salvador,SLV,2005,3.177850008,,89.49141693,43.23934,28.91989,117.0495224,67.41905212,22.32106018
El Salvador,SLV,2006,3.492980003,84,88.41423798,40.09995,,115.9505692,67.12787628,23.14746094
El Salvador,SLV,2007,3.60984993,82,91.79400635,39.67234,26.89633,120.9034729,66.96620941,24.65179062
El Salvador,SLV,2008,4.458109856,84,92.48967743,32.61124,26.32674,112.6889725,65.72485352,25.45528984
El Salvador,SLV,2009,4.659500122,84,95.38069153,31.00441,24.36291,111.0421677,66.28148651,25.83068085
El Salvador,SLV,2010,4.048079967,84,97.51793671,,,111.0397415,67.69901276,26.21208
El Salvador,SLV,2011,3.89854002,85,98.53662109,29.28568,24.34529,109.9426498,69.28766632,27.19803047
El Salvador,SLV,2012,3.712440014,,96.85968018,,,108.8993301,70.36251831,27.95022964
El Salvador,SLV,2013,3.801490068,87,95.09803772,,,107.9349823,73.24143219,28.1076107
El Salvador,SLV,2014,3.824160099,,94.17157745,,,106.5974274,72.4806366,27.36631966
El Salvador,SLV,2015,3.909879923,88,92.77680969,29.69441,30.84663,104.5803299,70.69818878,27.2137394
El Salvador,SLV,2016,3.825239897,88,92.14292145,28.26087,29.31611,102.4119034,69.12902832,27.00547028
El Salvador,SLV,2017,3.725229979,88,91.6084137,28.27102,27.82175,98.93541718,66.90673065,27.46780014
El Salvador,SLV,2018,3.605750084,89,89.75904083,26.89473,27.55579,97.44642639,67.72659302,28.03388023
El Salvador,SLV,2019,3.387109995,89,,,,92.26983643,66.0821228,28.36889076
El Salvador,SLV,2020,3.660880089,90,83.15180206,,,90.99665833,66.20303345,30.81921005
El Salvador,SLV,2021,3.577660084,,83.84255219,,,89.39743805,66.03547668,30.12958908
El Salvador,SLV,2022,3.256340027,,79.81800079,,,89.32914734,65.33146667,31.28237915
El Salvador,SLV,2023,3.172189951,90,80.95858002,,,91.05136108,65.74420166,32.22851181
Equatorial Guinea,GNQ,1999,,,,56.68684,23.37529,88.00318909,22.65395927,
Equatorial Guinea,GNQ,2000,,88,36.92213821,43.39267,23.15996,83.4076004,22.0695591,1.860679984
Equatorial Guinea,GNQ,2001,,,,43.35746,,84.34941101,19.15357018,
Equatorial Guinea,GNQ,2002,,,,,,80.58016968,18.67617989,
Equatorial Guinea,GNQ,2003,,,27.1960907,31.97703,,73.18987274,,
Equatorial Guinea,GNQ,2005,,,32.89429092,,19.24943,71.32682037,18.38174057,
Equatorial Guinea,GNQ,2008,,,31.55319977,27.96517,,60.86365891,,
Equatorial Guinea,GNQ,2009,,,34.00828171,24.21892,,61.21923065,,
Equatorial Guinea,GNQ,2010,,94.3705368,36.44540024,27.16736,,62.48283005,,
Equatorial Guinea,GNQ,2011,,,36.3376503,27.90775,,62.66175842,,
Equatorial Guinea,GNQ,2012,,,38.7949791,26.1669,,64.01616669,,
Equatorial Guinea,GNQ,2015,,,39.06110001,23.22706,,52.78697968,,
Equatorial Guinea,GNQ,2016,,,,,,53.5364844,,
Equatorial Guinea,GNQ,2017,,,,,,53.37538398,,
Equatorial Guinea,GNQ,2018,,,,,,51.23345394,,6.16062212
Equatorial Guinea,GNQ,2019,,,,,,51.19901424,,5.373222351
Eritrea,ERI,1999,5.26281023,,54.74081039,46.98045,50.6554,81.96359253,35.86595917,1.829100013
Eritrea,ERI,2000,,,58.15969849,47.51019,54.06198,90.37248993,40.83050919,1.864529967
Eritrea,ERI,2001,4.047160149,,58.94351959,44.79469,52.44428,89.47692871,41.85570908,2.457979918
Eritrea,ERI,2002,3.523900032,53,56.46847153,44.04881,49.31321,95.84499359,43.22230911,2.289299965
Eritrea,ERI,2003,,,61.97653961,46.71681,53.50796,101.6137238,44.48345947,
Eritrea,ERI,2004,3.148969889,,68.50109863,46.68206,47.83736,100.7136002,44.65032959,1.763790011
Eritrea,ERI,2005,,,81.36643219,47.53362,51.34769,97.93702698,48.88262177,
Eritrea,ERI,2006,2.127000093,,73.94104004,47.2394,54.39016,91.76985168,50.39802933,
Eritrea,ERI,2007,,,71.16004181,47.866,43.21571,82.42550659,47.46791077,
Eritrea,ERI,2008,,65,63.7064209,42.95363,,76.6411438,48.60443115,
Eritrea,ERI,2009,,,67.50077057,38.46821,42.89777,73.39821625,49.00201035,3.446949959
Eritrea,ERI,2010,,,58.15129089,37.95899,38.68424,69.17006683,48.7314415,4.118519783
Eritrea,ERI,2011,,,57.87773895,40.4643,39.49376,74.12003326,48.98136902,
Eritrea,ERI,2012,,,54.73149109,40.9313,37.88873,77.13707733,49.77939987,
Eritrea,ERI,2013,,,53.57263184,45.66797,38.48073,86.13471985,48.38063812,
Eritrea,ERI,2014,,,56.92482758,42.46671,40.59032,77.25260925,47.65390015,3.886600018
Eritrea,ERI,2015,,,57.43307877,43.33621,38.88105,76.30319214,43.28332138,3.305740118
Eritrea,ERI,2016,,,,,,74.16499694,,3.009720087
Eritrea,ERI,2017,,,63.71343994,39.24553,36.56873,72.44037628,41.87742996,
Eritrea,ERI,2018,,76.57051849,62.92975998,38.74092,35.02165,72.81954193,42.94683075,
Eritrea,ERI,2019,,,59.45571136,,,72.03640359,42.79370726,
Eritrea,ERI,2022,,,56.66545868,,,82.97084808,40.74428177,
Estonia,EST,1999,6.652490139,,93.98577118,15.66547,10.46366,100.1589279,91.12747955,50.23526001
Estonia,EST,2000,5.339459896,100,97.49063873,14.32289,9.79109,104.3249588,95.02153778,54.40182877
Estonia,EST,2001,5.228459835,,101.8992081,14.10571,10.05493,105.54216,96.21543121,58.71747971
Estonia,EST,2002,5.43460989,,101.2369232,,,105.4728165,99.08287048,61.74710083
Estonia,EST,2003,5.273099899,,105.3097763,,,105.6544724,99.07743835,64.22226715
Estonia,EST,2004,4.876749992,,106.9942169,,,104.8116531,101.4452286,65.77739716
Estonia,EST,2005,4.810269833,,103.6330872,,,103.5706482,104.2218475,67.98435211
Estonia,EST,2006,5.856762409,,103.5818787,10.58928,,102.7617798,104.0280304,68.79508209
Estonia,EST,2007,4.619909763,,103.9924774,12.82706,9.92589,101.6798172,105.0911789,68.82205963
Estonia,EST,2008,5.484039783,,102.1875,12.15258,9.40907,100.795517,105.3950119,67.83560944
Estonia,EST,2009,5.960050106,,100.2687683,11.89762,9.44342,100.1811218,107.4255524,67.84941864
Estonia,EST,2010,5.517789841,,100.9882736,11.72345,8.76124,99.59726715,110.8886795,68.7101593
Estonia,EST,2011,5.014490128,100,99.74957275,11.7829,8.77001,99.04283905,112.2874069,71.02352905
Estonia,EST,2012,4.717720032,,99.68601227,11.54548,8.37591,98.3196106,112.5360031,72.93647003
Estonia,EST,2013,4.843880177,,96.88426208,11.49954,8.09777,97.67951965,110.5217133,75.45231628
Estonia,EST,2014,4.394330025,,98.34062958,,,97.59226227,107.6858215,76.20245361
Estonia,EST,2015,5.144189835,,97.09329987,,,97.11914825,108.188797,74.58328247
Estonia,EST,2016,5.15763998,,97.93798065,11.26704,8.78266,97.29234314,111.596199,73.03343201
Estonia,EST,2017,4.961319923,,96.38076782,11.31153,9.18187,97.25005341,113.2497864,72.13697815
Estonia,EST,2018,5.239970207,,96.59681702,,,97.45594788,112.759697,72.06596375
Estonia,EST,2019,5.260419846,,97.27607727,,,98.15772247,112.2872009,72.7060318
Estonia,EST,2020,5.52696991,,95.80139923,,,98.34667206,112.5277023,72.0443573
Estonia,EST,2021,5.26320982,99.87000275,98.22622681,,,98.81466675,113.01091,73.15020752
Estonia,EST,2022,,,98.52239227,,,99.26381683,112.5518494,71.42519379
Eswatini,SWZ,1999,5.090950012,,63.22130966,33.15813,,98.25888824,45.40196991,4.586380005
Eswatini,SWZ,2000,5.508480072,82,64.96784973,31.27536,17.27932,98.09436798,43.58200836,4.296020031
Eswatini,SWZ,2001,4.838240147,,61.99100876,32.87289,,97.11401367,43.5896492,
Eswatini,SWZ,2002,4.440869808,,63.04114914,31.07433,16.30065,96.81404114,43.96680832,4.424170017
Eswatini,SWZ,2003,5.816770077,,61.66677856,31.20419,16.88762,98.20406342,43.10388947,
Eswatini,SWZ,2004,5.401609898,,63.67990875,32.31015,18.07154,104.612793,46.60847092,5.328360081
Eswatini,SWZ,2005,6.484620094,,66.41398621,32.87287,16.73285,108.2429276,48.54563141,4.683169842
Eswatini,SWZ,2006,6.554759979,,66.91410828,33.25891,19.34632,114.2995071,52.37770844,4.452370167
Eswatini,SWZ,2007,,,75.05426025,32.44134,19.00757,117.8236008,56.16275024,
Eswatini,SWZ,2008,6.618120193,,,,,,,
Eswatini,SWZ,2009,6.471350193,,80.29933167,31.64829,17.6148,119.7706604,57.97122955,
Eswatini,SWZ,2010,6.118370056,83.09828949,85.65274048,32.3244,18.12249,125.4293365,63.54621124,
Eswatini,SWZ,2011,6.864329815,,85.89884186,30.4911,17.2581,124.782547,67.05371857,6.764520168
Eswatini,SWZ,2012,5.593282223,,85.25023651,29.05959,16.5432,124.5374527,70.27063751,
Eswatini,SWZ,2013,5.084610462,,86.97783661,28.09674,15.99538,124.5052719,73.21430969,6.176599979
Eswatini,SWZ,2014,7.070590019,,86.50097656,28.03276,15.90008,125.2073898,76.62100983,
Eswatini,SWZ,2015,5.35494709,,93.19016266,27.58272,15.79598,125.1803284,79.5160675,
Eswatini,SWZ,2016,5.433553219,,100.1065674,27.27385,15.54522,123.1779327,85.97560883,
Eswatini,SWZ,2017,6.177914143,,101.5853882,26.59621,,121.9642563,,
Eswatini,SWZ,2018,5.736873627,,101.6405106,,,121.5433807,,
Eswatini,SWZ,2019,5.699148178,,98.03701019,,,120.8630371,,
Eswatini,SWZ,2020,5.360104561,89.27999878,,,,,,
Eswatini,SWZ,2021,5.287148952,,,,,,,
Eswatini,SWZ,2022,5.692605972,90.74701691,,,,,,
Eswatini,SWZ,2023,6.312942028,,90.15886688,,,113.5388107,,
Ethiopia,ETH,1999,,,19.44908905,,,47.2740593,12.90544033,0.933220029
Ethiopia,ETH,2000,3.886149883,,21.25901031,67.33913,,51.74644089,13.98243046,1.166000009
Ethiopia,ETH,2001,3.700289965,,26.36919022,,,57.13103867,16.76921082,1.461140037
Ethiopia,ETH,2002,3.632450104,,29.90175056,,,60.1207695,18.58958054,1.657189965
Ethiopia,ETH,2003,,,32.80609131,,,61.6243515,19.02877045,2.351279974
Ethiopia,ETH,2004,,35.90000153,35.08459091,,,64.85507965,21.00012016,2.659060001
Ethiopia,ETH,2005,,29.8203392,41.37371826,,,76.44712067,23.44086075,2.854010105
Ethiopia,ETH,2006,5.490960121,,45.266819,,,81.39704895,27.26987076,
Ethiopia,ETH,2007,5.451129913,39,45.93083954,,,87.85949707,30.30982971,
Ethiopia,ETH,2008,5.408199787,,48.54301071,62.28293,46.22677,94.04268646,31.6366291,3.424079895
Ethiopia,ETH,2009,4.422070026,,50.65322876,57.9406,47.41352,92.90653229,32.17301178,4.962659836
Ethiopia,ETH,2010,4.496590137,,57.52033997,54.05852,43.07495,91.03541493,33.75022888,6.833869934
Ethiopia,ETH,2011,5.485760212,,52.99978256,55.06929,40.33126,93.30715179,35.35966873,7.175730228
Ethiopia,ETH,2012,5.56678009,,51.18000793,,40.35064,92.67861092,37.21474075,7.599860191
Ethiopia,ETH,2013,4.824464321,,,,,,,
Ethiopia,ETH,2014,4.7926507,,52.59540939,,,96.15624404,,7.738729954
Ethiopia,ETH,2015,5.15336132,,52.84944153,,,97.11900701,34.86713965,
Ethiopia,ETH,2016,5.061513901,47.49158859,,,,,,
Ethiopia,ETH,2017,5.499050617,51.7711792,,,,104.2036737,,
Ethiopia,ETH,2018,5.220111847,,,,,,,
Ethiopia,ETH,2019,4.480869293,,,,,,,
Ethiopia,ETH,2020,4.090565205,,64.09295654,,,114.5573228,,
Ethiopia,ETH,2021,4.065248966,,,,,102.679577,,
Ethiopia,ETH,2022,3.736495018,,62.14180374,,,85.53126688,,
Ethiopia,ETH,2023,,,55.90358353,,,84.47217926,,
Euro area,EMU,1999,4.510849953,,98.7305069,15.23755,12.30762,104.9688416,103.5602493,50.75167847
Euro area,EMU,2000,5.274270058,,97.12564087,14.6687,11.96365,103.6988373,103.4688187,52.04372025
Euro area,EMU,2001,5.33713007,,99.08850861,14.37892,11.77876,103.9254074,104.5087967,53.80572891
Euro area,EMU,2002,5.258719921,,97.82138062,14.02949,11.72299,103.3812714,104.8908691,55.44535065
Euro area,EMU,2003,5.085664988,,97.57726288,13.95161,11.73991,103.3577194,105.0472794,57.46844101
Euro area,EMU,2004,4.961565018,,98.21794891,13.86827,11.62293,103.4196625,104.0454788,59.37977982
Euro area,EMU,2005,5.091674805,,97.76849365,13.68196,11.5366,104.3175201,105.7556763,60.78879166
Euro area,EMU,2006,4.95732069,,97.29029083,13.56853,11.60191,104.1939468,106.2454224,61.75411987
Euro area,EMU,2007,4.674350023,,97.99476624,13.3586,11.38974,104.0147476,106.332901,62.00601959
Euro area,EMU,2008,5.069284916,,98.42153168,13.27048,11.38713,103.7362518,106.9625168,62.20650864
Euro area,EMU,2009,5.559059858,,97.93798065,13.16155,11.40097,103.1700897,107.1687164,62.98361969
Euro area,EMU,2010,5.450789928,,97.4730835,12.94273,11.42377,102.7270508,108.7821503,64.57324219
Euro area,EMU,2011,5.11838007,,97.39463043,12.76611,11.46512,102.5018463,109.5557022,66.18357086
Euro area,EMU,2012,5.315917015,,96.68193817,12.90934,11.55823,102.2226486,108.4249268,67.05905151
Euro area,EMU,2013,5.308379889,,96.78257751,13.14922,11.75595,102.7113419,108.9982224,67.94255829
Euro area,EMU,2014,5.150075674,,96.22059631,13.32559,11.74737,102.0296402,108.304039,69.95578766
Euro area,EMU,2015,4.93930769,,96.72296906,13.29565,11.73668,102.0143509,108.1487427,71.47483063
Euro area,EMU,2016,4.815949917,,95.9691925,13.09754,11.42687,101.6773682,107.3750687,72.24066925
Euro area,EMU,2017,4.826184988,,96.01213074,13.20755,11.42341,102.2516632,107.6152878,73.64652252
Euro area,EMU,2018,4.804859877,,95.91150665,13.203,11.42415,102.3735199,107.85746,74.79908752
Euro area,EMU,2019,4.760775089,,96.35346222,,,102.454422,107.7901611,76.03185272
Euro area,EMU,2020,5.139569998,,96.08975983,,,102.4104233,108.5110931,76.93869019
Euro area,EMU,2021,5.050464869,,96.76361084,,,101.8681488,108.5054398,79.95292664
Euro area,EMU,2022,,,95.94706726,,,101.9509277,108.4836502,81.75208282
Euro area,EMU,2023,,,95.95599365,,,101.9304428,108.4880981,81.80621338
Europe & Central Asia,ECS,1999,4.506999969,96.592453,97.46328735,16.9551,11.7544,103.9317169,93.721138,43.01190948
Europe & Central Asia,ECS,2000,4.388735056,96.65251923,96.78774261,16.53301,11.67828,103.8618774,94.69644928,44.84700012
Europe & Central Asia,ECS,2001,4.650090218,96.75279999,98.82933807,16.20312,11.67945,104.8836517,96.71811676,47.33586884
Europe & Central Asia,ECS,2002,4.528694868,96.91116333,98.85478973,16.02089,11.73312,105.4910812,98.0308075,49.98225021
Europe & Central Asia,ECS,2003,5.040420055,97.00517273,98.1399765,15.91851,11.76852,104.276001,98.71833038,52.5842514
Europe & Central Asia,ECS,2004,4.834060192,97.0912323,98.63925934,15.80889,11.60135,103.6656418,96.45001984,53.88151169
Europe & Central Asia,ECS,2005,4.929769993,97.21016693,99.23863983,15.55318,11.4976,102.6281662,96.16657257,55.62868881
Europe & Central Asia,ECS,2006,4.907670021,97.27015686,97.7932663,15.39496,11.35737,102.1964264,96.68742371,57.21569824
Europe & Central Asia,ECS,2007,4.633289814,97.35178375,97.71968079,15.05574,11.1813,102.0000534,97.12551117,58.38571167
Europe & Central Asia,ECS,2008,4.839900017,97.47324371,97.88957214,14.93745,11.12936,101.6194687,97.72367096,59.25030899
Europe & Central Asia,ECS,2009,4.968065023,97.7307663,97.55555725,14.81432,11.11394,101.2309113,97.56349945,60.4651413
Europe & Central Asia,ECS,2010,5.095880032,97.89465332,97.12241364,14.71334,11.18062,101.2875366,99.30013275,62.07733154
Europe & Central Asia,ECS,2011,4.922635078,98.03515625,97.48069,14.64212,11.14743,101.2438278,99.58602905,63.09180069
Europe & Central Asia,ECS,2012,4.898620129,98.13265991,97.48973083,14.77627,11.10405,101.1851883,99.12304688,63.8563385
Europe & Central Asia,ECS,2013,5.009419918,98.19622803,97.35391998,14.9614,11.51975,102.3677597,104.6341324,64.99500275
Europe & Central Asia,ECS,2014,4.925795078,98.2387085,97.04247284,14.92689,11.44363,101.4401169,104.9512787,66.46382141
Europe & Central Asia,ECS,2015,4.897535086,98.28185272,97.25997162,14.75172,11.29639,100.7454834,104.7153778,67.47672272
Europe & Central Asia,ECS,2016,4.792669773,98.33891296,101.0113907,14.69603,11.09253,100.3513031,104.4204788,69.01490784
Europe & Central Asia,ECS,2017,4.689909935,98.41797638,96.53700256,14.85681,11.08297,100.1619797,105.2794724,70.67520905
Europe & Central Asia,ECS,2018,4.675159931,98.50179291,95.87391663,14.86965,11.08115,100.6505585,105.0921402,72.22366333
Europe & Central Asia,ECS,2019,4.58624506,98.56401062,97.01406097,,,101.0513077,104.8844528,73.8953476
Europe & Central Asia,ECS,2020,4.862639904,98.60382843,97.54936218,,,100.821907,103.2791901,75.45462036
Europe & Central Asia,ECS,2021,4.790170193,98.64627838,98.03286743,,,100.826149,103.1022873,78.53398895
Europe & Central Asia,ECS,2022,4.543890476,98.66442108,97.72332764,,,100.6205215,103.3852234,80.61105347
Europe & Central Asia,ECS,2023,,98.68871307,97.65142059,,,99.8422699,103.0863724,81.24282837
Europe & Central Asia (IDA & IBRD countries),TEC,1999,3.892570019,97.1244812,96.58493042,18.85855,11.27157,103.9183197,86.98709869,36.9621315
Europe & Central Asia (IDA & IBRD countries),TEC,2000,3.50838995,97.2419281,96.1587677,18.57885,11.31734,104.6294937,88.48071289,39.4783287
Europe & Central Asia (IDA & IBRD countries),TEC,2001,3.421469927,97.32436371,98.75125122,18.33393,11.41741,106.4574966,91.18948364,42.68175125
Europe & Central Asia (IDA & IBRD countries),TEC,2002,3.386080027,97.40515137,99.34735107,18.39209,11.50202,108.0533524,93.02961731,45.73131943
Europe & Central Asia (IDA & IBRD countries),TEC,2003,3.678539991,97.48059082,98.28044891,18.38193,11.57095,105.6400604,94.10141754,48.74198914
Europe & Central Asia (IDA & IBRD countries),TEC,2004,3.547869921,97.54106903,98.8022995,17.94303,11.42852,103.6559296,90.96867371,49.81283188
Europe & Central Asia (IDA & IBRD countries),TEC,2005,3.771929979,97.67980194,100.0782471,17.74818,11.30978,101.0454102,89.28064728,51.9426384
Europe & Central Asia (IDA & IBRD countries),TEC,2006,3.903460026,97.63809967,97.69721222,17.47109,11.06086,100.4961395,90.53089142,54.14559174
Europe & Central Asia (IDA & IBRD countries),TEC,2007,3.967519999,97.72180176,97.21260834,17.0174,10.88874,100.4117279,91.20231628,55.98727036
Europe & Central Asia (IDA & IBRD countries),TEC,2008,4.101749897,97.8286972,97.2640686,16.68211,10.75603,99.37609863,91.55696106,57.52531815
Europe & Central Asia (IDA & IBRD countries),TEC,2009,4.321614981,98.27427673,97.00795746,16.58544,10.68708,99.07559204,90.87465668,58.96741867
Europe & Central Asia (IDA & IBRD countries),TEC,2010,3.857460022,98.54540253,96.44496155,16.64097,10.76379,99.50176239,92.46601868,60.67601013
Europe & Central Asia (IDA & IBRD countries),TEC,2011,4.024765015,98.75524139,97.23635101,16.75759,10.68817,99.75556946,93.53739929,61.57521057
Europe & Central Asia (IDA & IBRD countries),TEC,2012,3.901637077,98.87976837,97.7231369,16.73481,10.53622,99.65666199,93.45648193,62.42206955
Europe & Central Asia (IDA & IBRD countries),TEC,2013,4.344810009,98.92591095,97.45810699,16.85867,10.97792,101.279953,98.26989746,64.28707886
Europe & Central Asia (IDA & IBRD countries),TEC,2014,4.241316557,98.96221924,97.15866852,16.85403,10.82036,100.9242401,98.94464874,65.80914307
Europe & Central Asia (IDA & IBRD countries),TEC,2015,4.108792186,98.99674225,97.28272247,16.56762,10.61154,99.46160889,98.86734772,66.71153259
Europe & Central Asia (IDA & IBRD countries),TEC,2016,4.264510155,99.0506897,104.7605133,16.77199,10.39485,98.87705994,98.87435913,68.78188324
Europe & Central Asia (IDA & IBRD countries),TEC,2017,4.077559948,99.11125183,96.38336182,17.08293,10.35177,97.99607086,100.272049,70.67980194
Europe & Central Asia (IDA & IBRD countries),TEC,2018,4.047090054,99.21199036,95.36695099,17.06837,10.3459,98.80342102,100.5074005,72.49546814
Europe & Central Asia (IDA & IBRD countries),TEC,2019,3.98228991,99.28002167,97.01689148,,,99.53395844,100.665657,74.07367706
Europe & Central Asia (IDA & IBRD countries),TEC,2020,4.389019966,99.30409241,98.18166351,,,99.03212738,97.80850983,75.65274048
Europe & Central Asia (IDA & IBRD countries),TEC,2021,4.096445084,99.33437347,98.539711,,,99.41378784,97.58647919,78.04116058
Europe & Central Asia (IDA & IBRD countries),TEC,2022,4.054027557,99.35745239,98.27146912,,,98.92674255,98.16060638,80.28575897
Europe & Central Asia (IDA & IBRD countries),TEC,2023,,99.38118744,98.12494659,,,97.42687988,97.65145111,81.46891785
Europe & Central Asia (excluding high income),ECA,1999,3.75532496,94.88533783,96.0693512,20.77612,11.10609,101.8498688,83.5619812,28.36692047
Europe & Central Asia (excluding high income),ECA,2000,3.469280005,95.11637878,96.35944366,20.40795,11.16249,103.5255203,85.34020233,29.81255913
Europe & Central Asia (excluding high income),ECA,2001,3.458699942,95.27252197,98.07333374,20.06541,11.27828,104.9546127,89.30267334,31.12269974
Europe & Central Asia (excluding high income),ECA,2002,3.136129975,95.42579651,99.36901093,19.81363,11.34348,105.7702179,91.47215271,32.6971283
Europe & Central Asia (excluding high income),ECA,2003,3.25831604,95.56822205,98.7297821,19.53694,11.39143,101.196579,93.28917694,35.13793182
Europe & Central Asia (excluding high income),ECA,2004,3.337610006,95.68714142,100.5936584,19.05629,11.33057,101.2663269,92.31887054,36.53731918
Europe & Central Asia (excluding high income),ECA,2005,3.396839976,95.97032928,103.6626511,18.98538,11.29529,102.5085373,89.73052979,38.26562119
Europe & Central Asia (excluding high income),ECA,2006,3.297479987,95.8777771,99.51785278,18.71192,11.04547,101.8401489,91.55357361,40.79561996
Europe & Central Asia (excluding high income),ECA,2007,3.413269997,96.04781342,98.8078537,18.29529,10.88614,102.0715714,92.7350769,42.00011063
Europe & Central Asia (excluding high income),ECA,2008,3.484528065,96.17410278,98.2372818,18.07009,10.7537,100.9623337,92.2057724,42.70476151
Europe & Central Asia (excluding high income),ECA,2009,4.098309994,96.99658966,98.47794342,18.05049,10.72109,100.3714371,89.29226685,44.44232178
Europe & Central Asia (excluding high income),ECA,2010,3.843972921,97.54811859,97.91233826,18.19861,10.83323,100.9426117,90.90209961,47.06718063
Europe & Central Asia (excluding high income),ECA,2011,4.221519947,97.96994019,99.81893921,18.00801,10.89878,101.2893982,91.75588989,49.12244034
Europe & Central Asia (excluding high income),ECA,2012,3.959833622,98.21566772,98.73754883,17.96262,10.75538,100.6362,91.52751923,51.909729
Europe & Central Asia (excluding high income),ECA,2013,4.677114964,98.30252075,98.89247131,18.11481,11.15565,104.0335312,97.900383,54.91859818
Europe & Central Asia (excluding high income),ECA,2014,4.412580013,98.36765289,98.41150665,18.09482,10.97322,103.3897095,99.33589935,57.65916061
Europe & Central Asia (excluding high income),ECA,2015,4.305500031,98.42497253,97.20794678,17.82266,10.77056,100.8021088,99.22981262,59.66516876
Europe & Central Asia (excluding high income),ECA,2016,4.446125031,98.52690125,110.7661285,18.15291,10.54213,100.0533829,99.67173767,63.36957932
Europe & Central Asia (excluding high income),ECA,2017,4.016924977,98.64160919,95.51554108,18.41218,10.4964,97.59105682,101.2732086,67.20542908
Europe & Central Asia (excluding high income),ECA,2018,4.095134974,98.69303894,93.95983887,18.39211,10.48524,98.57093048,100.9848022,70.01683807
Europe & Central Asia (excluding high income),ECA,2019,4.044499874,98.8225708,96.39122009,,,99.72702026,100.8199921,72.73561859
Europe & Central Asia (excluding high income),ECA,2020,4.389126778,98.86509705,98.23912048,,,99.54319,98.78073883,75.17771149
Europe & Central Asia (excluding high income),ECA,2021,4.136229992,98.91927338,98.61186218,,,99.10373688,98.52674866,78.70543671
Europe & Central Asia (excluding high income),ECA,2022,4.106591225,98.96550751,98.28656006,,,98.64559937,99.69023132,81.73769379
Europe & Central Asia (excluding high income),ECA,2023,4.951479912,98.99172211,97.99960327,,,97.77237701,99.48716736,83.70015717
European Union,EUU,1999,4.579434872,,98.58885956,14.97835,12.54052,104.1720886,101.1492233,46.98033142
European Union,EUU,2000,5.073889971,,97.30458069,14.58597,12.32525,103.2349472,101.4230118,48.83900833
European Union,EUU,2001,5.273744822,,99.41597748,14.28152,12.22444,103.5421982,102.644722,51.4018898
European Union,EUU,2002,5.218975067,,98.40383148,14.1123,12.24924,103.2417908,103.3087921,53.88142014
European Union,EUU,2003,5.114180088,,97.9770813,14.12397,12.30227,103.143959,103.6882477,56.30519867
European Union,EUU,2004,5.046380043,,98.30457306,14.11408,12.03165,103.0184402,101.4023285,58.48337173
European Union,EUU,2005,5.109399796,,98.01229858,13.84741,11.81862,103.5217209,102.9043579,60.25740051
European Union,EUU,2006,5.006971359,,97.78263092,13.76735,11.78432,103.3520737,103.6738663,61.67123032
European Union,EUU,2007,4.715410233,,98.03852844,13.48999,11.58689,103.0816727,103.6642609,62.52651978
European Union,EUU,2008,5.029049873,,98.14997864,13.42462,11.60798,102.6966705,104.8562775,63.70471954
European Union,EUU,2009,5.522659779,,97.86412811,13.28071,11.60223,102.2925034,105.5690384,64.94355011
European Union,EUU,2010,5.297860146,,97.66526794,13.07971,11.62734,101.9652634,106.9685364,66.3764267
European Union,EUU,2011,5.071619987,,97.5760498,13.06676,11.52783,101.7557678,107.6592102,67.15796661
European Union,EUU,2012,4.949409962,,96.85951233,13.28827,11.57438,101.6498032,106.6672211,67.17671204
European Union,EUU,2013,5.021240234,,96.85703278,13.60514,12.00959,102.2583313,108.9246902,67.51966095
European Union,EUU,2014,4.966569901,,96.3984375,13.53942,12.0173,101.5836868,108.2192001,68.71903992
European Union,EUU,2015,4.909530163,,96.99160767,13.40088,11.91926,101.4295502,107.9576721,69.7702713
European Union,EUU,2016,4.792669773,,96.26657867,13.16466,11.73981,101.0575409,107.1282883,70.51470184
European Union,EUU,2017,4.647570133,,96.74617767,13.30876,11.7795,101.4579773,107.4189529,71.78659821
European Union,EUU,2018,4.623439789,,95.62433624,13.29708,11.79284,101.4455338,107.5573196,72.91278076
European Union,EUU,2019,4.630020142,,95.89466858,,,101.5452576,107.2957535,74.03601837
European Union,EUU,2020,4.876560211,,95.8099823,,,100.8256836,108.1138306,74.99787903
European Union,EUU,2021,4.803199768,,96.60500336,,,101.4262924,107.9660263,77.84140778
European Union,EUU,2022,,,95.95324707,,,101.4667206,107.6444168,79.69431305
European Union,EUU,2023,,,95.97099304,,,101.4471283,107.661438,79.72544098
