Country,ISO Code,Region,Year,Wealth Index,GINI Index,% of GDP Spent On Education,Adult Literacy Rate %,Primary School Completion Rate %,Primary Pupil-Teacher Ratio,Secondary Pupil-Teacher Ratio,Primary School Enrollment %,Secondary School Enrollment %,Tertiary School Enrollment %
Afghanistan,AFG,South Asia,1999,,,,,,33.18571,,0.272988491,,
Afghanistan,AFG,South Asia,2000,,,,,,,,0.221629906,,
Afghanistan,AFG,South Asia,2001,,,,,,,,0.229085903,0.144715099,
Afghanistan,AFG,South Asia,2002,,,,,,,,0.759597473,,
Afghanistan,AFG,South Asia,2003,,,,,,,,0.965536804,0.140780497,0.0138107
Afghanistan,AFG,South Asia,2004,,,,,,,,1.062526627,0.192631397,0.0138966
Afghanistan,AFG,South Asia,2005,,,,,,,,1.002296906,0.203119602,
Afghanistan,AFG,South Asia,2006,,,0.046847606,,,42.32602,,1.039322433,0.296913509,
South Sudan,SSD,Sub-Saharan Africa,2007,5.33,,,,,,,,,
Afghanistan,AFG,South Asia,2008,38.1,,0.043836722,,,43.72982,,1.034139633,0.390900307,
Afghanistan,AFG,South Asia,2009,40,,0.048106399,,,42.83639,,0.993697205,0.44397171,0.040248098
Afghanistan,AFG,South Asia,2010,41.8,,0.0347945,,,44.41709,,1.029034424,0.504136887,
Afghanistan,AFG,South Asia,2011,43.6,,0.034620099,0.31,,43.51915,,1.002902985,0.521984291,0.0375561
Afghanistan,AFG,South Asia,2012,45.5,,0.026041999,,,44.67743,,1.062834015,0.542063904,
Afghanistan,AFG,South Asia,2013,47.3,,0.034544599,,,45.71171,,1.076959763,0.547542191,
Afghanistan,AFG,South Asia,2014,49.1,,0.0369522,,,,,1.091155167,0.542354813,0.083108702
Afghanistan,AFG,South Asia,2015,51,,0.032558,0.337538414,,43.38836,31.9738,1.061824188,0.53285141,
Afghanistan,AFG,South Asia,2016,52.8,,0.045439701,,0.829104614,44.58162,32.20814,1.061502838,0.5350634,
Afghanistan,AFG,South Asia,2017,54.7,,0.043431902,,0.872533264,47.98298,33.2407,1.061299973,0.554021492,
Afghanistan,AFG,South Asia,2018,56.5,,,,0.887355194,48.78979,33.50124,1.077805328,0.57039299,0.099637899
Afghanistan,AFG,South Asia,2019,,,,,0.861755218,,,1.100075073,,
Afghanistan,AFG,South Asia,2020,,,,,,,,,,0.108584404
Afghanistan,AFG,South Asia,2021,,,,0.37,,,,,,
Albania,ALB,Europe,1996,,27,,,,,,,,
Albania,ALB,Europe,1999,,,0.035929301,,,,,1.093973007,0.69284668,0.1453652
Albania,ALB,Europe,2000,,,0.034301701,,,22.56784,16.43434,,,
Albania,ALB,Europe,2001,,,0.034586999,0.99,,21.75244,16.96302,,,
Albania,ALB,Europe,2002,80,31.7,0.031178,,,,,1.103389206,0.745389175,0.163895607
Albania,ALB,Europe,2003,80.7,,0.031382301,,1.094277573,21.49541,17.66389,1.07598259,0.777518234,0.163662396
Albania,ALB,Europe,2004,81.5,,0.0322752,,1.053758469,,,1.041317215,0.789801865,0.191295795
Albania,ALB,Europe,2005,82.2,30.6,0.032815499,,,,,1.070161438,0.829714279,0.223890095
Albania,ALB,Europe,2006,82.9,,0.031914599,,,,,1.054777832,0.843257675,0.262101002
Chad,TCD,Sub-Saharan Africa,2007,12.3,,,,,60.37925,32.91156,0.709294815,0.188661099,
Albania,ALB,Europe,2008,84.4,30,0.035092261,0.96,1.0974263,19.4078,16.79416,1.003830032,0.878338394,0.3168396
Albania,ALB,Europe,2009,85.1,,,,1.086455536,20.17793,14.7321,1.009237366,0.893157196,0.329239883
Albania,ALB,Europe,2010,85.2,,0.03413075,,1.020788116,19.70208,14.77747,0.998618317,0.936818237,0.433279304
Albania,ALB,Europe,2011,85.4,,0.032400084,0.97,1.005009613,19.86917,15.24414,1.015802689,0.954705276,0.493997002
Albania,ALB,Europe,2012,85.5,29,0.033090611,0.97,1.170084686,19.48298,14.89293,1.020673599,0.976080704,0.586214218
Albania,ALB,Europe,2013,85.6,,0.035393,,0.911192093,19.12103,14.75715,1.014749527,1.029032135,0.63844059
Albania,ALB,Europe,2014,85.7,34.6,0.032169671,,1.056936722,18.92294,14.29575,1.057705765,1.033213806,0.655507126
Albania,ALB,Europe,2015,85.9,32.8,0.034379699,,0.987887878,18.61557,13.50589,1.05688652,1.024407272,0.619608498
Albania,ALB,Europe,2016,86,33.7,0.0396209,,0.995973587,18.19844,12.22137,1.053247833,0.991707611,0.584884796
Albania,ALB,Europe,2017,86.1,33.1,0.036117201,0.988162308,1.064496918,17.94478,11.60265,1.054149704,0.975743713,0.580177803
Albania,ALB,Europe,2018,86.2,30.1,0.031529448,,1.028941803,17.57287,11.19927,1.045680237,0.988223877,0.560802994
Albania,ALB,Europe,2019,86.4,30.1,0.0391624,,0.987175293,,,1.025895386,0.99015152,0.614085083
Albania,ALB,Europe,2020,86.5,29.4,0.033422999,,0.992719269,,,1.000209732,0.95929451,0.615853005
Albania,ALB,Europe,2021,,,0.030225599,,0.972184372,,,0.971074982,0.976650314,0.599698715
Albania,ALB,Europe,2022,,,0.027443299,0.985,1.011762772,,,0.963712311,0.973224716,0.626479187
Albania,ALB,Europe,2023,,,,,0.951351471,,,0.937138138,0.96136879,0.647293472
Algeria,DZA,North Africa,1995,,35.3,,,,,,,,
Algeria,DZA,North Africa,1999,66.7,,,,0.841709366,28.19076,,1.067268295,0.650971527,0.137040196
Algeria,DZA,North Africa,2000,68.2,,,,0.823719025,28.3962,,1.097766495,0.649110489,
Algeria,DZA,North Africa,2001,69.6,,,,0.894445038,27.84252,,1.088155594,0.690755692,0.154430103
Algeria,DZA,North Africa,2002,71.1,,,0.7,0.923218994,27.59291,,1.104312668,0.728870697,0.1712887
Algeria,DZA,North Africa,2003,72.6,,,,0.943279572,27.53299,,1.112080536,0.757509384,0.1835396
Algeria,DZA,North Africa,2004,74,,,,0.962014084,26.51107,,1.116782303,0.79900528,0.189953499
Algeria,DZA,North Africa,2005,75.5,,,,0.981214905,25.43721,,1.122025223,0.820377502,0.208293896
Algeria,DZA,North Africa,2006,77,,,0.73,0.872196121,24.48384,,1.119301682,0.836042023,0.215141697
Ethiopia,ETH,Sub-Saharan Africa,2007,12.9,,0.054511299,0.39,0.459308395,,,0.878594971,0.303098297,
Algeria,DZA,North Africa,2008,79.9,,0.041114202,0.75,1.158811417,23.23052,,1.110736008,0.802112808,
Algeria,DZA,North Africa,2009,81.3,,,,0.970001526,22.99987,,1.129482727,0.965110092,0.307553692
Algeria,DZA,North Africa,2010,82.8,,,,0.981303787,23.32803,,1.133779526,1.007091217,0.309776497
Algeria,DZA,North Africa,2011,84.3,27.6,,,0.978454437,23.26903,,1.123881607,1.031164703,0.326073914
Algeria,DZA,North Africa,2012,85.7,,0.070295091,,0.996443787,23.15942,,1.117055588,,0.337081413
Algeria,DZA,North Africa,2013,87.2,,0.066590605,,1.019965973,23.26105,,1.122494888,,0.354959412
Algeria,DZA,North Africa,2014,87,,0.065488982,,1.010060425,23.66406,,1.116866989,,0.360622482
Algeria,DZA,North Africa,2015,86.8,,0.061763301,,0.98125473,23.83613,,1.108422699,,0.383309784
Algeria,DZA,North Africa,2016,86.6,,0.065021086,,1.004898376,24.2355,,1.106881027,,0.441052895
Algeria,DZA,North Africa,2017,86.4,,0.057348237,,1.0232061,24.22505,,1.098377075,,0.493779106
Algeria,DZA,North Africa,2018,86.2,,0.058127513,0.814078369,1.026879883,24.32018,,1.087034836,,0.531637001
Algeria,DZA,North Africa,2019,86,,0.055753655,,0.997298889,,,1.077751312,,0.541856308
Algeria,DZA,North Africa,2020,85.8,,0.061939173,,1.022409363,,,1.103305664,,0.536140289
Algeria,DZA,North Africa,2021,85.6,,0.055140328,,0.997526779,,,1.069955673,,0.542099915
Algeria,DZA,North Africa,2022,85.4,,0.047492466,,0.947113876,,,1.083439331,1.059325485,0.534012489
Algeria,DZA,North Africa,2023,,,0.05610157,,0.996788406,,,1.087616425,1.027021484,0.555188904
Angola,AGO,Sub-Saharan Africa,1997,19.5,,,,,,,,,
Angola,AGO,Sub-Saharan Africa,1998,20.5,,,,,,,,,
Angola,AGO,Sub-Saharan Africa,1999,21.5,,,,,,18.26959,,0.112932701,0.0053193
Angola,AGO,Sub-Saharan Africa,2000,22.5,51.9,0.026075301,,,,18.83404,,0.128563404,
Angola,AGO,Sub-Saharan Africa,2001,23.5,,,0.67,,,18.96118,,0.144628096,
Angola,AGO,Sub-Saharan Africa,2002,24.5,,,,,,,,0.156130505,0.0075403
Angola,AGO,Sub-Saharan Africa,2003,25.5,,,,,,,,,0.027718201
Angola,AGO,Sub-Saharan Africa,2004,26.5,,,,,,,,,0.020717101
Angola,AGO,Sub-Saharan Africa,2005,27.5,,0.0212011,,,,,,,0.0255247
Angola,AGO,Sub-Saharan Africa,2006,28.5,,0.0228146,,,,,,,0.0248175
Burundi,BDI,Sub-Saharan Africa,2007,13.5,,,,0.492426605,51.99833,27.98893,1.240062485,0.157173204,0.023157101
Angola,AGO,Sub-Saharan Africa,2008,30.5,42.7,,,0.411754112,,,1.111099472,0.223172207,
Angola,AGO,Sub-Saharan Africa,2009,31.5,,0.029200001,,0.409657402,,,1.102017899,0.2385005,
Angola,AGO,Sub-Saharan Africa,2010,32.5,,0.0342132,,0.422859001,45.58651,,1.11872879,0.276820908,
Angola,AGO,Sub-Saharan Africa,2011,33.5,,0.0324,,0.490943413,42.54306,27.41665,1.262451477,0.279312,0.063326302
Angola,AGO,Sub-Saharan Africa,2012,35,,0.030819108,,,,,,,
Angola,AGO,Sub-Saharan Africa,2013,36.5,,0.038699999,,,,,,,0.091163702
Angola,AGO,Sub-Saharan Africa,2014,38,,0.029300001,0.66,,,,,,
Angola,AGO,Sub-Saharan Africa,2015,39.4,,0.030999999,0.662358627,,50.02951,,1.191422577,,0.086837902
Angola,AGO,Sub-Saharan Africa,2016,40.9,,0.027549367,,,,26.76619,1.070269649,0.535814514,0.096603403
Angola,AGO,Sub-Saharan Africa,2017,42.4,,0.024668789,,,,,1.222351662,,0.096556892
Angola,AGO,Sub-Saharan Africa,2018,43.8,51.3,0.021835129,,,,,0.88574869,,0.093525429
Angola,AGO,Sub-Saharan Africa,2019,45.3,,0.020730643,,,,,,,0.110613594
Angola,AGO,Sub-Saharan Africa,2020,,,0.026674473,,,,,,,
Angola,AGO,Sub-Saharan Africa,2021,,,0.022971089,,0.596232605,,,0.88833992,0.525437698,
Angola,AGO,Sub-Saharan Africa,2022,,,0.023321259,0.724000015,0.610302849,,,0.867067962,,
Angola,AGO,Sub-Saharan Africa,2023,,,,,,,,,,0.099108496
Armenia,ARM,Europe,1996,,44.4,,,,,,,,
Armenia,ARM,Europe,1997,68.2,,,,,,,,,
Armenia,ARM,Europe,1998,69.2,,,,,,,,,
Armenia,ARM,Europe,1999,70.3,36.2,0.022351899,,,16.07076,,1.225956802,0.781027298,0.345188789
Armenia,ARM,Europe,2000,71.4,,0.027727301,,,,,0.883385315,0.901155777,0.353314705
Armenia,ARM,Europe,2001,72.4,35.4,0.0246944,0.99,,20.3441,,0.934416733,0.859923096,0.336579399
Armenia,ARM,Europe,2002,73.5,34.8,0.0213504,,0.837433777,20.34332,,0.906743012,,0.358594513
Armenia,ARM,Europe,2003,74.5,33,0.0214504,,0.86774231,18.8372,,0.935719833,,0.366645317
Armenia,ARM,Europe,2004,75.6,37.5,0.024867301,,1.00005928,20.26241,,0.947377319,0.845256577,0.37080349
Armenia,ARM,Europe,2005,76.6,36,0.027120299,,0.934663162,21.19732,,0.937263184,0.867430115,0.383384399
Armenia,ARM,Europe,2006,77.7,29.7,0.0271577,,0.920257111,21.24161,,0.959769287,0.891132202,0.418117218
Rwanda,RWA,Sub-Saharan Africa,2007,13.6,,0.039850299,,,69.28601,22.02082,1.548160095,0.203850002,0.038854599
Armenia,ARM,Europe,2008,79.8,29.2,0.0317273,,0.986576767,,,1.071063766,0.891584702,0.4599963
Armenia,ARM,Europe,2009,80.9,28,0.0384079,,,,,1.053227921,0.947720184,0.473799515
Armenia,ARM,Europe,2010,81.9,30,0.032490001,,0.915400009,,,0.966795197,1.005190887,0.477453117
Armenia,ARM,Europe,2011,82.6,29.4,0.031438501,1,0.934741592,,,0.965201721,0.900805283,0.47823101
Armenia,ARM,Europe,2012,83.3,29.6,0.0277248,,0.935642014,,,0.964941025,,0.414842186
Armenia,ARM,Europe,2013,84.1,30.6,0.026501801,,,,,0.993458786,0.844040375,0.416240311
Armenia,ARM,Europe,2014,84.8,31.5,0.022472401,,0.946037064,,,1.009155731,0.849311066,0.444110184
Armenia,ARM,Europe,2015,85.5,32.4,0.028059101,,0.942263794,,,1.023826904,0.857937012,0.454674301
Armenia,ARM,Europe,2016,86.2,32.5,0.027581201,1,1.050094223,,,1.030617065,,0.517460098
Armenia,ARM,Europe,2017,86.9,33.6,0.027075901,1,1.027634277,,,1.01619812,,0.535907593
Armenia,ARM,Europe,2018,87.7,34.4,0.02255868,,1.002370682,15.41859,8.01689,1.000613098,0.885765686,0.561650505
Armenia,ARM,Europe,2019,88.4,30,0.025719123,,0.972270966,,,0.97323143,0.936171494,0.533068199
Armenia,ARM,Europe,2020,,25.1,0.0270556,1,1.019867477,,,0.966205673,0.948911133,0.533061295
Armenia,ARM,Europe,2021,,27.9,0.027678499,,1.006318436,,,0.938099976,0.973015595,0.587563095
Armenia,ARM,Europe,2022,,27.9,0.024919,,0.921473694,,,0.929023819,0.96864563,0.598064499
Armenia,ARM,Europe,2023,,27.2,0.002426,,0.925063171,,,0.938079529,0.951246491,0.611857987
Azerbaijan,AZE,Europe,1995,,34.6,,,,,,,,
Azerbaijan,AZE,Europe,1999,,,0.042121401,0.99,,18.77911,,,,
Azerbaijan,AZE,Europe,2000,,,0.038539901,,0.895135117,18.68574,,0.97207489,,
Azerbaijan,AZE,Europe,2001,,36.5,0.035034201,,0.951685791,17.12015,,0.988610001,,
Azerbaijan,AZE,Europe,2002,,25.3,0.0315446,,0.975860138,16.1852,,0.983494263,,
Azerbaijan,AZE,Europe,2003,63,26.8,0.0328615,,0.926961517,15.26139,,0.962132416,,
Azerbaijan,AZE,Europe,2004,64,26.6,0.034477,,0.955954285,14.27144,,0.972613297,,
Azerbaijan,AZE,Europe,2005,65,26.6,0.029746201,,0.934306183,13.44831,,0.955269699,,
Azerbaijan,AZE,Europe,2006,66,,0.025555201,,0.916054306,12.496,,0.942166596,,0.197894592
Niger,NER,Sub-Saharan Africa,2007,13.8,37.3,0.030146201,,0.380770493,39.67316,,0.502298012,0.102083397,0.008883
Azerbaijan,AZE,Europe,2008,68.1,,0.024409299,,0.907368317,11.29601,,0.940724716,,0.190478897
Azerbaijan,AZE,Europe,2009,69.1,,0.032243099,1,0.917717209,11.08342,,0.95068573,,0.190577107
Azerbaijan,AZE,Europe,2010,70.1,,0.027806201,1,0.895144501,11.04222,,0.937622986,0.830853182,0.192600403
Azerbaijan,AZE,Europe,2011,71.1,,0.024356401,1,0.928068314,11.16445,,0.955736313,0.829176205,0.196473103
Azerbaijan,AZE,Europe,2012,72.1,,0.020676301,1,0.919911881,11.92302,,0.97955307,0.827622749,0.204384594
Azerbaijan,AZE,Europe,2013,73.1,,0.024421301,1,0.880894089,12.14857,,1.005004501,0.831376554,0.214404297
Azerbaijan,AZE,Europe,2014,74.2,,0.0263304,1,0.981257095,12.62333,,1.060598907,0.8343866,0.231597309
Azerbaijan,AZE,Europe,2015,75.2,,0.029516799,1,1.032802124,13.49787,,1.066014862,0.848098586,0.254832001
Azerbaijan,AZE,Europe,2016,76.2,,0.0290341,1,1.113019104,15.48619,,1.064317398,0.749225039,0.272368603
Azerbaijan,AZE,Europe,2017,77.2,,0.0247382,1,1.071721725,15.458,,1.032940979,0.774080344,0.284670601
Azerbaijan,AZE,Europe,2018,78.2,,0.0245543,,1.002199478,15.42982,7.60984,0.997220993,1.085179367,0.289724903
Azerbaijan,AZE,Europe,2019,79.2,,0.0317646,1,1.003833389,,,0.979353485,1.078998718,0.329221802
Azerbaijan,AZE,Europe,2020,80.2,,0.043320498,,0.985337296,,,0.982360687,0.913968964,0.363854713
Azerbaijan,AZE,Europe,2021,81.3,,0.0370208,,0.965635529,,,0.977304993,0.914322891,0.390096016
Azerbaijan,AZE,Europe,2022,82.3,,0.030469,,0.997032776,,,0.998082962,0.909729919,0.410017815
Azerbaijan,AZE,Europe,2023,83.3,,0.035829003,1,0.962334137,,,1.019796982,0.927589111,0.413907585
Bangladesh,BGD,South Asia,1995,,32.9,,,,,,,,
Bangladesh,BGD,South Asia,1999,,,0.021328199,,,,37.41274,,0.469789085,0.0547931
Bangladesh,BGD,South Asia,2000,,33.4,0.021250801,,,,38.4303,,0.487191315,0.054603601
Bangladesh,BGD,South Asia,2001,19.3,,0.021719301,0.47,,,37.49703,,0.503141403,0.064243999
Bangladesh,BGD,South Asia,2002,21.2,,0.020171499,,,,34.36736,,0.514180985,0.061353698
Bangladesh,BGD,South Asia,2003,23,,0.020693901,,,,31.07824,,0.512570801,0.061968899
Bangladesh,BGD,South Asia,2004,24.9,,0.0194014,,,,27.37356,,0.478641396,0.057288399
Bangladesh,BGD,South Asia,2005,26.7,33.2,,,0.658595429,47.03943,23.92315,0.999534988,0.466028786,0.062958298
Bangladesh,BGD,South Asia,2006,28.6,,0.0213129,,,47.53901,25.04719,0.999751205,0.470837898,0.072417102
Malawi,MWI,Sub-Saharan Africa,2007,16.6,,,,0.638746414,78.12204,38.49011,1.311260681,0.315720692,0.0048713
Bangladesh,BGD,South Asia,2008,32.3,,0.0205457,,0.573523216,43.72919,27.0682,0.951065979,0.459643898,0.088424501
Bangladesh,BGD,South Asia,2009,34.1,,0.0193942,,0.632794113,45.75844,28.16376,0.976258011,0.497341003,0.1081635
Bangladesh,BGD,South Asia,2010,35.9,32.1,,,0.650808487,42.97476,28.33145,0.997353481,0.511863395,
Bangladesh,BGD,South Asia,2011,37.8,,0.021327,0.59,,,30.62493,,0.515034958,0.135724173
Bangladesh,BGD,South Asia,2012,38.5,,0.020466707,0.58,,,32.23697,,0.536534004,0.136675377
Bangladesh,BGD,South Asia,2013,39.1,,0.019661601,0.61,,,35.20296,,0.579590161,0.136510944
Bangladesh,BGD,South Asia,2014,39.8,,0.020987167,0.61,,,,,,0.136534414
Bangladesh,BGD,South Asia,2015,41.7,,0.018722541,0.65,,,,,0.620312309,0.155907164
Bangladesh,BGD,South Asia,2016,43.6,32.4,0.022212,0.73,,,36.192,,0.669232483,0.174021797
Bangladesh,BGD,South Asia,2017,45.5,,0.018504003,0.73,,30.05456,33.98251,1.091253603,0.648559521,0.18530508
Bangladesh,BGD,South Asia,2018,47.3,,0.016558913,0.74,,30.05459,35.09524,1.124276954,0.674213697,0.197026367
Bangladesh,BGD,South Asia,2019,49.2,,0.01681388,0.75,,,,,0.672209189,0.228052139
Bangladesh,BGD,South Asia,2020,50.5,,0.017652806,0.75,,,,1.184292374,0.690135709,0.225388546
Bangladesh,BGD,South Asia,2021,51.7,,0.0183118,0.76,1.200828857,,,1.154481807,0.702933329,0.234001675
Bangladesh,BGD,South Asia,2022,52.9,30.9,0.017118367,,1.07697937,,,1.176594575,0.718219833,0.228396492
Bangladesh,BGD,South Asia,2023,54.2,,0.017752274,,1.082103271,,,1.115953844,0.714947068,0.237743072
Barbados,BRB,North America,1999,,,0.043412399,,0.992492905,17.77204,17.75691,1.029012604,1.087211914,0.3576231
Barbados,BRB,North America,2000,,,0.047158599,,0.978817673,17.56999,17.29712,1.018348999,1.064963989,0.415436096
Barbados,BRB,North America,2001,,,0.060553699,,1.033796692,17.03586,17.24463,1.026352615,1.068954926,0.408927803
Barbados,BRB,North America,2002,,,0.0588062,,1.011818619,15.90347,15.74057,1.018858109,1.065387192,
Barbados,BRB,North America,2003,,,0.062456999,,1.074351273,15.80411,15.16799,1.030135269,1.059909897,
Barbados,BRB,North America,2004,,,0.060242801,,1.031817017,15.76766,16.85127,1.011278229,1.069223404,
Barbados,BRB,North America,2005,,,0.056696501,,0.995899429,15.14568,15.88872,1.005650024,1.077310028,
Barbados,BRB,North America,2006,,,,,1.023690109,,14.58392,1.010436783,1.069267807,
Central African Republic,CAF,Sub-Saharan Africa,2007,17,,,,,,,,,
Barbados,BRB,North America,2008,91.4,,0.049207401,,0.980973129,13.45642,,1.010436478,1.102754593,
Barbados,BRB,North America,2009,91.4,,0.051104002,,0.971068802,14.1425,,1.002956772,1.098566666,0.740143585
Barbados,BRB,North America,2010,91.4,,0.060526199,,0.9476577,13.00746,,1.001458511,1.074451675,0.68311821
Barbados,BRB,North America,2011,91.4,,,,0.961785126,13.08663,,1.008106384,1.070609283,0.650382233
Barbados,BRB,North America,2012,91.4,,0.052572699,,,,,,,
Barbados,BRB,North America,2013,91.4,,0.0513486,,,,,,,
Barbados,BRB,North America,2014,91.4,,0.061219702,,,12.71532,,0.968126907,1.08174942,
Barbados,BRB,North America,2015,91.4,,0.051769991,,,13.40321,17.53754,0.963370819,1.082815323,
Barbados,BRB,North America,2016,91.4,34.1,0.046838298,,,13.349,18.63678,0.970370712,1.084780121,
Barbados,BRB,North America,2017,,,0.043499799,,,14.09682,18.45852,0.968223114,1.100070572,
Barbados,BRB,North America,2018,,,0.051331372,,0.867227783,13.9917,17.93859,0.976479111,1.084626465,
Barbados,BRB,North America,2019,,,0.040863299,,0.821641235,,,0.988424072,1.063282013,
Barbados,BRB,North America,2020,,,0.041686001,,0.940690002,,,0.995292969,1.047150116,
Barbados,BRB,North America,2021,,,0.048636098,,1.002442017,,,0.981502075,1.047102509,
Barbados,BRB,North America,2022,,,0.044162402,,0.917237091,,,0.955793076,1.063924103,
Barbados,BRB,North America,2023,,,0.040447602,,0.967363815,,,0.934459229,1.05655098,
Belarus,BLR,Europe,1993,,21.6,,,,,,,,
Belarus,BLR,Europe,1995,,28.7,,,,,,,,
Belarus,BLR,Europe,1998,,32,,,,,,,,
Belarus,BLR,Europe,1999,,31.7,0.0600001,1,0.986606903,19.53285,,1.137607193,,0.4944207
Belarus,BLR,Europe,2000,,31.2,0.0619662,,1.036826935,18.2068,,1.15920929,,0.518044014
Belarus,BLR,Europe,2001,,30.6,,,1.086018295,17.43863,,1.163045425,,0.543443718
Belarus,BLR,Europe,2002,78.2,30.3,,,1.319900055,16.66112,,1.14076889,,0.568730087
Belarus,BLR,Europe,2003,78.6,28.8,0.063101821,,1.045489502,15.93862,,1.04923172,,0.594798317
Belarus,BLR,Europe,2004,79.1,26.5,0.057122598,,1.046041336,15.44266,,1.03449501,,0.608694191
Belarus,BLR,Europe,2005,79.5,27.6,0.058710299,,1.038441696,16.03553,,1.011081009,,0.637221107
Belarus,BLR,Europe,2006,80,28.3,0.060769601,,1.020907364,16.02405,,0.993765564,,0.664904404
Mozambique,MOZ,Sub-Saharan Africa,2007,19.2,,,,0.464692307,64.79571,36.80156,1.115437088,0.186172008,0.031652
Belarus,BLR,Europe,2008,80.9,27.8,0.057132154,,0.942764435,15.32719,,0.974913025,1.167628784,0.70507103
Belarus,BLR,Europe,2009,81.3,27.7,0.043689399,1,0.969903107,15.14091,,0.981668396,1.149080429,0.759017487
Belarus,BLR,Europe,2010,81.8,28.6,0.052200398,,0.961330566,14.96616,,0.97606987,1.110781631,0.826692734
Belarus,BLR,Europe,2011,82.2,27.2,0.046847901,,0.989563065,14.96367,,0.969309769,1.079893265,0.912559967
Belarus,BLR,Europe,2012,82.7,26.5,0.0495964,,0.976052933,14.90909,,0.958345795,1.053053284,0.985973969
Belarus,BLR,Europe,2013,83.3,26.6,0.050094199,,0.948986588,15.36216,7.73805,0.949301605,1.009953766,1.014243927
Belarus,BLR,Europe,2014,83.8,27.2,0.048183298,,0.942574463,16.47603,8.05511,0.951305313,0.989817123,0.998547287
Belarus,BLR,Europe,2015,84.4,25.6,0.047875099,,0.94097641,17.57007,8.36258,0.960522003,0.975203323,0.980328598
Belarus,BLR,Europe,2016,85,25.3,0.049465499,,0.943768387,18.33759,8.29763,0.973474579,0.970480881,0.947553406
Belarus,BLR,Europe,2017,85.6,25.4,0.047950001,,0.956138229,18.80255,8.35604,0.97402832,0.960117722,0.91326149
Belarus,BLR,Europe,2018,86.1,25.2,0.053811002,,0.967565918,19.23259,8.56276,0.967058029,0.954997177,0.845396423
Belarus,BLR,Europe,2019,86.7,25.3,0.049794898,1,0.991110764,,,0.956502075,0.949205322,0.8017202
Belarus,BLR,Europe,2020,87.3,24.4,0.048626399,,0.956100617,,,0.944190674,0.950074692,0.76890892
Belarus,BLR,Europe,2021,87.9,,0.0460641,,0.935405121,,,0.945295487,0.952133865,0.73959137
Belarus,BLR,Europe,2022,88.4,,0.046282301,,0.932138977,,,0.947119675,0.945358963,0.70867569
Belarus,BLR,Europe,2023,,,0.049514799,,0.926165314,,,0.947357864,0.935995102,0.670620422
Belize,BLZ,North America,1993,,60.2,,,,,,,,
Belize,BLZ,North America,1994,,60.9,,,,,,,,
Belize,BLZ,North America,1995,,57.5,,,,,,,,
Belize,BLZ,North America,1996,,56.6,,,,,,,,
Belize,BLZ,North America,1997,,60.4,,,,,,,,
Belize,BLZ,North America,1998,,54.9,,,,,,,,
Belize,BLZ,North America,1999,,53.2,0.040478001,,0.969707184,23.5,23.87982,1.183688812,0.645208435,
Belize,BLZ,North America,2000,,,0.0369593,,0.985516815,23.31494,23.32831,1.181492004,0.675789719,
Belize,BLZ,North America,2001,,,0.042506599,0.809000015,1.007050171,22.81694,22.88462,1.175251312,0.694539337,0.150931301
Belize,BLZ,North America,2002,,,,,,,,1.133591919,,0.169803295
Belize,BLZ,North America,2003,71.6,,0.039156499,,0.986554565,20.75066,22.85246,1.179999466,0.756950531,0.161856804
Belize,BLZ,North America,2004,72.2,,0.0402665,,1.001505585,23.23186,19.03272,1.19636673,0.771139908,0.155943098
Belize,BLZ,North America,2005,72.7,,,,1.026241226,23.62341,18.73235,1.194764099,0.755892334,0.160521107
Belize,BLZ,North America,2006,73.2,,,,1.015070267,22.93853,17.27972,1.1914534,0.761658783,0.168771591
Congo Democratic Republic,COD,Sub-Saharan Africa,2007,20.1,,,,,,,,,
Belize,BLZ,North America,2008,74.3,,0.043199201,,0.97895462,22.61592,16.95913,1.147643738,0.750440064,0.187439098
Belize,BLZ,North America,2009,74.8,,0.0482054,,1.007575836,22.63613,16.73931,1.141280289,0.746411591,0.219749699
Belize,BLZ,North America,2010,75.4,,0.0526443,,0.99780838,22.24335,16.83616,1.126685181,0.751025314,0.214436493
Belize,BLZ,North America,2011,75.9,,0.055196791,,1.027706833,21.89921,16.31748,1.120764618,0.756254501,0.214217892
Belize,BLZ,North America,2012,76.4,,0.054715104,,1.077138519,21.56275,16.52241,1.15074173,0.783177338,0.238754292
Belize,BLZ,North America,2013,77,,0.051514401,,1.028725281,22.57321,17.38091,1.134383392,0.801997528,0.238531094
Belize,BLZ,North America,2014,77.5,,0.051674399,,1.039140015,22.39466,,1.12721199,0.79970253,0.238641396
Belize,BLZ,North America,2015,,,0.053902001,0.909160385,1.056142197,20.43642,16.30319,1.136075134,0.80973671,0.232738895
Belize,BLZ,North America,2016,,,0.057217102,,1.057593002,20.50666,18.40628,1.156479263,0.874975967,0.243196297
Belize,BLZ,North America,2017,,,0.059496799,,1.027030487,19.58631,16.5581,1.148181229,0.847784424,0.247719898
Belize,BLZ,North America,2018,,39.9,0.061268201,,1.044744797,19.78332,16.72317,1.136626205,0.863165817,0.246455898
Belize,BLZ,North America,2019,,,0.059649901,,1.027652817,,,1.128055878,0.873793335,0.250688591
Belize,BLZ,North America,2020,,,0.0521632,,1.051956711,,,1.103082886,0.859464798,0.257016506
Belize,BLZ,North America,2021,,,0.059487901,,1.1292659,,,1.052839508,0.887403107,0.235184002
Belize,BLZ,North America,2022,,,0.045965099,,1.057558899,,,0.999364624,0.869924087,0.237802906
Belize,BLZ,North America,2023,,,0.0425564,,0.943330689,,,0.969522934,0.833849182,0.227051506
Benin,BEN,Sub-Saharan Africa,1993,25.6,,,,,,,,,
Benin,BEN,Sub-Saharan Africa,1994,25.4,,,,,,,,,
Benin,BEN,Sub-Saharan Africa,1995,25.2,,,,,,,,,
Benin,BEN,Sub-Saharan Africa,1996,25,,,,,,,,,
Benin,BEN,Sub-Saharan Africa,1997,24.8,,,,,,,,,
Benin,BEN,Sub-Saharan Africa,1998,24.7,,,,,,,,,
Benin,BEN,Sub-Saharan Africa,1999,24.5,,0.0192194,,,53.39559,23.751,0.771800385,0.200985394,0.032074599
Benin,BEN,Sub-Saharan Africa,2000,24.3,,0.021136601,,0.363207398,52.64958,23.38345,0.801112137,0.208747406,0.036269801
Benin,BEN,Sub-Saharan Africa,2001,24.1,,0.023650999,,0.403337212,53.52288,21.59872,0.874075012,0.226525707,0.0436625
Benin,BEN,Sub-Saharan Africa,2002,25.2,,0.021594901,0.35,0.422971993,52.96325,,0.926105804,0.245954609,0.0513199
Benin,BEN,Sub-Saharan Africa,2003,26.3,38.6,0.0228316,,0.465348091,62.1705,22.38497,0.963288879,0.259423904,0.056646299
Benin,BEN,Sub-Saharan Africa,2004,27.5,,0.025669,,0.504555588,51.583,23.93407,1.00354599,0.277856102,0.0571907
Benin,BEN,Sub-Saharan Africa,2005,28.6,,0.026566801,,,46.8289,,0.976395721,,0.056515298
Benin,BEN,Sub-Saharan Africa,2006,29.7,,0.025634,0.287021103,,43.62338,,0.979188232,,0.0647644
Uganda,UGA,Sub-Saharan Africa,2007,20.9,,,,0.514977493,49.56387,18.46583,1.183734589,0.238660507,
Benin,BEN,Sub-Saharan Africa,2008,32.5,,0.027772801,,0.618585701,44.55301,,1.108881378,,0.0766395
Benin,BEN,Sub-Saharan Africa,2009,33.9,,0.030892701,,,44.86809,,1.160826035,,0.097495098
Benin,BEN,Sub-Saharan Africa,2010,35.3,,0.0367997,,0.653145981,46.3918,,1.173839798,,0.1313517
Benin,BEN,Sub-Saharan Africa,2011,36.7,43.4,0.044000001,,0.701288681,44.20067,,1.192399902,0.474146004,0.122822199
Benin,BEN,Sub-Saharan Africa,2012,36.7,,0.035620201,0.329488182,0.716108627,44.14979,,1.231633835,,0.133533802
Benin,BEN,Sub-Saharan Africa,2013,36.6,,0.033275101,,0.768981934,43.72854,9.82354,1.240610504,0.540870781,0.153102398
Benin,BEN,Sub-Saharan Africa,2014,36.6,,0.031617899,,0.77311348,45.92349,9.91567,1.245222397,0.547326317,0.151965904
Benin,BEN,Sub-Saharan Africa,2015,36.5,47.6,0.031729801,,0.780327072,45.04478,10.32268,1.271211395,0.573949585,0.129073896
Benin,BEN,Sub-Saharan Africa,2016,36.5,,0.028991001,,0.774191895,41.63992,10.99168,1.255545273,0.575296707,0.123617096
Benin,BEN,Sub-Saharan Africa,2017,36.4,,0.035355899,0.388712082,,43.56977,,1.216062164,,0.117388401
Benin,BEN,Sub-Saharan Africa,2018,36.4,37.9,0.029316199,,,39.19712,,1.171167984,,0.120070601
Benin,BEN,Sub-Saharan Africa,2019,37.4,,0.029652011,,0.617928314,,,1.12029892,,0.107973299
Benin,BEN,Sub-Saharan Africa,2020,38.3,,0.030944152,,0.602596817,,,1.091489182,0.457407913,0.108024797
Benin,BEN,Sub-Saharan Africa,2021,39.3,34.4,0.032034843,0.438341713,0.707910233,,,1.107058868,0.460770416,0.102315102
Benin,BEN,Sub-Saharan Africa,2022,40.3,,0.033778591,0.470999985,0.645733337,,,1.13048912,0.453651695,0.106479702
Benin,BEN,Sub-Saharan Africa,2023,41.2,,,,,,,,,
Bhutan,BTN,South Asia,1999,,,,,0.543152313,41.70401,31.07948,0.79094017,0.281778202,0.027721
Bhutan,BTN,South Asia,2000,,,0.057867599,,0.548527603,41.147,,0.807876282,0.315091095,
Bhutan,BTN,South Asia,2001,,,0.054498501,,0.542779007,39.48254,,0.821533966,0.347675018,
Bhutan,BTN,South Asia,2002,,,,,,,,0.837521973,,
Bhutan,BTN,South Asia,2003,,40.9,,,,,,0.862471237,,
Bhutan,BTN,South Asia,2004,,,0.061231198,,0.605067291,,,0.896812592,,
Bhutan,BTN,South Asia,2005,,,0.067642002,0.53,0.654083786,31.05151,28.11474,0.92762413,0.440077286,0.048698602
Bhutan,BTN,South Asia,2006,57.2,,,,0.707833633,29.18213,21.87633,0.971489716,0.464466591,0.051098199
Madagascar,MDG,Sub-Saharan Africa,2007,21.6,,0.0290274,,0.583818588,48.7325,24.42332,1.357071838,0.2544701,0.031849201
Bhutan,BTN,South Asia,2008,57.2,,0.0456951,,0.7944841,29.87891,23.74567,1.045938492,0.534920006,0.065738301
Bhutan,BTN,South Asia,2009,57.2,,0.0441888,,0.820710602,27.70221,20.64367,1.090328064,0.585107193,0.0629071
Bhutan,BTN,South Asia,2010,57.2,,0.0382319,,0.89773346,25.89606,21.40321,1.118249588,0.62856369,0.065714107
Bhutan,BTN,South Asia,2011,57.2,,0.044079399,,0.928496628,25.37845,20.53927,1.131725693,0.668754883,0.076960998
Bhutan,BTN,South Asia,2012,57.2,38.8,,0.55,1.021974182,23.9859,19.88922,1.124175186,0.719950333,0.075958452
Bhutan,BTN,South Asia,2013,57.2,,0.0525527,,0.981294708,28.67592,13.7798,1.061411972,0.765527573,0.103402395
Bhutan,BTN,South Asia,2014,57.2,,0.055489998,,0.963531799,,14.29917,1.040050278,0.840441971,
Bhutan,BTN,South Asia,2015,,,0.057826991,,0.947904282,40.00443,12.14578,1.024833566,0.85194191,
Bhutan,BTN,South Asia,2016,,,0.058915939,,0.966217575,38.03778,11.41873,1.009430695,0.856835175,
Bhutan,BTN,South Asia,2017,,37.4,0.062274165,0.67,0.949668121,34.56294,11.0089,0.997384333,0.866147003,0.147713375
Bhutan,BTN,South Asia,2018,,,0.057437129,,0.845854797,34.66868,10.81456,0.992878657,0.875288467,0.148788834
Bhutan,BTN,South Asia,2019,,,0.045098276,,0.757329788,,,0.979621638,,0.159078016
Bhutan,BTN,South Asia,2020,,,0.055434127,,0.827139969,,,1.038008312,,0.168502846
Bhutan,BTN,South Asia,2021,,,0.065983863,,0.905886002,,,1.030328842,0.908035788,0.177061482
Bhutan,BTN,South Asia,2022,,28.5,0.0746982,0.720999985,0.782863312,,,1.060821274,0.899895494,0.175290337
Bhutan,BTN,South Asia,2023,,,0.058451858,,,,,,,0.150250902
Haiti,HTI,North America,2007,26.7,,,,,,,,,
Costa Rica,CRI,North America,1992,,45.6,,,,,,,,
Costa Rica,CRI,North America,1993,,45.9,,,,,,,,
Costa Rica,CRI,North America,1994,,46.7,,,,,,,,
Costa Rica,CRI,North America,1995,,45.7,,,,,,,,
Costa Rica,CRI,North America,1996,,46.5,,,,,,,,
Costa Rica,CRI,North America,1997,,45.6,,,,,,,,
Costa Rica,CRI,North America,1998,,45.6,,,,,,,,
Costa Rica,CRI,North America,1999,,47.6,0.053943601,,0.841167984,26.82207,19.5273,1.135336227,0.635928116,
Costa Rica,CRI,North America,2000,,47.4,0.046669502,0.95,0.886959381,24.94075,18.84161,1.097704926,0.614872284,
Costa Rica,CRI,North America,2001,,51.5,0.048320298,,0.898168335,24.31442,19.57279,1.101201324,0.659425736,
Costa Rica,CRI,North America,2002,,51.8,0.051504402,,0.942206497,22.59585,18.75178,1.095648193,0.673254776,
Costa Rica,CRI,North America,2003,,49.3,0.051337399,,,,,,,
Sierra Leone,SLE,Sub-Saharan Africa,2007,21.6,,0.025967801,,0.745898666,,,,,
Costa Rica,CRI,North America,2004,,48.4,0.048906298,,0.936945496,22.34571,,1.136099701,0.79978302,0.259932804
Costa Rica,CRI,North America,2005,,47.5,,,0.935128021,21.34285,,1.116241379,0.813713303,
Costa Rica,CRI,North America,2006,,49.3,0.046161399,,0.893703537,19.70728,17.79432,1.130571518,0.882225571,
Costa Rica,CRI,North America,2008,87.8,48.6,0.0488697,,0.942596512,18.97453,15.64106,1.129958191,0.904756699,
Costa Rica,CRI,North America,2009,88.1,50.6,0.060103002,,0.986269913,18.40435,15.81656,1.145911179,0.96777771,
Costa Rica,CRI,North America,2010,88.3,48,0.065657401,,0.985047607,17.8517,15.5078,1.134194717,0.999538498,
Costa Rica,CRI,North America,2011,88.6,48.8,0.0637989,0.97,0.982123108,17.34208,14.92131,1.119124069,1.024320297,0.4493573
Costa Rica,CRI,North America,2012,88.9,48.4,0.065823998,,0.964712982,,,1.111385727,1.051989594,0.473161316
Costa Rica,CRI,North America,2013,89.1,49.2,0.066873999,,0.949385681,13.34199,13.96964,1.094022675,1.10994751,0.478412285
Costa Rica,CRI,North America,2014,89.4,48.6,0.066795201,,0.985372467,13.22687,14.35946,1.085120697,1.156500092,0.507579117
Costa Rica,CRI,North America,2015,89.7,48.4,0.068734999,,0.950925064,12.6763,13.9521,1.067314911,1.179162827,0.516519318
Costa Rica,CRI,North America,2016,89.9,48.7,0.0689396,,0.945781479,11.97865,12.73154,1.07027153,1.199945602,0.521316299
Costa Rica,CRI,North America,2017,90.2,48.3,0.070698099,,0.941781235,11.62825,13.31491,1.066035309,1.238349915,0.544580307
Costa Rica,CRI,North America,2018,90.4,48,0.067699199,,0.9562043,12.2047,12.42779,1.086771927,1.284750061,0.528686791
Costa Rica,CRI,North America,2019,90.7,48.2,0.0673808,,0.964939423,,,1.108911209,1.370163269,0.547189713
Costa Rica,CRI,North America,2020,91,49.2,0.066289802,,0.967528687,,,1.097996368,1.359000397,
Bosnia and Herzegovina,BIH,Europe,2000,,,,0.97,,,,,,0.158103504
Bosnia and Herzegovina,BIH,Europe,2001,,30,,,,,,,,0.172063007
Bosnia and Herzegovina,BIH,Europe,2002,,,,,,,,,,0.174088097
Bosnia and Herzegovina,BIH,Europe,2003,82.9,,,,,,,,,0.192174396
Bosnia and Herzegovina,BIH,Europe,2004,83.9,34,,,,,,,,0.214100609
Bosnia and Herzegovina,BIH,Europe,2005,85,,,,,,,,,0.246647491
Bosnia and Herzegovina,BIH,Europe,2006,86,,,,,,,,,0.276716404
Tanzania,TZA,Sub-Saharan Africa,2007,21.7,40.3,0.040334201,,0.856137924,53.08766,,1.105395508,,0.0145643
Bosnia and Herzegovina,BIH,Europe,2008,88.1,,,,,,,1.074454727,0.850679169,0.345916786
Bosnia and Herzegovina,BIH,Europe,2009,89.2,,,,,,,1.082445602,0.863446579,0.363721619
Bosnia and Herzegovina,BIH,Europe,2010,90.2,,,,0.720311585,,,0.885761795,0.83717247,0.372449799
Bosnia and Herzegovina,BIH,Europe,2011,91.3,33,,0.981420364,0.778637924,,,0.889700089,0.845141602,0.39775631
Bosnia and Herzegovina,BIH,Europe,2012,92.3,,,,0.772597199,,,0.890230484,0.853761292,0.418755913
Bosnia and Herzegovina,BIH,Europe,2013,93.3,,,0.97,0.7628125,17.09921,11.12966,0.888709106,0.847301178,0.472628288
Bosnia and Herzegovina,BIH,Europe,2014,94.4,,0.033147397,,0.845116501,16.82054,10.64639,0.89467659,0.846013413,0.489852486
Bosnia and Herzegovina,BIH,Europe,2015,,,0.030181129,,0.916794434,17.16401,10.14673,0.911704865,0.830699997,0.486234398
Bosnia and Herzegovina,BIH,Europe,2016,,,0.042645102,,0.908496475,17.28654,9.73102,0.90997673,0.829606018,0.486681404
Bosnia and Herzegovina,BIH,Europe,2017,,,0.028386843,,0.904990997,17.19917,9.34286,0.913840866,0.842743607,0.464159203
Bosnia and Herzegovina,BIH,Europe,2018,,,0.038929701,,0.884528198,16.92651,9.1229,0.906376724,0.861026917,0.431571083
Bosnia and Herzegovina,BIH,Europe,2019,,,0.040444999,,0.91370079,,,0.901631317,0.858158112,0.415970383
Bosnia and Herzegovina,BIH,Europe,2020,,,0.030195408,,0.901913834,,,0.888544693,0.852992401,0.4088134
Bosnia and Herzegovina,BIH,Europe,2021,,,0.0413623,,0.888229523,,,0.882447815,0.84969841,0.435776787
Bosnia and Herzegovina,BIH,Europe,2022,,,,0.983000031,0.870107117,,,0.878222198,0.852915192,0.446326714
Bosnia and Herzegovina,BIH,Europe,2023,,,,,0.863567734,,,0.872372437,0.842911529,0.449843903
Botswana,BWA,Sub-Saharan Africa,1993,,60.1,,,,,,,,
Botswana,BWA,Sub-Saharan Africa,1997,28.3,,,,,,,,,
Botswana,BWA,Sub-Saharan Africa,1998,31.9,,,,,,,,,
Botswana,BWA,Sub-Saharan Africa,1999,35.6,,,,0.881155319,26.98536,16.65829,1.032971191,0.733948212,0.060257301
Botswana,BWA,Sub-Saharan Africa,2000,39.2,,,,0.879329529,26.72295,16.40179,1.03396019,0.745901032,0.067655702
Botswana,BWA,Sub-Saharan Africa,2001,42.9,,,,0.907007675,26.63306,15.72677,1.045444717,0.737836304,0.0730689
Botswana,BWA,Sub-Saharan Africa,2002,44.2,61.5,,,0.924310532,26.40132,15.23473,1.047629166,0.742695465,0.0763907
Botswana,BWA,Sub-Saharan Africa,2003,45.6,,,0.81,0.927147903,26.059,14.83252,1.050129471,0.747469406,0.088735399
Botswana,BWA,Sub-Saharan Africa,2004,47,,,,0.926690292,25.84666,13.82745,1.049621124,0.76266037,0.093576202
Botswana,BWA,Sub-Saharan Africa,2005,48.3,,0.106785898,,0.91558197,25.55037,13.77713,1.053529205,0.771164703,0.0904422
Botswana,BWA,Sub-Saharan Africa,2006,49.7,,,,0.941542816,25.39325,13.87902,1.058669205,0.78853363,0.098777199
Mali,MLI,Sub-Saharan Africa,2007,21.8,,,,0.483464584,51.66885,23.9792,0.769792175,0.285298691,
Botswana,BWA,Sub-Saharan Africa,2008,52.5,,,,0.934133224,25.08494,,1.042996979,0.745798187,0.139393797
Botswana,BWA,Sub-Saharan Africa,2009,53.8,56.9,0.098253002,,0.965554199,25.51489,,1.045849533,,0.214034805
Botswana,BWA,Sub-Saharan Africa,2010,55.2,,,,,,,,,0.189607105
Botswana,BWA,Sub-Saharan Africa,2011,56.6,,0.108265533,,,,,,,0.1694067
Botswana,BWA,Sub-Saharan Africa,2012,57.8,,0.081098728,,0.965031509,23.41584,,1.013336954,,0.208391495
Botswana,BWA,Sub-Saharan Africa,2013,59.1,,0.080172062,0.868231812,0.952251205,22.61822,,1.005648297,,0.256314507
Botswana,BWA,Sub-Saharan Africa,2014,60.3,,0.07888742,,0.818389893,22.41447,,0.977604713,,0.246215992
Botswana,BWA,Sub-Saharan Africa,2015,61.5,54.9,0.083945799,,,23.71279,,0.979927597,,0.271673908
Botswana,BWA,Sub-Saharan Africa,2016,62.8,,0.087358933,,,,,,,0.2328825
Botswana,BWA,Sub-Saharan Africa,2017,,,0.078092446,,,,,,,0.224400692
Botswana,BWA,Sub-Saharan Africa,2018,,,0.07905386,,,,,,,
Botswana,BWA,Sub-Saharan Africa,2019,,,0.083989964,,,,,,,0.229742908
Botswana,BWA,Sub-Saharan Africa,2020,,,0.080583363,,,,,,,0.240127907
Botswana,BWA,Sub-Saharan Africa,2021,,,,,,,,0.937229538,0.700183868,0.229046497
Botswana,BWA,Sub-Saharan Africa,2022,,,,,0.90964386,,,0.969256946,,0.223768501
Botswana,BWA,Sub-Saharan Africa,2023,,,,,,,,,,0.217908344
Costa Rica,CRI,North America,2021,91.2,48.7,0.062484198,0.980400009,0.990802307,,,1.088523102,1.41202713,
Costa Rica,CRI,North America,2022,,47.2,,,1.009957733,,,1.076112976,1.331591644,
Costa Rica,CRI,North America,2023,,46.7,,,,,,,,
Cuba,CUB,North America,1999,,,0.0675524,,0.973878479,11.7748,11.41029,1.043706436,0.800192108,0.211659107
Cuba,CUB,North America,2000,,,0.077048101,,0.982687225,11.49998,11.94651,1.039719162,0.821248627,0.230279694
Cuba,CUB,North America,2001,,,0.083580904,,0.963328629,10.73922,11.36325,1.036028366,0.845602875,0.2610853
Cuba,CUB,North America,2002,,,0.095711699,1,0.992477036,,11.62682,1.040734177,0.88736351,0.274472809
Cuba,CUB,North America,2003,,,0.099408598,,0.963590393,10.68011,11.67132,1.029268494,0.919045715,0.32582859
Cuba,CUB,North America,2004,,,0.102682304,,0.953734207,10.24083,11.0379,1.032950287,0.913054276,0.524897499
Cuba,CUB,North America,2005,,,0.105577803,,0.971291122,10.30837,11.05182,1.031780701,0.926184311,0.602059403
Cuba,CUB,North America,2006,,,0.090571699,,0.973103104,9.97784,10.48547,1.029053574,0.934113922,0.84954277
Cuba,CUB,North America,2008,,,0.140590801,,0.919282303,9.61042,9.67207,1.008517685,0.933271713,1.177199402
Cuba,CUB,North America,2009,,,0.131248598,,0.972666473,9.43833,9.61048,1.011043167,0.921550522,1.144884186
Cuba,CUB,North America,2010,,,0.128373098,,0.953740692,9.12865,9.46352,1.006900482,0.923309402,0.941727066
Cuba,CUB,North America,2011,,,,,0.948154907,9.11033,9.03415,1.002037201,0.920178375,0.790247269
Somalia,SOM,Sub-Saharan Africa,2007,23.1,,,,,35.51919,19.3004,0.233916607,0.060771699,
Cuba,CUB,North America,2012,,,0.115516605,1,0.92500557,9.05528,8.42905,1.006284332,0.906324997,0.617317886
Cuba,CUB,North America,2013,,,0.106716957,,0.910880432,9.06109,8.30605,1.00505249,0.908741226,0.479959984
Cuba,CUB,North America,2014,,,0.096074686,,0.950668488,9.06511,8.88073,1.027768784,0.96142601,0.405119896
Cuba,CUB,North America,2015,76.9,,0.089633369,,0.956020126,8.89917,9.03784,1.028127823,0.96274147,0.3621772
Cuba,CUB,North America,2016,76.9,,0.09013133,,0.94930603,8.74431,9.34814,1.0245121,0.98022377,0.344567909
Cuba,CUB,North America,2017,76.9,,,,0.952266312,8.82731,9.47531,1.0184729,0.992762909,0.404316597
Cuba,CUB,North America,2018,76.9,,,,0.907940369,9.16029,9.63133,1.01155838,1.001853638,0.415943794
Cuba,CUB,North America,2019,76.9,,0.090469694,0.976549072,0.904958191,,,1.009812012,1.010894623,0.439937782
Cuba,CUB,North America,2020,76.9,,,,0.946259384,,,1.010904617,1.020379562,0.459299088
Cuba,CUB,North America,2021,76.9,,0.093858624,0.99673111,0.96634758,,,1.004681931,0.996352234,0.510785484
Cuba,CUB,North America,2022,76.9,,,,0.924178772,,,0.99872963,1.036705399,0.414838562
Cuba,CUB,North America,2023,76.9,,,,0.92611908,,,0.984062424,0.954401474,0.489434586
Dominican Republic,DOM,North America,1992,,51.1,,,,,,,,
Dominican Republic,DOM,North America,1993,50.6,,,,,,,,,
Dominican Republic,DOM,North America,1994,52.3,,,,,,,,,
Dominican Republic,DOM,North America,1995,54,,,,,,,,,
Burkina Faso,BFA,Sub-Saharan Africa,1994,,48,,,,,,,,
Burkina Faso,BFA,Sub-Saharan Africa,1995,17.9,,,,,,,,,
Burkina Faso,BFA,Sub-Saharan Africa,1996,18,,,,,,,,,
Burkina Faso,BFA,Sub-Saharan Africa,1997,18.1,,,,,,,,,
Burkina Faso,BFA,Sub-Saharan Africa,1998,18.3,49.9,,,,,,,,
Burkina Faso,BFA,Sub-Saharan Africa,1999,18.4,,,,0.219752407,49.00318,27.86887,0.421652298,0.093707895,0.0099105
Burkina Faso,BFA,Sub-Saharan Africa,2000,18.5,,,,0.238950501,48.8764,,0.430905914,0.099255199,
Burkina Faso,BFA,Sub-Saharan Africa,2001,18.6,,,,0.252926807,47.4189,,0.446176796,0.101021996,0.011222301
Burkina Faso,BFA,Sub-Saharan Africa,2002,18.8,,,,0.261373901,45.37812,,0.454005585,,0.0135122
Burkina Faso,BFA,Sub-Saharan Africa,2003,18.9,43.3,,0.22,0.277571507,44.65893,31.34198,0.477917099,0.113447599,0.015173301
Burkina Faso,BFA,Sub-Saharan Africa,2004,20.4,,,,0.291417999,48.69293,,0.524313698,0.124341202,
Burkina Faso,BFA,Sub-Saharan Africa,2005,21.8,,0.039411399,0.24,0.306625805,47.17637,,0.569559212,0.134484701,0.0216083
Burkina Faso,BFA,Sub-Saharan Africa,2006,23.3,,0.039821899,0.22,0.319608803,45.83142,29.60091,0.606565018,0.1423979,0.022746
Guinea,GIN,Sub-Saharan Africa,2007,23.5,39.4,,,0.574319992,45.36442,,0.821203537,,0.083472204
Burkina Faso,BFA,Sub-Saharan Africa,2008,26.2,,,,0.378156014,48.92155,30.33107,0.717466126,0.180988503,0.0294471
Burkina Faso,BFA,Sub-Saharan Africa,2009,27.7,39.8,,,0.427251892,48.90026,25.62369,0.762457581,0.195438004,0.0328111
Burkina Faso,BFA,Sub-Saharan Africa,2010,29.2,,0.035022299,,0.462501106,52.39988,30.25804,0.768965607,0.212837505,0.0336726
Burkina Faso,BFA,Sub-Saharan Africa,2011,30.6,,0.039851501,,0.527853508,52.68641,26.48814,0.801960678,0.232858791,0.039435
Burkina Faso,BFA,Sub-Saharan Africa,2012,32,,0.036031599,,0.562800217,48.23903,26.33301,0.82414772,0.253485203,0.0436724
Burkina Faso,BFA,Sub-Saharan Africa,2013,33.5,,0.040834398,,0.613418503,46.09623,26.90824,0.836841431,0.277329998,0.046023798
Burkina Faso,BFA,Sub-Saharan Africa,2014,34.9,35.3,0.040532999,0.35,0.599809113,44.49899,27.08945,0.84897789,0.297326298,0.049226398
Burkina Faso,BFA,Sub-Saharan Africa,2015,36.3,,0.0367009,,0.607178803,42.17715,25.19571,0.854470291,0.330902481,0.0492629
Burkina Faso,BFA,Sub-Saharan Africa,2016,37.7,,,,0.603090897,41.54927,23.38275,0.876474686,0.351508484,0.054263
Burkina Faso,BFA,Sub-Saharan Africa,2017,39.2,,0.056284699,,0.616451492,40.68126,23.33086,0.897315216,0.373736115,0.058566599
Burkina Faso,BFA,Sub-Saharan Africa,2018,40.6,43,0.054886098,0.39,0.628463707,39.72173,23.11995,0.917203674,0.398208885,0.063466601
Burkina Faso,BFA,Sub-Saharan Africa,2019,42,,0.054071369,0.3,0.618211289,,,0.899551163,0.402732582,0.069369602
Burkina Faso,BFA,Sub-Saharan Africa,2020,43.4,,0.051508651,,0.62045681,,,0.87847229,0.394295807,0.076837101
Burkina Faso,BFA,Sub-Saharan Africa,2021,44.9,37.4,0.052240152,0.369673805,0.638423805,,,0.871249924,0.382898712,0.0936094
Burkina Faso,BFA,Sub-Saharan Africa,2022,46.3,,0.052765121,0.344900017,0.583837013,,,0.823567963,0.337249107,0.097300797
Burkina Faso,BFA,Sub-Saharan Africa,2023,47.7,,,,0.517338295,,,0.723235703,0.309303799,0.1016891
Burundi,BDI,Sub-Saharan Africa,1992,,33.3,,,,,,,,
Burundi,BDI,Sub-Saharan Africa,1998,,42.1,,,,,,,,
Burundi,BDI,Sub-Saharan Africa,1999,,,0.0341745,,,55.41274,,0.586382484,,0.0094881
Burundi,BDI,Sub-Saharan Africa,2000,,,0.026454799,0.59,0.251364498,55.35975,,0.607197418,,0.0109112
Burundi,BDI,Sub-Saharan Africa,2001,,,0.029039099,,0.259317608,50.19719,,0.635211182,0.096389198,0.0106466
Burundi,BDI,Sub-Saharan Africa,2002,6.68,,0.0300493,,0.263580303,49.07639,,0.704505692,0.101557303,0.0165049
Burundi,BDI,Sub-Saharan Africa,2003,8.04,,,,0.309463406,49.90569,18.84814,0.7618116,0.104933901,
Burundi,BDI,Sub-Saharan Africa,2004,9.41,,0.037449601,,0.333528099,51.24546,21.21669,0.814659195,0.120837803,0.021564701
Burundi,BDI,Sub-Saharan Africa,2005,10.8,,0.036321599,,0.358155403,48.70398,22.82075,0.869328232,0.132845802,0.021865699
Burundi,BDI,Sub-Saharan Africa,2006,12.1,33.4,,,,54.18522,28.40414,1.107817001,0.146844301,0.022151501
Liberia,LBR,Sub-Saharan Africa,2007,23.8,36.4,,0.429410782,,,,,,
Burundi,BDI,Sub-Saharan Africa,2008,14.9,,0.051929002,0.48,0.429086914,,,1.27552742,,0.0255177
Burundi,BDI,Sub-Saharan Africa,2009,16.2,,0.061719499,,0.495479202,51.36121,26.52189,1.355126648,0.214418697,0.027360401
Burundi,BDI,Sub-Saharan Africa,2010,17.6,,0.066780167,,0.547546692,50.6021,29.94031,1.394671173,0.243956509,0.031212399
Burundi,BDI,Sub-Saharan Africa,2011,18.2,,0.062400961,,0.595920906,48.31143,29.38317,1.403721771,0.275342102,
Burundi,BDI,Sub-Saharan Africa,2012,18.8,,0.060347285,,0.64554863,47.10468,29.70914,1.356099243,0.304175606,0.038421185
Burundi,BDI,Sub-Saharan Africa,2013,19.3,38.6,0.059954,,0.713012695,45.00022,31.66009,1.302194977,0.352159615,0.046286426
Burundi,BDI,Sub-Saharan Africa,2014,19.9,,0.075163798,0.62,0.690894699,43.65376,37.21738,1.254044724,0.414826889,0.03861629
Burundi,BDI,Sub-Saharan Africa,2015,20.5,,0.071029096,,0.620943413,43.22109,35.79281,1.200362625,0.4528648,0.053919578
Burundi,BDI,Sub-Saharan Africa,2016,21.1,,0.049658508,0.656877365,0.640318298,49.66066,32.13206,1.161941833,0.489952812,0.040900679
Burundi,BDI,Sub-Saharan Africa,2017,21.7,,0.050091887,0.68,0.632770882,49.61434,28.02967,1.111185837,0.498075104,0.044372087
Burundi,BDI,Sub-Saharan Africa,2018,22.2,,0.054135275,,0.572230911,42.52383,26.59842,1.077252197,0.478539505,0.046985483
Burundi,BDI,Sub-Saharan Africa,2019,22.8,,0.053466845,,0.533303795,,,1.049380188,0.432080803,0.0420049
Burundi,BDI,Sub-Saharan Africa,2020,23.4,37.5,0.053215852,,0.49195919,,,1.051580963,0.463914719,0.052237105
Burundi,BDI,Sub-Saharan Africa,2021,,,0.048711419,,,,,,,0.062867723
Burundi,BDI,Sub-Saharan Africa,2022,,,0.048210473,0.755400009,,,,,,
Burundi,BDI,Sub-Saharan Africa,2023,,,,,,,,,,0.062220402
Cambodia,KHM,South East Asia,1997,19.4,,,,,,,,,
Cambodia,KHM,South East Asia,1998,21.2,,,,,,,,,
Cambodia,KHM,South East Asia,1999,22.9,,,,0.43107811,47.76229,17.60297,1.053011703,0.177926102,
Cambodia,KHM,South East Asia,2000,24.7,,0.0166681,,,50.12283,18.46332,1.108108292,0.190743504,0.023144
Cambodia,KHM,South East Asia,2001,26.4,,0.017222199,,0.538356514,52.94991,19.56403,1.199769974,0.209672604,0.022932501
Cambodia,KHM,South East Asia,2002,28.2,,0.0171121,,0.624201317,56.28967,21.62281,1.355337982,0.246961307,0.025572701
Cambodia,KHM,South East Asia,2003,29.9,,,,0.694156723,56.23746,23.58824,1.4037117,0.287237606,0.0316868
Cambodia,KHM,South East Asia,2004,31.6,,0.0171982,0.74,0.828017426,55.05284,,1.447325439,0.319804707,0.031830699
Cambodia,KHM,South East Asia,2005,33.4,,,,0.940118485,53.21143,,1.43901825,,0.0383043
Cambodia,KHM,South East Asia,2006,35.1,,,,0.978626785,50.42275,29.98881,1.407799225,0.407451096,0.061989198
Zambia,ZMB,Sub-Saharan Africa,2007,24.1,,0.0124076,0.611270905,0.871261826,55.35345,,1.164990082,,
Cambodia,KHM,South East Asia,2008,38.6,,,0.77,0.967027893,48.53713,,1.315634613,0.470208092,0.086999903
Cambodia,KHM,South East Asia,2009,40.3,,0.016656801,0.76,0.992443771,49.07538,,1.285722046,,0.105778999
Cambodia,KHM,South East Asia,2010,42,,0.0153379,,0.897768631,48.44957,,1.254973297,,0.123117905
Cambodia,KHM,South East Asia,2011,44.6,,0.0151069,,0.896656952,47.29163,,1.207265659,,0.141404305
Cambodia,KHM,South East Asia,2012,47.2,,0.014144145,,0.959390793,45.72134,,1.20336937,,
Cambodia,KHM,South East Asia,2013,49.7,,0.014820262,,0.94204834,46.92711,,1.210203934,,
Cambodia,KHM,South East Asia,2014,52.3,,0.015667363,0.78,0.939857178,44.63494,,1.145561676,,
Cambodia,KHM,South East Asia,2015,54.2,,0.017034615,0.81,0.921525574,45.52116,,1.16105629,,0.146457701
Cambodia,KHM,South East Asia,2016,56.1,,0.018708191,,0.895325317,42.53404,,1.111295013,,
Cambodia,KHM,South East Asia,2017,58,,0.020964606,,0.883689499,41.66267,,1.105145874,0.491536193,0.150735502
Cambodia,KHM,South East Asia,2018,59.9,,0.024478593,,0.883711166,41.7035,,1.115743484,0.513683198,0.157133102
Cambodia,KHM,South East Asia,2019,61.7,,0.028256547,,0.919802094,,,1.114984818,0.52308106,0.168353996
Cambodia,KHM,South East Asia,2020,63.6,,0.030023501,,0.949092789,,,1.110093613,0.548357506,0.144409313
Cambodia,KHM,South East Asia,2021,65.5,,0.030116265,0.719272537,0.946577606,,,1.087377487,0.579598847,0.138764019
Cambodia,KHM,South East Asia,2022,67.4,,0.028834927,0.837799988,0.907002564,,,1.099590791,0.587424033,0.149985504
Cambodia,KHM,South East Asia,2023,69.3,,0.029511523,,0.898806152,,,1.11392143,0.600614252,0.179681454
Cameroon,CMR,Sub-Saharan Africa,1995,21.4,,,,,,,,,
Cameroon,CMR,Sub-Saharan Africa,1996,22,44.4,,,,,,,,
Cameroon,CMR,Sub-Saharan Africa,1997,22.5,,,,,,,,,
Cameroon,CMR,Sub-Saharan Africa,1998,23.1,,,,,,,,,
Cameroon,CMR,Sub-Saharan Africa,1999,23.6,,,,0.491237907,51.86201,22.80578,0.843129196,0.265437794,0.049454899
Cameroon,CMR,Sub-Saharan Africa,2000,24.2,,0.0170285,0.68,0.503857307,,23.61911,0.865973816,0.279761601,0.046823001
Cameroon,CMR,Sub-Saharan Africa,2001,24.8,42.1,0.022973399,,,62.72134,19.57891,1.020598679,0.3295298,0.046981301
Cameroon,CMR,Sub-Saharan Africa,2002,25.3,,,,,60.80479,,1.021468735,0.287471905,0.051234198
Cameroon,CMR,Sub-Saharan Africa,2003,25.9,,0.028225901,,0.571198311,57.0638,,1.025155182,0.302879791,0.051711998
Cameroon,CMR,Sub-Saharan Africa,2004,26.4,,0.027953,,0.591431694,53.90314,16.44847,1.073568878,0.269293995,0.051634102
Cameroon,CMR,Sub-Saharan Africa,2005,28.3,,0.026565199,,,47.8128,16.17013,1.053952713,0.274130497,0.059509401
Cameroon,CMR,Sub-Saharan Africa,2006,30.1,,0.025399101,,0.514517784,44.69425,16.17031,1.038931122,0.238881702,0.069572201
Burkina Faso,BFA,Sub-Saharan Africa,2007,24.8,,0.040798302,0.28,0.340685196,47.65745,28.19459,0.661942978,0.153694496,0.0242068
Cameroon,CMR,Sub-Saharan Africa,2008,33.7,,0.0249827,,0.712364502,46.03527,26.3006,1.0591539,0.370601006,0.080452604
Cameroon,CMR,Sub-Saharan Africa,2009,35.5,,0.029079001,,0.71067627,46.31569,,1.078100204,0.409297409,0.092097902
Cameroon,CMR,Sub-Saharan Africa,2010,37.3,,0.028480301,0.71,0.726221771,45.79474,,1.09497612,0.440395082,0.1133072
Cameroon,CMR,Sub-Saharan Africa,2011,39.1,,0.026533699,,0.710284576,45.43773,24.12545,1.083209763,0.489704094,0.1224823
Cameroon,CMR,Sub-Saharan Africa,2012,40,,0.0260306,,0.750696487,45.56349,21.43342,1.127835388,0.521736298,0.132559004
Cameroon,CMR,Sub-Saharan Africa,2013,40.9,,0.026554799,,,,19.57763,,0.539815216,0.154463301
Cameroon,CMR,Sub-Saharan Africa,2014,41.7,46.6,0.025839601,,0.736742401,44.19526,20.4254,1.139956131,0.581796494,0.164135304
Cameroon,CMR,Sub-Saharan Africa,2015,42.6,,0.026579199,,0.745130615,41.46571,19.86712,1.165681076,0.595547104,0.16956461
Cameroon,CMR,Sub-Saharan Africa,2016,43.5,,0.0256234,,0.733813705,42.73541,19.25706,1.160836792,0.604655914,0.124593401
Cameroon,CMR,Sub-Saharan Africa,2017,44.3,,0.030596299,,0.682125702,44.61321,,1.101458435,0.506370093,0.127472696
Cameroon,CMR,Sub-Saharan Africa,2018,45.2,,0.030309601,0.725471268,0.644317703,44.83412,,1.031733627,0.464729476,0.143037796
Cameroon,CMR,Sub-Saharan Africa,2019,46.1,,0.030473995,,0.654423599,,,1.054506302,0.44422854,0.148440399
Cameroon,CMR,Sub-Saharan Africa,2020,46.9,,0.031039014,0.782300034,0.664576874,,,1.072646633,0.452590287,0.153162603
Cameroon,CMR,Sub-Saharan Africa,2021,47.8,42.2,0.028276408,,0.687343216,,,1.08442749,0.450281105,0.169050903
Cameroon,CMR,Sub-Saharan Africa,2022,,,0.026176844,,0.694347382,,,1.107155075,0.451436691,0.161898594
Cameroon,CMR,Sub-Saharan Africa,2023,,,,,0.710805588,,,1.126423264,0.443895798,0.157919598
Cape Verde,CPV,Sub-Saharan Africa,2009,76.4,,,,,,,,,
Cape Verde,CPV,Sub-Saharan Africa,2010,76.4,,,,,,,,,
Cape Verde,CPV,Sub-Saharan Africa,2011,76.4,,,,,,,,,
Cape Verde,CPV,Sub-Saharan Africa,2012,76.4,,,,,,,,,
Cape Verde,CPV,Sub-Saharan Africa,2013,76.4,,,,,,,,,
Cape Verde,CPV,Sub-Saharan Africa,2014,76.4,,,,,,,,,
Cape Verde,CPV,Sub-Saharan Africa,2015,76.4,,,,,,,,,
Cape Verde,CPV,Sub-Saharan Africa,2016,76.4,,,,,,,,,
Cape Verde,CPV,Sub-Saharan Africa,2017,76.4,,,,,,,,,
Central African Republic,CAF,Sub-Saharan Africa,1992,11.2,,,,,,,,,
Central African Republic,CAF,Sub-Saharan Africa,1993,11.6,,,,,,,,,
Central African Republic,CAF,Sub-Saharan Africa,1994,12,,,,,,,,,
Central African Republic,CAF,Sub-Saharan Africa,1995,12.4,,,,,,,,,
Central African Republic,CAF,Sub-Saharan Africa,1996,12.8,,,,,,,,,
Central African Republic,CAF,Sub-Saharan Africa,1997,13.2,,,,,,,,,
Central African Republic,CAF,Sub-Saharan Africa,1998,13.6,,,,,,,,,
Central African Republic,CAF,Sub-Saharan Africa,1999,14,,,,,,,,,
Central African Republic,CAF,Sub-Saharan Africa,2000,14.4,,,,,,,,,
Central African Republic,CAF,Sub-Saharan Africa,2001,14.8,,,,,,,,,
Central African Republic,CAF,Sub-Saharan Africa,2002,15.2,,,,,,,,,
Central African Republic,CAF,Sub-Saharan Africa,2003,15.6,,,,,,,,,
Central African Republic,CAF,Sub-Saharan Africa,2004,16,,,,,,,,,
Central African Republic,CAF,Sub-Saharan Africa,2005,16.4,,,,,,,,,
Central African Republic,CAF,Sub-Saharan Africa,2006,16.8,,,,,,,,,
Dominican Republic,DOM,North America,1996,55.7,47.4,,,,,,,,
Central African Republic,CAF,Sub-Saharan Africa,2008,17.2,,,,,,,,,
Central African Republic,CAF,Sub-Saharan Africa,2009,17.4,,,,,,,,,
Central African Republic,CAF,Sub-Saharan Africa,2010,17.6,,,,,,,,,
Central African Republic,CAF,Sub-Saharan Africa,2011,17.5,,,,,,,,,
Central African Republic,CAF,Sub-Saharan Africa,2012,17.4,,,,,,,,,
Central African Republic,CAF,Sub-Saharan Africa,2013,17.3,,,,,,,,,
Central African Republic,CAF,Sub-Saharan Africa,2014,17.2,,,,,,,,,
Central African Republic,CAF,Sub-Saharan Africa,2015,17.1,,,,,,,,,
Central African Republic,CAF,Sub-Saharan Africa,2016,17,,,,,,,,,
Central African Republic,CAF,Sub-Saharan Africa,2017,16.9,,,,,,,,,
Central African Republic,CAF,Sub-Saharan Africa,2018,16.8,,,,,,,,,
Central African Republic,CAF,Sub-Saharan Africa,2019,16.8,,,,,,,,,
Central African Republic,CAF,Sub-Saharan Africa,2020,16.7,,,,,,,,,
Central African Republic,CAF,Sub-Saharan Africa,2021,16.6,,,,,,,,,
Central African Republic,CAF,Sub-Saharan Africa,2022,16.5,,,,,,,,,
Chad,TCD,Sub-Saharan Africa,1994,6.07,,,,,,,,,
Chad,TCD,Sub-Saharan Africa,1995,6.49,,,,,,,,,
Chad,TCD,Sub-Saharan Africa,1996,6.91,,,,,,,,,
Chad,TCD,Sub-Saharan Africa,1997,7.33,,,,,,,,,
Chad,TCD,Sub-Saharan Africa,1998,7.75,,,,,,,,,
Chad,TCD,Sub-Saharan Africa,1999,8.17,,0.0322786,,0.206052494,67.88426,34.10003,0.610813408,0.105303297,
Chad,TCD,Sub-Saharan Africa,2000,8.59,,0.026467099,0.26,0.224082298,68.62067,32.22277,0.633714981,0.112949104,0.0081738
Chad,TCD,Sub-Saharan Africa,2001,9.01,,0.024261401,,0.245086594,71.22252,36.29178,0.65877739,0.130246401,0.0084241
Chad,TCD,Sub-Saharan Africa,2002,9.43,,,,0.272441196,67.9511,37.88573,0.701622772,0.138271303,
Chad,TCD,Sub-Saharan Africa,2003,9.85,39.8,,,0.327083702,72.11578,32.15364,0.722894592,0.152579403,0.0097371
Chad,TCD,Sub-Saharan Africa,2004,10.3,,0.0159295,0.28,0.333219299,68.7188,34.20748,0.757852478,0.156588602,0.0124918
Chad,TCD,Sub-Saharan Africa,2005,11,,0.0169477,,0.299270096,63.15438,33.54568,0.725506516,0.159912205,0.0145951
Chad,TCD,Sub-Saharan Africa,2006,11.6,,,,0.307831192,62.72308,32.99598,0.721270981,0.163506393,
Lesotho,LSO,Sub-Saharan Africa,2007,27.8,,,,0.806764069,37.20013,25.39641,1.210894775,0.417256584,
Chad,TCD,Sub-Saharan Africa,2008,13,,,,,62.40153,,0.789654236,0.214617405,0.020057399
Chad,TCD,Sub-Saharan Africa,2009,13.7,,0.023117399,,0.315776196,61.01961,32.33045,0.836812515,0.234939804,0.0207355
Chad,TCD,Sub-Saharan Africa,2010,14.4,,0.0198194,,0.313891106,62.20393,32.47438,0.838425522,0.231052609,0.021578701
Chad,TCD,Sub-Saharan Africa,2011,15.3,43.3,0.022579,,0.347236786,62.59056,31.98235,0.904705429,0.235767994,0.022801199
Chad,TCD,Sub-Saharan Africa,2012,16.2,,0.022061501,,0.352715492,61.26763,29.7734,0.944548492,0.228527393,
Chad,TCD,Sub-Saharan Africa,2013,17.1,,0.028507099,,0.386615601,62.42763,35.77055,1.014432678,0.253763905,
Chad,TCD,Sub-Saharan Africa,2014,17.9,,0.023203123,,,56.16602,36.61245,1.023478775,0.236399193,0.034995999
Chad,TCD,Sub-Saharan Africa,2015,18.8,,0.023428316,0.260029907,0.389475403,55.54179,27.45229,0.91565918,0.230286598,0.033345101
Chad,TCD,Sub-Saharan Africa,2016,19.5,,0.023884759,0.22,0.42020771,56.88788,27.13412,0.859795227,0.233515091,
Chad,TCD,Sub-Saharan Africa,2017,20.2,,0.024548199,,0.378997803,,,0.772443924,0.213540096,
Chad,TCD,Sub-Saharan Africa,2018,20.9,37.5,0.02259475,,0.404090385,,,0.877207489,0.207695808,
Chad,TCD,Sub-Saharan Africa,2019,21.7,,0.02372458,0.306279202,,,,0.865310593,0.2098353,
Chad,TCD,Sub-Saharan Africa,2020,22.4,,0.02739604,,,,,,,0.045331998
Chad,TCD,Sub-Saharan Africa,2021,23.1,,0.0288813,,0.435296288,,,0.894220505,0.240918598,
Chad,TCD,Sub-Saharan Africa,2022,23.8,37.4,0.025386729,0.272800007,,,,0.903641205,,
Chad,TCD,Sub-Saharan Africa,2023,,,,,,,,0.917743683,0.252421398,
Dominican Republic,DOM,North America,1997,57.4,48.9,,,,,,,,
Dominican Republic,DOM,North America,1998,59.1,,,,,,,,,
Dominican Republic,DOM,North America,1999,60.8,,,,0.732761231,31.18106,,1.105777283,0.560141487,
Dominican Republic,DOM,North America,2000,62.6,51.5,0.0188829,,0.783414612,31.03273,,1.153086472,0.594400787,
Dominican Republic,DOM,North America,2001,64.3,50,0.019678299,,,,,,,
Dominican Republic,DOM,North America,2002,66,49.7,0.0191401,0.87,0.917170792,32.60835,,1.179683304,0.678162766,
Dominican Republic,DOM,North America,2003,66.9,52.1,0.0184465,,,,,1.156812363,,0.336751099
Dominican Republic,DOM,North America,2004,67.9,52.1,,,0.881438599,25.23843,27.03779,1.077164536,0.688893127,
Guinea Bissau,GNB,Sub-Saharan Africa,2007,28,,,,,,,,,
Dominican Republic,DOM,North America,2005,68.8,50,,,,24.32793,26.43142,1.082743912,0.705230408,
Dominican Republic,DOM,North America,2006,69.7,52,,,0.858618164,22.51085,,1.036044388,,
Dominican Republic,DOM,North America,2008,71.7,48.1,,,,19.62249,24.46806,1.095251236,0.787571564,
China,CHN,East Asia,1993,,33.9,,,,,,,,
China,CHN,East Asia,1996,,35.2,,,,,,,,
China,CHN,East Asia,1999,62.3,38.7,0.018880399,,,,,,0.582373085,0.066202898
China,CHN,East Asia,2000,62.3,,,0.91,,,17.10846,,0.592292213,0.075584998
China,CHN,East Asia,2001,62.2,,,,,22.20572,18.9229,1.159098587,0.621108284,0.092288599
China,CHN,East Asia,2002,62.1,42,,,,,18.92909,,0.628491707,0.117157097
China,CHN,East Asia,2003,62,,,,,,18.61115,,0.640620117,0.143912096
China,CHN,East Asia,2004,62,,,,,,,,,0.167798405
China,CHN,East Asia,2005,61.9,40.9,0.023919055,,,,,,,0.185551491
China,CHN,East Asia,2006,61.8,,0.024412844,,0.924162293,18.25192,17.54954,1.064964294,0.742114868,0.205098801
Kenya,KEN,Sub-Saharan Africa,2007,28.5,,,0.721570282,,41.95242,30.37735,1.08052002,0.509123116,
China,CHN,East Asia,2008,61.7,43,0.036317883,,1.050206909,17.55452,15.99176,1.074307404,0.829210892,0.218546906
China,CHN,East Asia,2009,61.6,,0.037515221,,1.056607971,17.21563,15.71505,1.066316376,0.88778038,0.232702103
China,CHN,East Asia,2010,61.5,43.7,0.035596652,0.95,1.048967896,16.84376,15.46166,1.050002136,0.915271835,0.252860699
China,CHN,East Asia,2011,61.4,42.4,0.03809217,,,16.78841,15.15325,1.038692627,0.929864197,0.268075295
China,CHN,East Asia,2012,66.4,42.2,0.042978888,,,16.84872,14.50326,1.034364395,0.933106079,0.293250408
China,CHN,East Asia,2013,71.3,39.7,0.041298041,,,16.85343,15.14167,1.029309082,,0.327620316
China,CHN,East Asia,2014,73.1,39.2,0.0410536,,,16.23079,14.27963,0.979485016,,0.438821907
China,CHN,East Asia,2015,75,38.6,0.042420125,,,16.29441,13.81544,0.971544418,,0.47435379
China,CHN,East Asia,2016,76.8,38.5,0.042063851,,,16.54936,13.49871,0.973906174,,0.497083588
China,CHN,East Asia,2017,78.6,39.1,0.041113315,,,16.59383,13.30917,0.979221191,,0.515827713
China,CHN,East Asia,2018,80.5,38.5,0.040244241,,,16.42675,13.25879,0.981703568,,0.540076218
China,CHN,East Asia,2019,,38.2,0.040593948,,,,,0.982354126,,0.572754402
China,CHN,East Asia,2020,,37.1,0.042333813,0.97,,,,0.990244293,,0.622367783
China,CHN,East Asia,2021,,35.7,0.039883251,,,,,0.99430397,,0.67387619
China,CHN,East Asia,2022,,36,0.040235696,,,,,1.0017173,,0.719815521
China,CHN,East Asia,2023,,,,,,,,0.993238602,,0.748236008
Dominican Republic,DOM,North America,2009,72.7,48.9,,,0.939997482,25.18972,26.94102,1.118158722,0.80711998,
Dominican Republic,DOM,North America,2010,73.7,47.3,0.018872879,0.9,0.928501587,25.53138,28.19246,1.10497963,0.779718323,0.485968781
Dominican Republic,DOM,North America,2011,74.7,47.7,0.018792576,0.9,0.93000618,25.45855,28.72223,1.102006836,0.774272232,0.476470642
Dominican Republic,DOM,North America,2012,75.7,46.1,,0.9,0.93455719,23.6279,29.17577,1.08469017,0.779861069,0.486290016
Dominican Republic,DOM,North America,2013,76.8,47.7,0.036281815,0.91,0.941746979,23.49304,27.63296,1.095282364,0.791715012,0.46357193
Dominican Republic,DOM,North America,2014,77.1,44.3,0.036224344,0.92,0.952857208,20.56358,,1.080645523,0.801145401,0.493192711
Dominican Republic,DOM,North America,2015,77.5,45.2,0.036040027,0.92,0.996948929,18.29098,22.09344,1.120134888,0.799378891,0.517471085
Dominican Republic,DOM,North America,2016,77.9,45.7,0.038504956,0.94,0.994304962,18.52102,,1.107048798,0.800944672,0.544990006
Dominican Republic,DOM,North America,2017,78.2,42.2,0.039202676,,0.960952301,18.91694,18.64652,1.080194397,0.799406815,0.599155884
Dominican Republic,DOM,North America,2018,78.6,43.7,0.039182107,,0.937769318,18.92322,,1.058583984,0.802159271,0.631462402
Dominican Republic,DOM,North America,2019,79,41.9,0.04042769,,0.939661713,,,1.123336105,0.818562393,0.643841324
Dominican Republic,DOM,North America,2020,79.3,39.6,0.045176983,,0.97005661,,,1.059252396,0.800444107,0.587264099
Dominican Republic,DOM,North America,2021,79.7,38.5,0.037473135,,0.877265167,,,0.968704605,0.75704483,0.564690819
Dominican Republic,DOM,North America,2022,80.1,37,0.039402714,0.955,0.894886322,,,1.004922867,0.765283203,0.551665306
Dominican Republic,DOM,North America,2023,,38.4,,,0.850387497,,,0.947164536,0.722825394,
Sudan,SDN,North Africa,2007,29,,,,,,,0.706004181,0.352355118,0.122144804
El Salvador,SLV,North America,1995,,49.8,,,,,,,,
El Salvador,SLV,North America,1996,,51,,,,,,,,
El Salvador,SLV,North America,1998,,54.4,,,,,,,,
El Salvador,SLV,North America,1999,,52.1,0.025626099,,,,,1.068547211,0.519944992,0.204192409
El Salvador,SLV,North America,2000,,51.5,0.0283868,,0.860596695,,,1.074295807,0.545617981,0.196949101
El Salvador,SLV,North America,2001,,51.3,,,0.854702377,,,1.090733719,0.569338913,0.188956108
El Salvador,SLV,North America,2002,,51.9,0.032428401,,0.856927719,,,1.110090103,0.604803886,0.196349602
El Salvador,SLV,North America,2003,,50.4,0.0313467,,0.863127518,45.50168,29.02299,1.139478378,0.639578285,0.204657307
El Salvador,SLV,North America,2004,61.4,47.8,,,,46.16032,30.25362,1.170974884,0.676739273,0.215153294
El Salvador,SLV,North America,2005,62.2,48.5,0.0317785,,0.894914169,43.23934,28.91989,1.170495224,0.674190521,0.223210602
El Salvador,SLV,North America,2006,63,45.7,0.0349298,0.84,0.88414238,40.09995,,1.159505692,0.671278763,0.231474609
El Salvador,SLV,North America,2008,64.6,46.9,0.044581099,0.84,0.924896774,32.61124,26.32674,1.126889725,0.657248535,0.254552898
El Salvador,SLV,North America,2009,65.4,45.8,0.046595001,0.84,0.953806915,31.00441,24.36291,1.110421677,0.662814865,0.258306809
El Salvador,SLV,North America,2010,66.2,43.5,0.0404808,0.84,0.975179367,,,1.110397415,0.676990128,0.2621208
El Salvador,SLV,North America,2011,67,42.3,0.0389854,0.85,0.985366211,29.28568,24.34529,1.099426498,0.692876663,0.271980305
El Salvador,SLV,North America,2012,67.8,41.8,0.0371244,,0.968596802,,,1.088993301,0.703625183,0.279502296
Comoros,COM,Sub-Saharan Africa,1993,22.8,,,,,,,,,
Comoros,COM,Sub-Saharan Africa,1994,24.1,,,,,,,,,
Comoros,COM,Sub-Saharan Africa,1995,25.3,,,,,,,,,
Comoros,COM,Sub-Saharan Africa,1996,26.6,,,,,,,,,
Comoros,COM,Sub-Saharan Africa,1997,27.8,,,,,,,,,
Comoros,COM,Sub-Saharan Africa,1998,29.1,,,,,,,,,
Comoros,COM,Sub-Saharan Africa,1999,30.3,,,,0.466943283,34.77068,,0.882658997,0.321032906,0.0137308
Comoros,COM,Sub-Saharan Africa,2000,31.6,,,0.68,,36.83793,,0.978609467,,0.0149466
Comoros,COM,Sub-Saharan Africa,2001,32.8,,,,,,,,,
Comoros,COM,Sub-Saharan Africa,2002,34,,0.0225842,,0.547611504,39.20075,13.03849,1.040928802,0.357023201,
Comoros,COM,Sub-Saharan Africa,2003,35.3,,,,0.531874008,35.85763,11.25978,1.008013916,0.392440796,0.034008701
Comoros,COM,Sub-Saharan Africa,2004,36.5,55.9,,,0.569672394,34.98787,13.79589,0.985456772,0.427356606,
Comoros,COM,Sub-Saharan Africa,2005,37.8,,,,,,,,,
Comoros,COM,Sub-Saharan Africa,2006,39,,,,,,,,,
Timor Leste,TLS,South East Asia,2007,29.3,,,,,,,,,
Comoros,COM,Sub-Saharan Africa,2008,41.5,,0.044226499,,0.67990799,30.15332,,1.025102921,,
Comoros,COM,Sub-Saharan Africa,2009,42.8,,,,,,,,,0.064769301
Comoros,COM,Sub-Saharan Africa,2010,44,,,,,,,,,0.063527999
Comoros,COM,Sub-Saharan Africa,2011,45.3,,0.028304501,,,27.74673,,1.084215422,,0.087821798
Comoros,COM,Sub-Saharan Africa,2012,46.5,,0.027478399,0.491961403,,,,,,0.094758501
Comoros,COM,Sub-Saharan Africa,2013,47.8,,0.0238276,,0.739174423,27.80796,8.70555,1.11276121,0.590819129,0.094698896
Comoros,COM,Sub-Saharan Africa,2014,49.2,45.3,0.0274473,,0.794605713,,8.61767,1.10691101,0.605502056,0.096282902
Comoros,COM,Sub-Saharan Africa,2015,50.5,,0.025450599,,,,,,,
Comoros,COM,Sub-Saharan Africa,2016,51.9,,,,,,,,,
Comoros,COM,Sub-Saharan Africa,2017,53.2,,,,0.814090424,18.90138,5.31356,1.056458274,0.57252362,
Comoros,COM,Sub-Saharan Africa,2018,54.6,,,,,28.05781,8.30834,1.062061891,0.628695007,
Comoros,COM,Sub-Saharan Africa,2019,55.9,,,,,,,,,
Comoros,COM,Sub-Saharan Africa,2020,57.3,,0.023780508,,,,,,,
Comoros,COM,Sub-Saharan Africa,2021,58.6,,0.022748539,,,,,0.852560669,,
Comoros,COM,Sub-Saharan Africa,2022,59.9,,0.024316442,0.617099991,,,,,,
Comoros,COM,Sub-Saharan Africa,2023,61.3,,,,,,,0.946890733,0.551931974,
Congo Brazzaville,COG,Sub-Saharan Africa,2002,29.5,,,,,,,,,
Congo Brazzaville,COG,Sub-Saharan Africa,2003,30.4,,,,,,,,,
Congo Brazzaville,COG,Sub-Saharan Africa,2004,31.4,,,,,,,,,
Congo Brazzaville,COG,Sub-Saharan Africa,2005,32.3,,,,,,,,,
Congo Brazzaville,COG,Sub-Saharan Africa,2006,33.3,,,,,,,,,
Angola,AGO,Sub-Saharan Africa,2007,29.5,,,,,41.0124,,1.042333298,,
Congo Brazzaville,COG,Sub-Saharan Africa,2008,35.1,,,,,,,,,
Congo Brazzaville,COG,Sub-Saharan Africa,2009,36.1,,,,,,,,,
Congo Brazzaville,COG,Sub-Saharan Africa,2010,37,,,,,,,,,
Congo Brazzaville,COG,Sub-Saharan Africa,2011,38,,,,,,,,,
Congo Brazzaville,COG,Sub-Saharan Africa,2012,40.2,,,,,,,,,
Congo Brazzaville,COG,Sub-Saharan Africa,2013,42.5,,,,,,,,,
Congo Brazzaville,COG,Sub-Saharan Africa,2014,44.7,,,,,,,,,
Congo Brazzaville,COG,Sub-Saharan Africa,2015,47,,,,,,,,,
Congo Brazzaville,COG,Sub-Saharan Africa,2016,49.3,,,,,,,,,
Congo Brazzaville,COG,Sub-Saharan Africa,2017,51.5,,,,,,,,,
Congo Brazzaville,COG,Sub-Saharan Africa,2018,53.8,,,,,,,,,
Congo Democratic Republic,COD,Sub-Saharan Africa,2004,24,,,,,,,,,
Congo Democratic Republic,COD,Sub-Saharan Africa,2005,22.7,,,,,,,,,
Congo Democratic Republic,COD,Sub-Saharan Africa,2006,21.4,,,,,,,,,
Bangladesh,BGD,South Asia,2007,30.4,,0.0220222,0.466636009,,44.75494,25.24427,0.981889877,0.479007187,0.078671298
Congo Democratic Republic,COD,Sub-Saharan Africa,2008,18.8,,,,,,,,,
Congo Democratic Republic,COD,Sub-Saharan Africa,2009,17.6,,,,,,,,,
Congo Democratic Republic,COD,Sub-Saharan Africa,2010,16.3,,,,,,,,,
Congo Democratic Republic,COD,Sub-Saharan Africa,2011,17.8,,,,,,,,,
Congo Democratic Republic,COD,Sub-Saharan Africa,2012,19.3,,,,,,,,,
Congo Democratic Republic,COD,Sub-Saharan Africa,2013,20.8,,,,,,,,,
Congo Democratic Republic,COD,Sub-Saharan Africa,2014,21.7,,,,,,,,,
Congo Democratic Republic,COD,Sub-Saharan Africa,2015,22.6,,,,,,,,,
Congo Democratic Republic,COD,Sub-Saharan Africa,2016,23.5,,,,,,,,,
Congo Democratic Republic,COD,Sub-Saharan Africa,2017,24.4,,,,,,,,,
Congo Democratic Republic,COD,Sub-Saharan Africa,2018,25.3,,,,,,,,,
Congo Democratic Republic,COD,Sub-Saharan Africa,2019,26.2,,,,,,,,,
Congo Democratic Republic,COD,Sub-Saharan Africa,2020,27.1,,,,,,,,,
Congo Democratic Republic,COD,Sub-Saharan Africa,2021,28,,,,,,,,,
El Salvador,SLV,North America,2013,68.5,43.4,0.038014901,0.87,0.950980377,,,1.079349823,0.732414322,0.281076107
El Salvador,SLV,North America,2014,69.3,41.6,0.038241601,,0.941715775,,,1.065974274,0.724806366,0.273663197
El Salvador,SLV,North America,2015,70,40.6,0.039098799,0.88,0.927768097,29.69441,30.84663,1.045803299,0.706981888,0.272137394
El Salvador,SLV,North America,2016,70.7,40,0.038252399,0.88,0.921429215,28.26087,29.31611,1.024119034,0.691290283,0.270054703
El Salvador,SLV,North America,2017,71.5,38,0.0372523,0.88,0.916084137,28.27102,27.82175,0.989354172,0.669067307,0.274678001
El Salvador,SLV,North America,2018,,38.6,0.036057501,0.89,0.897590408,26.89473,27.55579,0.974464264,0.67726593,0.280338802
El Salvador,SLV,North America,2019,,38.8,0.0338711,0.89,,,,0.922698364,0.660821228,0.283688908
El Salvador,SLV,North America,2020,,,0.036608801,0.9,0.831518021,,,0.909966583,0.662030335,0.308192101
El Salvador,SLV,North America,2021,,39,0.035776601,,0.838425522,,,0.893974381,0.660354767,0.301295891
El Salvador,SLV,North America,2022,,38.8,0.0325634,,0.798180008,,,0.893291473,0.653314667,0.312823792
El Salvador,SLV,North America,2023,,39.8,0.0317219,0.9,0.8095858,,,0.910513611,0.657442017,0.322285118
Guatemala,GTM,North America,1992,31.1,,,,,,,,,
Guatemala,GTM,North America,1993,32.4,,,,,,,,,
Guatemala,GTM,North America,1994,33.8,,,,,,,,,
Guatemala,GTM,North America,1995,35.1,,,,,,,,,
Togo,TGO,Sub-Saharan Africa,2007,30.5,,0.024860401,,,39.13792,35.50651,1.085287628,0.437538796,0.057041101
Guatemala,GTM,North America,1996,36.4,,,,,,,,,
Guatemala,GTM,North America,1997,37.7,,,,,,,,,
Guatemala,GTM,North America,1998,39,49.4,,,,,,,,
Guatemala,GTM,North America,1999,40.4,,,,0.507087288,38.146,13.24699,0.970108872,0.271351891,
Guatemala,GTM,North America,2000,42.9,54.2,,,0.543726082,32.56065,14.03186,0.990896912,0.307485008,
Guatemala,GTM,North America,2001,45.4,,,,0.563355789,30.00455,13.6879,1.000706482,0.326942215,
Guatemala,GTM,North America,2002,47.9,,,0.69,0.600751114,30.12575,13.69236,1.032462692,0.354119797,0.093360701
Guatemala,GTM,North America,2003,50.4,,,,,,,,,
Guatemala,GTM,North America,2004,52.9,,,,0.672934189,30.88923,15.38681,1.093224564,0.386573181,
Guatemala,GTM,North America,2005,55.4,,,,0.71244957,31.05577,15.75017,1.1045578,0.406833801,
Guatemala,GTM,North America,2006,57.9,54.5,0.0303285,,0.742240906,30.95251,16.20368,1.11447937,0.425541115,
Guatemala,GTM,North America,2008,61.5,,0.0323686,,0.77452713,29.42545,16.56567,1.128863525,0.454309692,
Guatemala,GTM,North America,2009,62.5,,,,0.829801331,27.94058,15.98533,1.186092072,0.485042687,0.151058502
Guatemala,GTM,North America,2010,63.6,,0.0284865,,0.839035034,26.86718,13.98346,1.171743774,0.524429398,0.157838802
Guatemala,GTM,North America,2011,64.6,,0.029686501,,0.862735214,26.2891,13.54263,1.159911499,0.530007401,0.164862709
Guatemala,GTM,North America,2012,65.7,,0.0300525,0.78,0.864331207,25.54245,13.66083,1.116734238,0.533110085,0.169342899
Cote d'Ivoire,CIV,Sub-Saharan Africa,1992,,39.4,,,,,,,,
Cote d'Ivoire,CIV,Sub-Saharan Africa,1995,,40.6,,,,,,,,
Cote d'Ivoire,CIV,Sub-Saharan Africa,1996,30,,,,,,,,,
Cote d'Ivoire,CIV,Sub-Saharan Africa,1997,30.9,,,,,,,,,
Cote d'Ivoire,CIV,Sub-Saharan Africa,1998,31.8,39,,,,,,,,
Cote d'Ivoire,CIV,Sub-Saharan Africa,1999,32.7,,0.026852901,,0.447158394,42.71803,29.3952,0.723918762,0.230311298,0.0579389
Cote d'Ivoire,CIV,Sub-Saharan Africa,2000,33.5,,0.0240031,0.49,0.428798103,44.97398,,0.705018082,,
Cote d'Ivoire,CIV,Sub-Saharan Africa,2001,34.4,,0.024447701,,0.470666313,46.07557,,0.716749497,,
Cote d'Ivoire,CIV,Sub-Saharan Africa,2002,35.3,41.3,0.028104801,,,43.88046,,0.71688652,,
Cote d'Ivoire,CIV,Sub-Saharan Africa,2003,36.2,,0.028643701,,,42.35665,,0.677177124,,
Cote d'Ivoire,CIV,Sub-Saharan Africa,2004,37.1,,0.029117601,,,,,,,
Cote d'Ivoire,CIV,Sub-Saharan Africa,2005,37.9,,0.0291944,,,,,,,
Cote d'Ivoire,CIV,Sub-Saharan Africa,2006,38.8,,0.028199999,,0.427145882,46.10896,,0.648889313,,
Mauritania,MRT,North Africa,2007,30.8,,,0.455037804,0.512210007,42.51481,,0.924876404,,0.038562601
Cote d'Ivoire,CIV,Sub-Saharan Africa,2008,40.6,43.2,0.030985301,,,41.8902,,0.691642304,,0.083458099
Cote d'Ivoire,CIV,Sub-Saharan Africa,2009,41.5,,0.031739399,,0.446389198,42.12742,,0.686351929,,0.081834698
Cote d'Ivoire,CIV,Sub-Saharan Africa,2010,42.3,,0.0324651,,,,,,,0.074738202
Cote d'Ivoire,CIV,Sub-Saharan Africa,2011,43.2,,0.028657601,,0.518445282,48.84621,,0.771075821,,0.0330476
Cote d'Ivoire,CIV,Sub-Saharan Africa,2012,44.1,,0.034344699,0.409816284,0.528002892,41.71605,,0.797437897,,
Cote d'Ivoire,CIV,Sub-Saharan Africa,2013,45,,0.034586,,0.51781559,41.00117,,0.806249085,,0.081219502
Cote d'Ivoire,CIV,Sub-Saharan Africa,2014,45.9,,0.033141699,0.44,0.531275406,42.52673,22.30057,0.8284935,0.384756012,0.083683004
Cote d'Ivoire,CIV,Sub-Saharan Africa,2015,46.7,41.5,0.034941299,,0.580733604,42.0505,,0.858923035,0.416637383,0.088992796
Cote d'Ivoire,CIV,Sub-Saharan Africa,2016,47.6,,0.0393593,0.500396805,0.613673782,42.50102,25.83658,0.901342468,0.438949585,0.090927696
Cote d'Ivoire,CIV,Sub-Saharan Africa,2017,48.5,,0.037365401,,0.676764908,42.42645,26.31551,0.918170929,0.468549614,0.094700003
Cote d'Ivoire,CIV,Sub-Saharan Africa,2018,49.4,37.2,0.032116499,,0.700334702,41.8223,27.28114,0.929018936,0.490457993,
Cote d'Ivoire,CIV,Sub-Saharan Africa,2019,50.3,,0.0341307,0.9,0.734945068,,,0.935452194,0.522111511,0.099126101
Cote d'Ivoire,CIV,Sub-Saharan Africa,2020,51.1,,0.037867401,,0.755859833,,,0.941609116,0.546525307,0.097769804
Cote d'Ivoire,CIV,Sub-Saharan Africa,2021,52,35.3,0.033271899,0.500006409,0.73705368,,,0.927193832,0.572815094,0.102318001
Cote d'Ivoire,CIV,Sub-Saharan Africa,2022,52.9,,0.0351197,,0.685947037,,,0.94648941,0.550669403,0.106260901
Cote d'Ivoire,CIV,Sub-Saharan Africa,2023,53.8,,0.0342993,,0.8022789,,,1.016504974,0.660276794,0.111203804
Guatemala,GTM,North America,2013,65.4,,0.028880899,0.77,0.86470047,23.66146,12.32395,1.089231873,0.534995194,0.196571808
Guatemala,GTM,North America,2014,65.1,48.3,0.0298562,0.81,0.861878128,22.98198,12.66446,1.054326324,0.530899582,0.183490906
Guatemala,GTM,North America,2015,64.7,,0.030303299,0.801950913,0.851492996,,,1.040998535,0.549180489,0.220697193
Guatemala,GTM,North America,2016,64.4,,0.029447401,,0.816419296,21.74437,12.39713,1.030138931,0.543751907,0.161237927
Guatemala,GTM,North America,2017,64.1,,0.029500999,,0.819770126,20.17993,10.51281,1.030335922,0.540077896,0.17104454
Guatemala,GTM,North America,2018,63.7,,0.031319399,0.81,0.817480927,20.26228,10.49312,1.035778198,0.541130104,0.17516367
Guatemala,GTM,North America,2019,,,0.0319297,,0.807314377,,,1.034272919,0.526072884,0.226505108
Guatemala,GTM,North America,2020,,,0.032950301,,0.813348618,,,1.021354828,0.519058113,0.186944981
Benin,BEN,Sub-Saharan Africa,2007,31.1,,0.023633101,,,,,,,0.077589898
Guatemala,GTM,North America,2021,,,0.031063499,,0.885031128,,,1.038098984,0.483225403,
Guatemala,GTM,North America,2022,,,0.032294099,0.830311737,0.870075531,,,1.039062271,0.461119003,
Guatemala,GTM,North America,2023,,45.2,0.0317939,,0.864279022,,,1.030463867,0.476308784,0.272776299
Haiti,HTI,North America,1992,22.6,,,,,,,,,
Haiti,HTI,North America,1993,22.5,,,,,,,,,
Haiti,HTI,North America,1994,22.5,,,,,,,,,
Haiti,HTI,North America,1995,22.4,,,,,,,,,
Haiti,HTI,North America,1996,22.3,,,,,,,,,
Haiti,HTI,North America,1997,22.3,,,,,,,,,
Haiti,HTI,North America,1998,22.2,,,,,,,,,
Haiti,HTI,North America,1999,22.2,,,,,,,,,
Haiti,HTI,North America,2000,22.1,,,,,,,,,
Haiti,HTI,North America,2001,22.5,59,,,,,,,,
Haiti,HTI,North America,2002,22.8,,,,,,,,,
Haiti,HTI,North America,2003,23.2,,,0.59,,,,,,
Haiti,HTI,North America,2004,23.6,,,,,,,,,
Djibouti,DJI,Sub-Saharan Africa,1999,,,0.076294799,,,39.5383,22.81029,,,0.002468
Djibouti,DJI,Sub-Saharan Africa,2000,,,0.096599998,,,,,,,0.0025885
Djibouti,DJI,Sub-Saharan Africa,2001,,,0.078054299,,,,,,,0.0065762
Djibouti,DJI,Sub-Saharan Africa,2002,54.7,40,0.084476004,,,,31.85714,,,0.009375
Djibouti,DJI,Sub-Saharan Africa,2003,54.7,,0.088898497,,,,,,,0.0114328
Djibouti,DJI,Sub-Saharan Africa,2004,54.7,,0.092646704,,,34.54823,,,,0.0143962
Djibouti,DJI,Sub-Saharan Africa,2005,54.7,,0.083658895,,,,,,,0.021605401
Djibouti,DJI,Sub-Saharan Africa,2006,54.7,,0.0827878,,,33.63267,31.29783,,,0.0244769
Cameroon,CMR,Sub-Saharan Africa,2007,31.9,42.8,0.0287816,0.71,0.548315697,44.43054,21.89841,1.057493591,0.327429504,0.074295201
Djibouti,DJI,Sub-Saharan Africa,2008,54.7,,,,,34.0344,,,,0.029119501
Djibouti,DJI,Sub-Saharan Africa,2009,54.7,,,,,34.14014,29.71343,,,0.0365523
Djibouti,DJI,Sub-Saharan Africa,2010,54.7,,0.044902201,,,,,,,0.036472399
Djibouti,DJI,Sub-Saharan Africa,2011,,,,,,35.23512,27.89546,,,0.052101202
Djibouti,DJI,Sub-Saharan Africa,2012,,45.1,0.063512754,,,34.93245,26.55834,,,
Djibouti,DJI,Sub-Saharan Africa,2013,,44.1,0.046478252,,,34.21598,25.13412,,,
Djibouti,DJI,Sub-Saharan Africa,2014,,,0.043840752,,,33.23979,24.54023,,,
Djibouti,DJI,Sub-Saharan Africa,2015,,,0.035989499,,,33.02204,22.77297,,,
Djibouti,DJI,Sub-Saharan Africa,2016,,,0.0392226,,,31.09517,23.75349,,,
Djibouti,DJI,Sub-Saharan Africa,2017,,41.6,0.037334499,,,30.42105,22.727,,,
Djibouti,DJI,Sub-Saharan Africa,2018,,,0.0375143,,,29.37453,25.41709,,,
Djibouti,DJI,Sub-Saharan Africa,2019,,,,,,,26.83286,,,
Haiti,HTI,North America,2005,24,,,,,,,,,
Haiti,HTI,North America,2006,25.3,,,0.486850205,,,,,,
Nicaragua,NIC,North America,2007,49.9,,,,0.754878616,30.55547,31.1067,1.163756409,0.691894379,
Haiti,HTI,North America,2008,28.1,,,,,,,,,
Haiti,HTI,North America,2009,29.4,,,,,,,,,
Haiti,HTI,North America,2010,30.8,,,,,,,,,
Haiti,HTI,North America,2011,32.2,,,,,,,,,
Haiti,HTI,North America,2012,33.5,41.1,,,,,,,,
Haiti,HTI,North America,2013,34.6,,,,,,,,,
Haiti,HTI,North America,2014,35.6,,0.0175227,,,,,,,
Haiti,HTI,North America,2015,36.6,,0.0185498,,,,,,,
Haiti,HTI,North America,2016,37.6,,0.0138776,0.61691349,,,,,,
Haiti,HTI,North America,2017,38.7,,0.014984699,0.680098572,,,,,,
Haiti,HTI,North America,2018,39.7,,0.016371599,,,,,,,
Haiti,HTI,North America,2019,40.7,,0.01759413,,,,,,,
Nepal,NPL,South Asia,2007,32.7,,0.0351721,,,40.01754,,1.312217255,0.425672493,0.094913902
Haiti,HTI,North America,2020,41.7,,0.013710139,,,,,,,
Haiti,HTI,North America,2021,,,0.012427518,,,,,,,
Haiti,HTI,North America,2022,,,0.012746689,,,,,,,
Honduras,HND,North America,1992,,51.8,,,,,,,,
Honduras,HND,North America,1993,,53.4,,,,,,,,
Honduras,HND,North America,1994,,55,,,,,,,,
Honduras,HND,North America,1995,,55.5,,,,,,,,
Honduras,HND,North America,1996,,55.7,,,,,,,,
Honduras,HND,North America,1997,,52.7,,,,,,,,
Honduras,HND,North America,1998,,57.3,,,,,,,,
Honduras,HND,North America,1999,,55.2,,,,31.72588,,1.036520386,,0.121111298
Honduras,HND,North America,2000,,,,,,34.05898,,1.027960205,,0.125594597
Honduras,HND,North America,2001,,55.4,,0.8,,,,,,
Honduras,HND,North America,2002,49.5,55.7,,,,,,,,
Honduras,HND,North America,2003,51.1,58.1,,,0.765480881,,,1.081598434,,0.155421
Honduras,HND,North America,2004,52.7,58.1,,,,32.90479,,1.062666779,,0.156347904
Honduras,HND,North America,2005,54.4,59.5,,,0.761147766,29.14181,,1.021774902,,
Honduras,HND,North America,2006,56,57.5,,,0.815691986,27.92893,,1.053733902,0.573545685,
Honduras,HND,North America,2008,59.2,55.5,,,0.807426376,33.34365,,1.008826218,0.593647995,0.174211807
Honduras,HND,North America,2009,60.9,51.3,,,0.826039887,33.87645,,0.989239883,,
Honduras,HND,North America,2010,62.5,53.1,,0.85,0.854489594,,,0.988030395,0.660755768,0.191745606
Honduras,HND,North America,2011,64.1,52.6,,0.85,0.861358795,,,0.971901093,0.656973038,
Honduras,HND,North America,2012,65.1,53.4,0.062997279,0.85,0.848156509,,,0.938849106,0.641757584,0.188540897
Honduras,HND,North America,2013,66.2,50,0.058749299,0.85,0.787210999,,,0.911447525,0.615014,0.193874206
Honduras,HND,North America,2014,67.2,49.9,0.070901198,0.87,0.749632797,,,0.892037888,0.491755714,0.196584797
Honduras,HND,North America,2015,68.3,49.2,0.064129701,0.88,,29.14566,16.09893,0.898881836,0.500197716,0.202654305
Honduras,HND,North America,2016,69.3,49.8,0.060950952,0.89,0.781113281,28.37057,14.49878,0.895983581,0.506989899,0.209513092
Congo Brazzaville,COG,Sub-Saharan Africa,2007,34.2,,,,,,,,,
Honduras,HND,North America,2017,70.4,49.4,0.057443438,,0.791250229,25.59773,16.65963,0.88398613,0.507352905,0.244584408
Honduras,HND,North America,2018,71.4,48.9,0.060564699,0.87,,,,0.887434675,,0.262141991
Honduras,HND,North America,2019,72.5,48.2,0.059324598,0.89,0.76837677,,,0.877984695,0.641083908,0.251265793
Honduras,HND,North America,2020,73.5,,0.059762912,,0.772245712,,,0.863398132,0.568269882,0.22777338
Honduras,HND,North America,2021,74.6,,0.058105016,,0.726858368,,,0.839795075,0.5455513,0.224562759
Honduras,HND,North America,2022,75.6,,0.044415789,,0.698964233,,,0.858662415,0.541617584,0.221740608
Honduras,HND,North America,2023,,46.8,0.040461602,,0.757510986,,,0.865522919,0.551028709,
Jamaica,JAM,North America,1993,,35.7,,,,,,,,
Jamaica,JAM,North America,1996,,40.4,,,,,,,,
Jamaica,JAM,North America,1999,,44.1,,0.8,,,,0.899577408,0.793084488,0.084619703
Jamaica,JAM,North America,2000,,,0.0498347,,0.806840897,,18.45466,0.91797287,0.778638535,0.1367482
Jamaica,JAM,North America,2001,,,0.053810301,,0.763917465,,,0.920556488,0.771960907,0.158334904
Jamaica,JAM,North America,2002,,48.3,0.053752298,,0.852787094,,19.34717,0.923488388,0.773407211,0.166099491
Jamaica,JAM,North America,2003,,,0.042568498,,,29.65919,20.30057,0.914602127,0.784519424,0.185184498
Jamaica,JAM,North America,2004,,45.5,0.0391255,,0.817724609,27.53374,19.1404,0.939234924,0.841350479,0.186317501
Jamaica,JAM,North America,2005,,,0.046164198,,,,,0.938925934,0.843703919,0.168241291
Egypt,EGY,North Africa,1992,70.7,,,,,,,,,
Egypt,EGY,North Africa,1993,70.9,,,,,,,,,
Egypt,EGY,North Africa,1994,71.1,,,,,,,,,
Egypt,EGY,North Africa,1995,71.3,,,,,,,,,
Egypt,EGY,North Africa,1996,71.5,,,,,,,,,
Egypt,EGY,North Africa,1997,71.7,,,,,,,,,
Egypt,EGY,North Africa,1998,71.9,,,,,,,,,
Egypt,EGY,North Africa,1999,72.1,,,,,,,,,
Egypt,EGY,North Africa,2000,72.3,,,,,,,,,
Egypt,EGY,North Africa,2001,74,,,,,,,,,
Egypt,EGY,North Africa,2002,75.7,,,,,,,,,
Egypt,EGY,North Africa,2003,77.3,,,,,,,,,
Egypt,EGY,North Africa,2004,79,,,,,,,,,
Egypt,EGY,North Africa,2005,80.7,,,,,,,,,
Egypt,EGY,North Africa,2006,81.4,,,,,,,,,
Zimbabwe,ZWE,Sub-Saharan Africa,2007,36.1,,,,,,,,,
Egypt,EGY,North Africa,2008,82.7,,,,,,,,,
Egypt,EGY,North Africa,2009,83,,,,,,,,,
Egypt,EGY,North Africa,2010,83.4,,,,,,,,,
Egypt,EGY,North Africa,2011,83.8,,,,,,,,,
Egypt,EGY,North Africa,2012,84.1,,,,,,,,,
Egypt,EGY,North Africa,2013,84.5,,,,,,,,,
Egypt,EGY,North Africa,2014,84.8,,,,,,,,,
Egypt,EGY,North Africa,2015,85.2,,,,,,,,,
Egypt,EGY,North Africa,2016,85.5,,,,,,,,,
Egypt,EGY,North Africa,2017,85.9,,,,,,,,,
Jamaica,JAM,North America,2006,,,,,,,,,,0.166965904
Jamaica,JAM,North America,2008,73.3,,0.061913199,,,,,1.00566452,0.885908203,0.216736603
Jamaica,JAM,North America,2009,73.9,,0.061984801,,0.815394287,,,1.026650772,0.909556503,0.218664494
Jamaica,JAM,North America,2010,74.6,,0.063706002,,0.880679474,,14.28883,0.99764389,0.899543304,0.253244
Jamaica,JAM,North America,2011,75.2,,0.062666402,,0.877824783,23.39354,16.81034,1.008753128,0.916688995,0.249575405
Jamaica,JAM,North America,2012,75.8,,0.061124601,,1.0402108,22.85664,,1.009567871,,0.274642906
Jamaica,JAM,North America,2013,76.5,,0.0625108,,0.991835327,21.67349,16.17915,0.993819199,0.867720413,0.258244801
Jamaica,JAM,North America,2014,77.1,,0.060158601,,0.940714188,22.08221,16.49503,0.963857269,0.877948914,
Jamaica,JAM,North America,2015,77.8,,0.054552202,,0.904028778,21.97603,16.42874,0.952253189,0.874978104,0.264131107
Jamaica,JAM,North America,2016,78.4,,0.0531461,,0.879267807,22.64723,18.10698,0.943311005,0.911691513,
Jamaica,JAM,North America,2017,79.1,,0.0526017,,0.89749733,22.10634,15.49229,0.94440033,0.876734009,
Nigeria,NGA,Sub-Saharan Africa,2007,36.2,,,,0.790244064,46.08983,28.44015,0.914314423,0.315662994,
Jamaica,JAM,North America,2018,79.7,35.3,0.054138098,,0.854087219,24.79434,16.69828,0.972939224,0.866602402,
Jamaica,JAM,North America,2019,80.4,,0.0516364,,0.897446137,,,0.933932724,0.879186783,
Jamaica,JAM,North America,2020,81,,0.056174951,,0.797702408,,,0.898730774,0.851645813,
Jamaica,JAM,North America,2021,81.6,39.9,0.056312399,,,,,0.906446075,0.872776413,
Jamaica,JAM,North America,2022,82.3,,0.053543501,,,,,0.907408676,0.838714676,
Jamaica,JAM,North America,2023,82.9,,0.056545367,,0.794754486,,,0.844617081,0.864048004,
Honduras,HND,North America,2007,57.6,55.8,,0.84,,,,1.003402023,0.592733383,
Guatemala,GTM,North America,2007,60.4,,0.030880899,,0.745880508,30.45308,16.11326,1.119554901,0.4440905,0.172379208
El Salvador,SLV,North America,2007,63.8,45.2,0.036098499,0.82,0.917940064,39.67234,26.89633,1.209034729,0.669662094,0.246517906
Mexico,MEX,North America,1992,,52.3,,,,,,,,
Mexico,MEX,North America,1994,,53.4,,,,,,,,
Mexico,MEX,North America,1996,,52,,,,,,,,
Mexico,MEX,North America,1997,66,,,,,,,,,
Mexico,MEX,North America,1998,66.9,53.3,,,,,,,,
Mexico,MEX,North America,1999,67.7,,0.0336165,,0.976176224,27.22577,16.80328,1.099273834,0.699513168,0.192353001
Mexico,MEX,North America,2000,68.6,53.4,0.038087001,0.91,0.967474289,27.15793,16.92285,1.091183014,0.711195831,0.205259705
Equatorial Guinea,GNQ,Sub-Saharan Africa,1996,29.9,,,,,,,,,
Equatorial Guinea,GNQ,Sub-Saharan Africa,1997,29.9,,,,,,,,,
Equatorial Guinea,GNQ,Sub-Saharan Africa,1998,29.9,,,,,,,,,
Equatorial Guinea,GNQ,Sub-Saharan Africa,1999,29.9,,,,,56.68684,23.37529,0.880031891,0.226539593,
Equatorial Guinea,GNQ,Sub-Saharan Africa,2000,29.9,,,0.88,0.369221382,43.39267,23.15996,0.834076004,0.220695591,0.0186068
Equatorial Guinea,GNQ,Sub-Saharan Africa,2001,29.9,,,,,43.35746,,0.84349411,0.191535702,
Equatorial Guinea,GNQ,Sub-Saharan Africa,2002,29.9,,,,,,,0.805801697,0.186761799,
Equatorial Guinea,GNQ,Sub-Saharan Africa,2003,29.9,,,,0.271960907,31.97703,,0.731898727,,
Equatorial Guinea,GNQ,Sub-Saharan Africa,2004,29.9,,,,,,,,,
Equatorial Guinea,GNQ,Sub-Saharan Africa,2005,,,,,0.328942909,,19.24943,0.713268204,0.183817406,
Equatorial Guinea,GNQ,Sub-Saharan Africa,2008,,,,,0.315531998,27.96517,,0.608636589,,
Equatorial Guinea,GNQ,Sub-Saharan Africa,2009,,,,,0.340082817,24.21892,,0.612192307,,
Equatorial Guinea,GNQ,Sub-Saharan Africa,2010,,,,0.943705368,0.364454002,27.16736,,0.6248283,,
Equatorial Guinea,GNQ,Sub-Saharan Africa,2011,,,,,0.363376503,27.90775,,0.626617584,,
Equatorial Guinea,GNQ,Sub-Saharan Africa,2012,,,,,0.387949791,26.1669,,0.640161667,,
Equatorial Guinea,GNQ,Sub-Saharan Africa,2015,,,,,0.390611,23.22706,,0.527869797,,
Equatorial Guinea,GNQ,Sub-Saharan Africa,2016,,,,,,,,0.535364844,,
Equatorial Guinea,GNQ,Sub-Saharan Africa,2017,,,,,,,,0.53375384,,
Equatorial Guinea,GNQ,Sub-Saharan Africa,2018,,,,,,,,0.512334539,,0.061606221
Equatorial Guinea,GNQ,Sub-Saharan Africa,2019,,,,,,,,0.511990142,,0.053732224
Equatorial Guinea,GNQ,Sub-Saharan Africa,2022,,38.5,,,,,,,,
Eritrea,ERI,Sub-Saharan Africa,1992,9.37,,,,,,,,,
Eritrea,ERI,Sub-Saharan Africa,1993,10.3,,,,,,,,,
Eritrea,ERI,Sub-Saharan Africa,1994,11.3,,,,,,,,,
Eritrea,ERI,Sub-Saharan Africa,1995,12.3,,,,,,,,,
Eritrea,ERI,Sub-Saharan Africa,1996,13.3,,,,,,,,,
Eritrea,ERI,Sub-Saharan Africa,1997,14.3,,,,,,,,,
Eritrea,ERI,Sub-Saharan Africa,1998,15.2,,,,,,,,,
Eritrea,ERI,Sub-Saharan Africa,1999,16.2,,0.052628102,,0.547408104,46.98045,50.6554,0.819635925,0.358659592,0.018291
Eritrea,ERI,Sub-Saharan Africa,2000,17.2,,,,0.581596985,47.51019,54.06198,0.903724899,0.408305092,0.0186453
Eritrea,ERI,Sub-Saharan Africa,2001,18.2,,0.040471601,,0.589435196,44.79469,52.44428,0.894769287,0.418557091,0.024579799
Eritrea,ERI,Sub-Saharan Africa,2002,19.1,,0.035239,0.53,0.564684715,44.04881,49.31321,0.958449936,0.432223091,0.022893
Eritrea,ERI,Sub-Saharan Africa,2003,20.1,,,,0.619765396,46.71681,53.50796,1.016137238,0.444834595,
Eritrea,ERI,Sub-Saharan Africa,2004,21.1,,0.031489699,,0.685010986,46.68206,47.83736,1.007136002,0.446503296,0.0176379
Eritrea,ERI,Sub-Saharan Africa,2005,22.1,,,,0.813664322,47.53362,51.34769,0.97937027,0.488826218,
Eritrea,ERI,Sub-Saharan Africa,2006,,,0.021270001,,0.7394104,47.2394,54.39016,0.917698517,0.503980293,
Cambodia,KHM,South East Asia,2007,36.8,,0.015993,,0.990910568,50.8791,28.92194,1.37844223,0.439667511,0.075146699
Eritrea,ERI,Sub-Saharan Africa,2008,,,,0.65,0.637064209,42.95363,,0.766411438,0.486044312,
Eritrea,ERI,Sub-Saharan Africa,2009,,,,,0.675007706,38.46821,42.89777,0.733982163,0.490020103,0.0344695
Eritrea,ERI,Sub-Saharan Africa,2010,,,,,0.581512909,37.95899,38.68424,0.691700668,0.487314415,0.041185198
Eritrea,ERI,Sub-Saharan Africa,2011,,,,,0.57877739,40.4643,39.49376,0.741200333,0.48981369,
Eritrea,ERI,Sub-Saharan Africa,2012,,,,,0.547314911,40.9313,37.88873,0.771370773,0.497793999,
Eritrea,ERI,Sub-Saharan Africa,2013,,,,,0.535726318,45.66797,38.48073,0.861347199,0.483806381,
Eritrea,ERI,Sub-Saharan Africa,2014,,,,,0.569248276,42.46671,40.59032,0.772526093,0.476539002,0.038866
Eritrea,ERI,Sub-Saharan Africa,2015,,,,,0.574330788,43.33621,38.88105,0.763031921,0.432833214,0.033057401
Eritrea,ERI,Sub-Saharan Africa,2016,,,,,,,,0.741649969,,0.030097201
Eritrea,ERI,Sub-Saharan Africa,2017,,,,,0.637134399,39.24553,36.56873,0.724403763,0.4187743,
Eritrea,ERI,Sub-Saharan Africa,2018,,,,0.765705185,0.6292976,38.74092,35.02165,0.728195419,0.429468308,
Eritrea,ERI,Sub-Saharan Africa,2019,,,,,0.594557114,,,0.720364036,0.427937073,
Eritrea,ERI,Sub-Saharan Africa,2022,,,,,0.566654587,,,0.829708481,0.407442818,
Eswatini,SWZ,Sub-Saharan Africa,1994,,58.7,,,,,,,,
Eswatini,SWZ,Sub-Saharan Africa,1997,38.3,,,,,,,,,
Eswatini,SWZ,Sub-Saharan Africa,1998,38.7,,,,,,,,,
Eswatini,SWZ,Sub-Saharan Africa,1999,39.1,,0.0509095,,0.632213097,33.15813,,0.982588882,0.454019699,0.0458638
Eswatini,SWZ,Sub-Saharan Africa,2000,39.5,53.1,0.055084801,0.82,0.649678497,31.27536,17.27932,0.98094368,0.435820084,0.0429602
Eswatini,SWZ,Sub-Saharan Africa,2001,39.9,,0.048382401,,0.619910088,32.87289,,0.971140137,0.435896492,
Eswatini,SWZ,Sub-Saharan Africa,2002,40.3,,0.044408698,,0.630411491,31.07433,16.30065,0.968140411,0.439668083,0.0442417
Eswatini,SWZ,Sub-Saharan Africa,2003,40.7,,0.058167701,,0.616667786,31.20419,16.88762,0.982040634,0.431038895,
Eswatini,SWZ,Sub-Saharan Africa,2004,41.1,,0.054016099,,0.636799088,32.31015,18.07154,1.04612793,0.466084709,0.053283601
Eswatini,SWZ,Sub-Saharan Africa,2005,41.5,,0.064846201,,0.664139862,32.87287,16.73285,1.082429276,0.485456314,0.046831698
Eswatini,SWZ,Sub-Saharan Africa,2006,41.9,,0.0655476,,0.669141083,33.25891,19.34632,1.142995071,0.523777084,0.044523702
India,IND,South Asia,2007,39.2,,,,,,,1.141143188,0.595899811,0.1383391
Eswatini,SWZ,Sub-Saharan Africa,2008,45.8,,0.066181202,,,,,,,
Eswatini,SWZ,Sub-Saharan Africa,2009,47.7,51.4,0.064713502,,0.802993317,31.64829,17.6148,1.197706604,0.579712295,
Eswatini,SWZ,Sub-Saharan Africa,2010,49.7,,0.061183701,0.830982895,0.856527405,32.3244,18.12249,1.254293365,0.635462112,
Eswatini,SWZ,Sub-Saharan Africa,2011,51.1,,0.068643298,,0.858988419,30.4911,17.2581,1.24782547,0.670537186,0.067645202
Eswatini,SWZ,Sub-Saharan Africa,2012,52.6,,0.055932822,,0.852502365,29.05959,16.5432,1.245374527,0.702706375,
Eswatini,SWZ,Sub-Saharan Africa,2013,54,,0.050846105,,0.869778366,28.09674,15.99538,1.245052719,0.732143097,0.061766
Eswatini,SWZ,Sub-Saharan Africa,2014,55.5,,0.0707059,,0.865009766,28.03276,15.90008,1.252073898,0.766210098,
Eswatini,SWZ,Sub-Saharan Africa,2015,56.3,,0.053549471,,0.931901627,27.58272,15.79598,1.251803284,0.795160675,
Eswatini,SWZ,Sub-Saharan Africa,2016,57,54.6,0.054335532,,1.001065674,27.27385,15.54522,1.231779327,0.859756088,
Eswatini,SWZ,Sub-Saharan Africa,2017,57.8,,0.061779141,,1.015853882,26.59621,,1.219642563,,
Eswatini,SWZ,Sub-Saharan Africa,2018,58.6,,0.057368736,,1.016405106,,,1.215433807,,
Eswatini,SWZ,Sub-Saharan Africa,2019,59.3,,0.056991482,,0.980370102,,,1.208630371,,
Eswatini,SWZ,Sub-Saharan Africa,2020,60.1,,0.053601046,0.892799988,,,,,,
Eswatini,SWZ,Sub-Saharan Africa,2021,60.9,,0.05287149,,,,,,,
Eswatini,SWZ,Sub-Saharan Africa,2022,61.6,,0.05692606,0.907470169,,,,,,
Eswatini,SWZ,Sub-Saharan Africa,2023,62.4,,0.06312942,,0.901588669,,,1.135388107,,
Ethiopia,ETH,Sub-Saharan Africa,1995,,44.6,,,,,,,,
Ethiopia,ETH,Sub-Saharan Africa,1997,2.54,,,,,,,,,
Ethiopia,ETH,Sub-Saharan Africa,1998,3.67,,,,,,,,,
Ethiopia,ETH,Sub-Saharan Africa,1999,4.79,30,,,0.194490891,,,0.472740593,0.129054403,0.0093322
Ethiopia,ETH,Sub-Saharan Africa,2000,5.91,,0.038861499,,0.212590103,67.33913,,0.517464409,0.139824305,0.01166
Ethiopia,ETH,Sub-Saharan Africa,2001,7.03,,0.0370029,,0.263691902,,,0.571310387,0.167692108,0.0146114
Ethiopia,ETH,Sub-Saharan Africa,2002,8.15,,0.036324501,,0.299017506,,,0.601207695,0.185895805,0.0165719
Ethiopia,ETH,Sub-Saharan Africa,2003,9.28,,,,0.328060913,,,0.616243515,0.190287705,0.0235128
Ethiopia,ETH,Sub-Saharan Africa,2004,10.4,29.8,,0.359000015,0.350845909,,,0.648550796,0.210001202,0.0265906
Ethiopia,ETH,Sub-Saharan Africa,2005,11.5,,,0.298203392,0.413737183,,,0.764471207,0.234408607,0.028540101
Ethiopia,ETH,Sub-Saharan Africa,2006,12.2,,0.054909601,,0.45266819,,,0.81397049,0.272698708,
Cote d'Ivoire,CIV,Sub-Saharan Africa,2007,39.7,,0.0301614,,0.437015305,41.00376,,0.653321381,,0.087814198
Ethiopia,ETH,Sub-Saharan Africa,2008,13.5,,0.054081998,,0.485430107,62.28293,46.22677,0.940426865,0.316366291,0.034240799
Ethiopia,ETH,Sub-Saharan Africa,2009,14.2,,0.0442207,,0.506532288,57.9406,47.41352,0.929065323,0.321730118,0.049626598
Ethiopia,ETH,Sub-Saharan Africa,2010,14.9,33.2,0.044965901,,0.5752034,54.05852,43.07495,0.910354149,0.337502289,0.068338699
Ethiopia,ETH,Sub-Saharan Africa,2011,15.5,,0.054857602,,0.529997826,55.06929,40.33126,0.933071518,0.353596687,0.071757302
Ethiopia,ETH,Sub-Saharan Africa,2012,16.5,,0.055667801,,0.511800079,,40.35064,0.926786109,0.372147407,0.075998602
Ethiopia,ETH,Sub-Saharan Africa,2013,17.5,,0.048244643,,,,,,,
Ethiopia,ETH,Sub-Saharan Africa,2014,18.4,,0.047926507,,0.525954094,,,0.96156244,,0.0773873
Ethiopia,ETH,Sub-Saharan Africa,2015,19.4,35,0.051533613,,0.528494415,,,0.97119007,0.348671397,
Ethiopia,ETH,Sub-Saharan Africa,2016,20.4,,0.050615139,0.474915886,,,,,,
Ethiopia,ETH,Sub-Saharan Africa,2017,21.5,,0.054990506,0.517711792,,,,1.042036737,,
Ethiopia,ETH,Sub-Saharan Africa,2018,22.6,,0.052201118,,,,,,,
Ethiopia,ETH,Sub-Saharan Africa,2019,23.7,,0.044808693,,,,,,,
Ethiopia,ETH,Sub-Saharan Africa,2020,24.8,,0.040905652,,0.640929565,,,1.145573228,,
Ethiopia,ETH,Sub-Saharan Africa,2021,25.9,31.1,0.04065249,,,,,1.02679577,,
Ethiopia,ETH,Sub-Saharan Africa,2022,27,,0.03736495,,0.621418037,,,0.855312669,,
Ethiopia,ETH,Sub-Saharan Africa,2023,,,,,0.559035835,,,0.844721793,,
Fiji,FJI,South East Asia,1999,,,0.051686401,,0.938676529,,21.32567,1.001970291,0.754504089,
Fiji,FJI,South East Asia,2000,,,0.058777399,,0.904809875,28.12209,20.21488,0.995651474,0.75149971,
Fiji,FJI,South East Asia,2001,,,0.056431098,,0.921080704,27.95442,19.14833,1.006239319,0.743360901,
Fiji,FJI,South East Asia,2002,,38.1,0.062758698,,0.947709274,27.8225,18.99961,1.001955414,0.756993027,
Fiji,FJI,South East Asia,2003,,,,,,28.16087,24.62398,1.000882416,0.772639465,0.146147604
Fiji,FJI,South East Asia,2004,68.5,,0.062091599,,0.979120789,28.1581,22.38328,1.010393524,0.798714523,0.145030603
Fiji,FJI,South East Asia,2005,69.3,,0.051670599,,,,,,,0.144126501
Fiji,FJI,South East Asia,2006,70.1,,0.056553202,,0.985685196,,23.86738,0.994398117,0.791959,
Ghana,GHA,Sub-Saharan Africa,2007,39.7,,0.055198698,,0.75875267,31.98986,17.68342,0.965305405,0.437524986,0.057191601
Fiji,FJI,South East Asia,2008,71.6,40.4,0.042535701,,0.932693863,26.03275,18.72004,0.941115494,0.790175781,
Fiji,FJI,South East Asia,2009,72.4,,0.044984798,,0.938520889,,,0.931980133,0.792095032,
Fiji,FJI,South East Asia,2010,73.2,,,,,,,,,
Fiji,FJI,South East Asia,2011,73.9,,0.041730599,,0.948317108,30.75971,26.46551,0.93563057,0.841586914,
Fiji,FJI,South East Asia,2012,74.7,,0.044615059,,0.961022186,27.99728,19.2926,0.94601593,0.824200363,
Fiji,FJI,South East Asia,2013,75.5,36.7,0.043513942,,0.954062576,,,0.959539209,,
Fiji,FJI,South East Asia,2014,76.3,,0.037696092,,0.957620697,,,0.960214245,0.882670005,0.692255631
Fiji,FJI,South East Asia,2015,77,,0.048093176,,0.997583695,,,0.980992532,0.877612438,0.683497772
Fiji,FJI,South East Asia,2016,77.8,,0.048359027,,0.981283722,,,0.986499362,0.887946105,0.778562698
Fiji,FJI,South East Asia,2017,78.6,,0.046511917,,1.009142685,,,1.009354208,,0.829545288
Fiji,FJI,South East Asia,2018,79.3,,0.047970605,,1.000168076,,,1.034472455,0.912016845,0.799261475
Fiji,FJI,South East Asia,2019,80.1,30.7,0.051527319,,1.022056427,,,1.114361572,0.906825903,0.782611542
Fiji,FJI,South East Asia,2020,80.9,,0.058051953,,0.996302719,,,1.086897583,0.901190414,0.842023697
Fiji,FJI,South East Asia,2021,81.7,,0.048526864,,1.124011765,,,1.108149653,0.92154073,0.766493607
Fiji,FJI,South East Asia,2022,82.4,,0.039383955,,1.117304077,,,1.080451177,0.930823192,0.68407753
Fiji,FJI,South East Asia,2023,83.2,,0.04246798,,1.122104416,,,1.076482103,0.959080471,0.603241921
Gabon,GAB,Sub-Saharan Africa,1997,39.6,,,,,,,,,
Gabon,GAB,Sub-Saharan Africa,1998,41.2,,,,,,,,,
Gabon,GAB,Sub-Saharan Africa,1999,42.9,,0.030812299,,,51.93734,28.11663,1.335925446,0.44425911,0.066585898
Gabon,GAB,Sub-Saharan Africa,2000,44.5,,0.0382709,,,,,,,
Gabon,GAB,Sub-Saharan Africa,2001,46.2,,,,,49.21541,,1.294322205,0.4869627,0.0746348
Gabon,GAB,Sub-Saharan Africa,2002,47.8,,,,0.693712082,42.63022,,1.35531189,0.494960594,
Gabon,GAB,Sub-Saharan Africa,2003,49.4,,,,0.676539078,36.04019,,1.329652252,,0.076723299
Gabon,GAB,Sub-Saharan Africa,2004,51.1,,,,,,,,,
Gabon,GAB,Sub-Saharan Africa,2005,52.7,42.2,,,,,,,,
Gabon,GAB,Sub-Saharan Africa,2006,54.3,,,,,,,,,
Vanuatu,VUT,South East Asia,2007,39.8,,,,0.782416382,23.7544,,1.088102417,,
Gabon,GAB,Sub-Saharan Africa,2008,57.6,,,,,,,,,
Gabon,GAB,Sub-Saharan Africa,2009,59.3,,,,,,,,,
Gabon,GAB,Sub-Saharan Africa,2010,60.9,,0.0307809,,,,,,,
Gabon,GAB,Sub-Saharan Africa,2011,62.5,,0.029874599,,,24.53098,,1.301659698,,
Gabon,GAB,Sub-Saharan Africa,2012,64.2,,0.030134001,0.822837982,,,,,,
Gabon,GAB,Sub-Saharan Africa,2013,64.7,,0.030297101,,,,,,,
Gabon,GAB,Sub-Saharan Africa,2014,65.2,,0.026666701,,,,,,,
Gabon,GAB,Sub-Saharan Africa,2015,65.7,,0.028243599,,,,,,,
Gabon,GAB,Sub-Saharan Africa,2016,66.2,,0.026677308,,,,,,,
Gabon,GAB,Sub-Saharan Africa,2017,66.7,38,0.035557079,,,,,,,
Gabon,GAB,Sub-Saharan Africa,2018,67.2,,0.03071543,,,,,,,
Gabon,GAB,Sub-Saharan Africa,2019,67.7,,0.028743098,,0.729149399,,,1.005893389,0.671427777,0.196197319
Gabon,GAB,Sub-Saharan Africa,2020,68.2,,0.033987408,,,,,,,
Gabon,GAB,Sub-Saharan Africa,2021,68.7,,0.027007928,0.888583374,0.820206986,,,0.999486458,0.714352106,0.147383833
Gabon,GAB,Sub-Saharan Africa,2022,69.2,,0.022077365,0.856900024,,,,,,
Gabon,GAB,Sub-Saharan Africa,2023,69.7,,,,,,,,,
Gambia,GMB,Sub-Saharan Africa,1997,34.3,,,,,,,,,
Gambia,GMB,Sub-Saharan Africa,1998,35.4,,,,,,,,,
Gambia,GMB,Sub-Saharan Africa,1999,36.5,,,,,,,,,
Gambia,GMB,Sub-Saharan Africa,2000,37.6,,,,,,,,,
Gambia,GMB,Sub-Saharan Africa,2001,38.7,,,,,,,,,
Gambia,GMB,Sub-Saharan Africa,2002,39.8,,,,,,,,,
Gambia,GMB,Sub-Saharan Africa,2003,40.9,,,,,,,,,
Gambia,GMB,Sub-Saharan Africa,2004,42,,,,,,,,,
Gambia,GMB,Sub-Saharan Africa,2005,43.1,,,,,,,,,
Gambia,GMB,Sub-Saharan Africa,2006,44.2,,,,,,,,,
Comoros,COM,Sub-Saharan Africa,2007,40.3,,,,0.59175251,,,0.968404923,,0.0453016
Gambia,GMB,Sub-Saharan Africa,2008,46,,,,,,,,,
Gambia,GMB,Sub-Saharan Africa,2009,47,,,,,,,,,
Gambia,GMB,Sub-Saharan Africa,2010,47.9,,,,,,,,,
Gambia,GMB,Sub-Saharan Africa,2011,48.8,,,,,,,,,
Gambia,GMB,Sub-Saharan Africa,2012,49.7,,,,,,,,,
Gambia,GMB,Sub-Saharan Africa,2013,50.7,,,,,,,,,
Gambia,GMB,Sub-Saharan Africa,2014,52.6,,,,,,,,,
Gambia,GMB,Sub-Saharan Africa,2015,54.6,,,,,,,,,
Gambia,GMB,Sub-Saharan Africa,2016,56.6,,,,,,,,,
Gambia,GMB,Sub-Saharan Africa,2017,58.6,,,,,,,,,
Gambia,GMB,Sub-Saharan Africa,2018,60.5,,,,,,,,,
Gambia,GMB,Sub-Saharan Africa,2019,62,,,,,,,,,
Gambia,GMB,Sub-Saharan Africa,2020,63.4,,,,,,,,,
Gambia,GMB,Sub-Saharan Africa,2021,64.8,,,,,,,,,
Gambia,GMB,Sub-Saharan Africa,2022,66.2,,,,,,,,,
Gambia,GMB,Sub-Saharan Africa,2023,67.6,,,,,,,,,
Georgia,GEO,Europe,1996,,37.1,,,,,,,,
Georgia,GEO,Europe,1997,,40.7,,,,,,,,
Georgia,GEO,Europe,1998,,41.2,,,,,,,,
Georgia,GEO,Europe,1999,,40.1,0.021551299,,0.880297928,17.41941,7.50714,0.963914719,0.83753418,0.39613739
Georgia,GEO,Europe,2000,,40.5,0.021810501,,0.992928238,16.84272,7.46045,1.0122995,0.84796257,0.425138702
Georgia,GEO,Europe,2001,,39.6,0.021375,,1.039052887,15.62819,7.60845,1.026952362,0.867021484,0.442219086
Georgia,GEO,Europe,2002,64.3,37.2,0.022350199,1,1.075250778,13.85575,9.40904,1.033296738,0.885937195,0.469072304
Georgia,GEO,Europe,2003,65.5,36.6,0.020655999,,1.021094666,14.50291,9.24507,1.037404099,0.907957687,0.480304604
Georgia,GEO,Europe,2004,66.7,36.2,0.029142001,,1.067124176,,,1.049839478,0.873035965,0.469170418
Georgia,GEO,Europe,2005,67.9,37.4,0.024843199,,0.988662872,,,1.031390991,0.904563828,0.518170395
Georgia,GEO,Europe,2006,69,36.9,0.030036499,,0.979110336,,,1.047144394,0.928652878,0.428070793
Sao Tome & Principe,STP,Sub-Saharan Africa,2007,41,,,,,,,,,
Georgia,GEO,Europe,2008,71.4,38.5,0.029195499,,1.086993637,8.68001,7.46323,1.083621979,1.014692688,0.380579414
Georgia,GEO,Europe,2009,72.6,38.2,0.032223799,,1.107721176,8.9205,7.56748,1.077895813,0.980209274,0.282556706
Georgia,GEO,Europe,2010,73.8,39.5,0.02803648,,1.122652283,,,1.074495163,,0.315973606
Georgia,GEO,Europe,2011,75,39.6,0.0251492,,,,,1.080150986,,0.343632889
Georgia,GEO,Europe,2012,76.2,39,0.0186034,,1.06945488,,,1.09747757,,0.324973793
Georgia,GEO,Europe,2013,77.3,38.6,0.034732218,,1.09781311,9.09457,7.48672,1.105582123,1.054487381,0.394706688
Georgia,GEO,Europe,2014,78.5,37.6,0.029976866,1,1.083275681,9.07882,7.24917,1.097085876,1.050195084,0.457736511
Georgia,GEO,Europe,2015,79.7,36.5,0.031648741,,1.071288223,9.01662,7.24706,1.076770096,1.062083588,0.511823807
Georgia,GEO,Europe,2016,80.9,36.6,0.0352338,,1.205789795,8.82638,7.44399,1.041871872,1.073454819,0.573850594
Georgia,GEO,Europe,2017,82.1,37.9,0.0352442,0.99,1.207523117,9.01533,7.39342,1.032455597,1.090791016,0.627497597
Georgia,GEO,Europe,2018,83.3,36.4,0.034609499,0.996536636,1.025382233,8.98194,7.57537,1.012318802,1.111624222,0.660417786
Georgia,GEO,Europe,2019,84.5,35.9,0.0382986,,0.984816666,,,1.018533936,1.114999924,0.690164108
Georgia,GEO,Europe,2020,85.7,34.5,0.038498592,,0.950958023,,,1.017624435,1.077266769,0.713107529
Georgia,GEO,Europe,2021,86.8,34.2,0.0359442,,0.88795433,,,1.029667206,1.059996185,0.768213119
Georgia,GEO,Europe,2022,,33.5,0.037549801,1,1.112925491,,,1.045481186,1.037795029,0.789377136
Georgia,GEO,Europe,2023,,34.8,0.0373861,,1.069953537,,,1.033378983,1.043442612,0.802798004
Ghana,GHA,Sub-Saharan Africa,1995,24.7,,,,,,,,,
Ghana,GHA,Sub-Saharan Africa,1996,25.5,,,,,,,,,
Ghana,GHA,Sub-Saharan Africa,1997,26.4,,,,,,,,,
Ghana,GHA,Sub-Saharan Africa,1998,27.2,40.1,,,,,,,,
Ghana,GHA,Sub-Saharan Africa,1999,28.1,,0.041103702,,0.613618088,29.59855,19.61644,0.74660141,0.307412605,
Ghana,GHA,Sub-Saharan Africa,2000,28.9,,,0.58,0.649445496,33.78522,19.1357,0.797014084,0.311098404,
Ghana,GHA,Sub-Saharan Africa,2001,29.8,,0.053544402,,0.622718697,32.5811,18.56743,0.756178589,0.298333206,
Ghana,GHA,Sub-Saharan Africa,2002,30.6,,,,0.6394067,32.10887,18.60132,0.793680725,0.313325806,
Ghana,GHA,Sub-Saharan Africa,2003,31.5,,,,0.653432694,30.98782,17.68225,0.769927597,0.329367294,
Ghana,GHA,Sub-Saharan Africa,2004,33.2,,0.075355802,,0.651796722,32.34112,18.78948,0.810496903,0.355564308,
Ghana,GHA,Sub-Saharan Africa,2005,35,42.8,0.0742208,,0.716062698,32.81364,18.80186,0.875722733,0.377072487,0.050689702
Ghana,GHA,Sub-Saharan Africa,2006,36.7,,0.051479402,,0.697014084,35.38932,17.36505,0.920100021,0.396188698,0.045746398
Senegal,SEN,Sub-Saharan Africa,2007,43.2,,,,0.519915314,34.20976,,0.850945129,,0.0620997
Ghana,GHA,Sub-Saharan Africa,2008,42.7,,0.057579598,,0.826185684,32.24014,17.41128,1.011644363,0.462536888,0.077009301
Ghana,GHA,Sub-Saharan Africa,2009,43.9,,0.0531744,,0.837913971,33.11177,18.27545,0.991572266,0.482707596,0.0811514
Ghana,GHA,Sub-Saharan Africa,2010,45.1,,0.055405998,0.71,,,,,,
Ghana,GHA,Sub-Saharan Africa,2011,46.4,,0.081409702,,0.881638107,31.04223,18.66661,0.990466003,0.557933592,0.111560602
Ghana,GHA,Sub-Saharan Africa,2012,48.1,42.4,0.079191399,,0.911953583,32.98357,17.8712,1.013838988,0.572292631,0.114314604
Ghana,GHA,Sub-Saharan Africa,2013,49.8,,0.045764699,,0.911848068,31.68167,17.52991,1.002788867,0.685835915,0.117635784
Ghana,GHA,Sub-Saharan Africa,2014,51.6,,0.036823483,,0.892414322,30.07899,15.81591,0.978936255,0.635854491,0.1521245
Ghana,GHA,Sub-Saharan Africa,2015,51.5,,0.036887455,,0.936741486,31.25587,16.61254,1.020158534,0.670825874,0.157266197
Ghana,GHA,Sub-Saharan Africa,2016,51.3,43.5,0.034547443,,,30.5794,16.97562,1.004157015,0.671578921,0.142144003
Ghana,GHA,Sub-Saharan Africa,2017,51.2,,0.031861174,0.644923935,0.878497772,27.29644,15.63675,0.990500717,0.663819199,0.163660793
Ghana,GHA,Sub-Saharan Africa,2018,51,,0.030159559,,0.880406113,27.24556,16.01642,0.973151169,0.677538223,0.1601544
Ghana,GHA,Sub-Saharan Africa,2019,51.4,,0.031530712,,,26.99486,15.17269,0.983771896,0.706078873,0.174338894
Ghana,GHA,Sub-Saharan Africa,2020,51.9,,0.034091599,0.803799973,,,,0.968718109,0.732740479,0.186487198
Ghana,GHA,Sub-Saharan Africa,2021,52.3,,0.034194944,,,,,0.979046478,0.753132629,0.191863194
Ghana,GHA,Sub-Saharan Africa,2022,52.8,,0.029052944,,0.920071716,,,0.965331574,0.767830963,0.203897305
Ghana,GHA,Sub-Saharan Africa,2023,53.2,,,,,,,,,0.219901409
Mexico,MEX,North America,2001,69.4,,0.040313401,,0.975215225,26.98308,16.8772,1.090280075,0.728832092,0.213776398
Mexico,MEX,North America,2002,70.3,50.6,0.042430701,0.9,0.987117386,26.87027,16.96424,1.092200317,0.751482925,0.223153591
Mexico,MEX,North America,2003,71.1,,0.048326201,,0.982566299,26.66029,17.14063,1.092641525,0.785541916,0.230477905
Mexico,MEX,North America,2004,72,50.3,0.045120401,0.91,0.997613068,28.47157,17.94653,1.08834549,0.797827072,0.237031498
Mexico,MEX,North America,2005,72.8,50.9,0.046339502,0.92,1.004933014,28.3176,17.80164,1.085340424,0.806305389,0.241309891
Mexico,MEX,North America,2006,73.7,49.7,0.044931698,0.92,1.009361877,28.00397,17.83042,1.081292725,0.827013931,0.245689697
Mexico,MEX,North America,2008,75.4,50.8,0.046060901,0.93,1.012164078,28.02416,18.00744,1.094463806,0.860763092,0.257789402
Mexico,MEX,North America,2009,76.2,,0.049493399,0.93,0.997480927,28.11672,17.63968,1.107221985,0.859423218,0.262105904
Mexico,MEX,North America,2010,77.1,47.7,0.049369502,0.93,1.000508118,28.14672,17.91261,1.109952164,0.872729263,0.271670208
Mexico,MEX,North America,2011,77.3,,0.049040599,0.94,1.001869736,28.11199,17.67731,1.110588608,0.883800888,0.280361595
Mexico,MEX,North America,2012,77.6,49.6,0.048834801,0.94,1.064912872,28.01636,17.74098,1.110735168,0.906936188,0.293496494
Mexico,MEX,North America,2013,77.8,,0.045085802,0.94,1.10180542,27.69096,17.95597,1.101092682,0.932623062,0.303301601
Mexico,MEX,North America,2014,78.1,48.9,0.0506809,0.95,1.115398865,27.40876,16.12339,1.08573143,0.973196869,0.312052898
Mexico,MEX,North America,2015,78.3,,0.0505088,0.94,1.059928436,26.92701,16.08213,1.069634323,1.009822693,0.319718609
Mexico,MEX,North America,2016,84.2,46.9,0.047579598,0.95,1.04702179,26.74201,16.30684,1.063912201,1.028713684,0.385897713
Eswatini,SWZ,Sub-Saharan Africa,2007,43.8,,,,0.750542602,32.44134,19.00757,1.178236008,0.561627502,
Mexico,MEX,North America,2017,89.4,,0.043975201,0.95,1.043248596,26.55228,16.85759,1.057976074,1.051101837,0.403390694
Mexico,MEX,North America,2018,94.7,46,0.041394501,0.95,1.023691177,,,1.051881638,1.05964653,0.41638279
Mexico,MEX,North America,2019,99.9,,,,1.024726563,,,1.050950394,1.055156097,0.430441399
Mexico,MEX,North America,2020,,44.6,0.045005999,0.95,1.025977173,,,1.045177307,1.02581543,0.451654511
Mexico,MEX,North America,2021,,,0.042495298,,1.028201981,,,1.033588104,0.983202515,0.456506195
Mexico,MEX,North America,2022,,43.5,,,1.022392731,,,1.020047836,0.983576584,0.464061317
Panama,PAN,North America,2007,68.5,52.7,,,0.962612381,24.53809,15.47421,1.105619278,0.68016243,0.429800301
Dominican Republic,DOM,North America,2007,70.7,48.9,0.020467899,0.88,0.92818428,23.88067,29.02851,1.136766663,0.799215469,
Nicaragua,NIC,North America,1993,,57.1,,,,,,,,
Nicaragua,NIC,North America,1995,35.7,,,,,,,,,
Nicaragua,NIC,North America,1996,37.2,,,,,,,,,
Nicaragua,NIC,North America,1997,38.7,,,,,,,,,
Nicaragua,NIC,North America,1998,40.2,54.4,,,,,,,,
Nicaragua,NIC,North America,1999,41.7,,0.0292365,,0.658886185,34.3856,30.99923,1.007114792,0.512359886,
Nicaragua,NIC,North America,2000,43.2,,0.030016,,0.645352936,35.66299,31.99942,1.010663071,0.527258492,
Nicaragua,NIC,North America,2001,44.7,52.9,,0.77,0.651519165,36.71573,33.30734,1.041499405,0.556287918,
Guinea,GIN,Sub-Saharan Africa,1994,,46.1,,,,,,,,
Guinea,GIN,Sub-Saharan Africa,1999,,,0.0161955,,0.294720593,46.83864,,0.557112007,0.140696497,
Guinea,GIN,Sub-Saharan Africa,2000,,,0.0177865,,0.320837402,45.58806,,0.586079483,,
Guinea,GIN,Sub-Saharan Africa,2001,,,0.0142785,,0.338385696,44.35788,,0.613271904,0.186454392,
Guinea,GIN,Sub-Saharan Africa,2002,11.3,43,0.0177897,,0.376643219,47.2258,,0.697071762,0.213866196,
Guinea,GIN,Sub-Saharan Africa,2003,13.8,,0.0162613,0.3,0.376587105,44.99174,31.33309,0.73026741,0.228109398,
Guinea,GIN,Sub-Saharan Africa,2004,16.2,,0.0151569,,0.469465408,45.24222,31.82767,0.76017067,0.247959194,0.023182499
Guinea,GIN,Sub-Saharan Africa,2005,18.6,,0.0126815,,0.527905388,44.86534,34.42526,0.780415421,0.291893807,0.031087201
Guinea,GIN,Sub-Saharan Africa,2006,21,,,,0.571159897,44.45992,35.82585,0.798408127,0.324525795,0.054222002
Gambia,GMB,Sub-Saharan Africa,2007,45.1,,,,,,,,,
Guinea,GIN,Sub-Saharan Africa,2008,25.9,,0.0158112,,0.505710983,44.11118,33.29183,0.835212631,0.333801498,0.094058104
Guinea,GIN,Sub-Saharan Africa,2009,28.3,,0.022072501,,0.563533287,43.68705,,0.836399765,,0.094249201
Guinea,GIN,Sub-Saharan Africa,2010,30.7,,0.025511899,0.25,0.566673508,42.18615,,0.863006668,,0.106174898
Guinea,GIN,Sub-Saharan Africa,2011,33.2,,0.0228742,,0.601625938,44.08141,33.13554,0.900735321,0.369982414,0.106762505
Guinea,GIN,Sub-Saharan Africa,2012,35.6,33.7,0.0183371,,0.610377884,43.55555,,0.922287216,0.371614494,0.100537396
Guinea,GIN,Sub-Saharan Africa,2013,36.4,,0.026342101,,0.619409905,44.21036,,0.943821335,0.382806644,0.104762001
Guinea,GIN,Sub-Saharan Africa,2014,37.2,,0.024228101,0.32,0.640024796,45.59096,,0.961610718,0.389089203,0.108913002
Guinea,GIN,Sub-Saharan Africa,2015,37.9,,0.025171399,,0.628346481,,,0.897453996,0.356580645,0.08703928
Guinea,GIN,Sub-Saharan Africa,2016,38.7,,0.025445001,,0.624415283,47.14862,,0.943621521,0.368475819,0.08637948
Guinea,GIN,Sub-Saharan Africa,2017,39.5,,0.023203399,,0.554486313,,,0.998953881,,0.085277176
Guinea,GIN,Sub-Saharan Africa,2018,40.3,29.6,0.0238432,0.4,0.566452713,,,1.009200075,0.376615683,0.075997481
Guinea,GIN,Sub-Saharan Africa,2019,41.1,,0.0185813,,0.569965401,,,0.981418277,0.379919232,0.068439631
Guinea,GIN,Sub-Saharan Africa,2020,41.8,,0.024326701,,0.607978096,,,1.01725708,0.37393108,0.057714419
Guinea,GIN,Sub-Saharan Africa,2021,42.6,,0.020407481,0.453300018,0.631839104,,,0.979625584,0.359549393,0.067185698
Guinea,GIN,Sub-Saharan Africa,2022,,,0.019856149,,,,,,,
Guinea Bissau,GNB,Sub-Saharan Africa,2003,25,,,,,,,,,
Guinea Bissau,GNB,Sub-Saharan Africa,2004,25.7,,,,,,,,,
Guinea Bissau,GNB,Sub-Saharan Africa,2005,26.5,,,,,,,,,
Guinea Bissau,GNB,Sub-Saharan Africa,2006,27.2,,,,,,,,,
Namibia,NAM,Sub-Saharan Africa,2007,47.2,,,0.764865875,,29.94574,24.62432,1.149083328,0.630283203,
Guinea Bissau,GNB,Sub-Saharan Africa,2008,28.7,,,,,,,,,
Guinea Bissau,GNB,Sub-Saharan Africa,2009,29.4,,,,,,,,,
Guinea Bissau,GNB,Sub-Saharan Africa,2010,30.2,,,,,,,,,
Guinea Bissau,GNB,Sub-Saharan Africa,2011,30.9,,,,,,,,,
Guinea Bissau,GNB,Sub-Saharan Africa,2012,31.7,,,,,,,,,
Guinea Bissau,GNB,Sub-Saharan Africa,2013,32.4,,,,,,,,,
Guinea Bissau,GNB,Sub-Saharan Africa,2014,33.2,,,,,,,,,
Guinea Bissau,GNB,Sub-Saharan Africa,2015,33.8,,,,,,,,,
Guinea Bissau,GNB,Sub-Saharan Africa,2016,34.4,,,,,,,,,
Guinea Bissau,GNB,Sub-Saharan Africa,2017,35,,,,,,,,,
Guinea Bissau,GNB,Sub-Saharan Africa,2018,35.6,,,,,,,,,
Guinea Bissau,GNB,Sub-Saharan Africa,2019,36.2,,,,,,,,,
Guinea Bissau,GNB,Sub-Saharan Africa,2020,36.8,,,,,,,,,
Guinea Bissau,GNB,Sub-Saharan Africa,2021,37.4,,,,,,,,,
Guinea Bissau,GNB,Sub-Saharan Africa,2022,38,,,,,,,,,
Nicaragua,NIC,North America,2002,45.5,,0.0239101,,0.726409988,35.20899,33.88947,1.105944901,0.598059082,0.177272492
Nicaragua,NIC,North America,2003,46.4,,0.024220099,,0.721965485,34.47031,,1.110690918,,
Nicaragua,NIC,North America,2004,47.3,,,,0.729806519,35.01829,32.42272,1.13051712,0.641583481,
Nicaragua,NIC,North America,2005,48.1,48.8,,0.78,0.765120926,33.55782,33.7329,1.139754486,0.669869766,
Nicaragua,NIC,North America,2006,49,,,,0.755203934,33.2727,32.82258,1.172604294,0.66502388,
Nicaragua,NIC,North America,2008,50.6,,,,0.745256119,29.19228,28.59428,1.161565323,0.675616531,
Nicaragua,NIC,North America,2009,51.3,43.9,,,,,,,,
Nicaragua,NIC,North America,2010,52,,0.044842401,,0.793237534,30.21638,30.83047,1.151297913,0.679309006,0.154233723
Nicaragua,NIC,North America,2011,52.7,,,,,,,1.157902518,,0.158641272
Nicaragua,NIC,North America,2012,53.5,,,,,,,1.136466918,,0.164946404
Myanmar,MMR,South East Asia,2007,47.5,,,,0.902322464,29.11336,32.7813,1.063096237,0.471576119,0.109157105
Nicaragua,NIC,North America,2013,54.2,,,,,,,1.111542943,,0.163554344
Nicaragua,NIC,North America,2014,54.9,46.2,0.040832901,,,,,1.106150974,,0.171516933
Nicaragua,NIC,North America,2015,55.6,,0.040784302,0.826145477,,,,1.076729504,,0.173416367
Nicaragua,NIC,North America,2016,,,0.0408113,,,,,1.115967808,,0.177747993
Nicaragua,NIC,North America,2017,,,0.043576798,,,,,1.12852788,,
Nicaragua,NIC,North America,2018,,,0.035731089,,,,,1.101575867,,0.193088112
Nicaragua,NIC,North America,2019,,,0.045999198,,,,,1.089485213,,0.177676144
Nicaragua,NIC,North America,2020,,,0.045815611,,,,,1.079014984,,0.186855164
Nicaragua,NIC,North America,2021,,,0.04086657,,,,,1.06951306,,0.198995819
Nicaragua,NIC,North America,2022,,,0.037947631,,0.806800308,,,1.054355369,,0.193310509
Nicaragua,NIC,North America,2023,,,,,,,,1.059080505,0.696625519,0.295410194
Belize,BLZ,North America,2007,73.8,,,,1.03508522,22.88272,16.96826,1.171142273,0.752803726,0.178864498
Mexico,MEX,North America,2007,74.5,,0.044792199,0.93,1.017773132,27.99039,17.91581,1.0872686,0.84088707,0.251474304
Suriname,SUR,South America,2007,77.5,,,,0.720264969,13.23428,14.00385,1.025438766,0.708808518,
Panama,PAN,North America,1995,,57.6,,,,,,,,
Panama,PAN,North America,1997,,58.1,,,,,,,,
Panama,PAN,North America,1998,,57.3,,,,,,,,
Panama,PAN,North America,1999,,56.3,0.045672302,,0.89224968,26.08202,15.9968,1.036909027,0.64048851,0.396028214
Panama,PAN,North America,2000,,56.6,0.047596898,0.92,0.913267822,24.73639,16.25611,1.050457077,0.643859406,0.4257547
Panama,PAN,North America,2001,,56.7,0.041058798,,0.910407181,24.3295,16.07911,1.06493721,0.663956604,0.416797218
Panama,PAN,North America,2002,,56.1,0.041916399,,0.914074707,24.27752,16.09095,1.089236679,0.677060394,0.408190804
Panama,PAN,North America,2003,,55.6,0.041687002,,,,,1.082391586,,0.443337517
Panama,PAN,North America,2004,61.3,54.8,0.0357866,,0.93453598,24.03741,15.76138,1.097612228,0.674061279,0.431405602
Panama,PAN,North America,2005,63.7,53.8,,,0.934113693,24.23255,15.63104,1.087546921,0.676345367,0.417703095
Panama,PAN,North America,2006,66.1,54.6,,,0.915812988,24.5048,15.77361,1.093521576,0.675453033,0.427828217
Panama,PAN,North America,2008,70.9,52.7,0.0350229,,0.997796097,24.23802,15.38675,1.092410431,0.69200058,0.430983009
Panama,PAN,North America,2009,73.3,51.8,,,0.999671478,23.62485,14.65648,1.071800919,0.7083181,0.429887314
Panama,PAN,North America,2010,75.7,51.6,,0.94,0.957800217,23.45812,15.33901,1.060505371,0.724545288,0.439842415
Panama,PAN,North America,2011,78.1,51.3,0.031590099,,0.998916779,23.0112,14.68664,1.049538803,0.722515717,0.419725304
Panama,PAN,North America,2012,80.5,51.7,,,1.017235107,22.60998,,1.034018173,,0.438421783
Panama,PAN,North America,2013,76.1,51.5,,,1.002722626,22.34957,15.51877,1.022043304,0.768787384,
Panama,PAN,North America,2014,71.8,50.5,0.0317401,,0.972036667,21.98706,13.58912,0.991061172,0.764785385,0.449672699
Panama,PAN,North America,2015,67.5,50.8,0.033666999,,,21.89367,13.32796,0.960123978,0.770092011,0.479322701
Panama,PAN,North America,2016,63.2,50.4,0.034291301,,,21.44301,14.50099,0.931031113,0.830287094,0.487282715
Panama,PAN,North America,2017,,49.9,0.034937501,,0.898650131,21.96162,13.5809,0.945970306,0.769188385,
Panama,PAN,North America,2018,,49.2,0.034535699,0.95,0.927628326,,,0.986910597,,
Panama,PAN,North America,2019,,49.8,0.030932941,0.96,0.864623337,,,0.930783234,,
Panama,PAN,North America,2020,,,0.043028402,,0.870138626,,,0.942594528,,0.452206612
Panama,PAN,North America,2021,,50.9,0.0371141,,0.947757721,,,1.007355118,0.828732285,0.5304459
Panama,PAN,North America,2022,,,0.0336693,,0.927683716,,,1.008753967,,0.581735115
Panama,PAN,North America,2023,,48.9,,,0.927561188,,,0.945526123,,
Saint Lucia,LCA,North America,2008,83.7,,,,,,,,,
Saint Lucia,LCA,North America,2009,83.7,,,,,,,,,
Saint Lucia,LCA,North America,2010,83.7,,,,,,,,,
Saint Lucia,LCA,North America,2011,83.7,,,,,,,,,
Saint Lucia,LCA,North America,2012,83.7,,,,,,,,,
Saint Lucia,LCA,North America,2013,83.7,,,,,,,,,
Saint Lucia,LCA,North America,2014,83.7,,,,,,,,,
Saint Lucia,LCA,North America,2015,83.7,,,,,,,,,
Saint Lucia,LCA,North America,2016,83.7,,,,,,,,,
Suriname,SUR,South America,1999,,57.5,,,,,,1.017010803,,
Suriname,SUR,South America,2001,,,,,,19.93606,15.33285,1.058704529,0.698820114,
Suriname,SUR,South America,2002,,,,,,19.45397,15.13902,1.059878235,0.70974083,0.112761202
Suriname,SUR,South America,2003,72.9,,,,,,,,,
Suriname,SUR,South America,2004,74.1,,,0.9,,,,,,
Suriname,SUR,South America,2005,75.2,,,,0.773340302,18.61562,13.90109,1.077498627,0.685949478,
Suriname,SUR,South America,2006,76.4,,,,0.844868164,15.9867,14.07804,1.063106995,0.702325287,
Suriname,SUR,South America,2008,78.7,,,0.95,0.827280808,15.98622,,1.080203629,0.718160706,
Suriname,SUR,South America,2009,79.8,,,,0.826880798,15.38398,13.30544,1.088089371,0.698742218,
Suriname,SUR,South America,2010,81,,,0.95,0.827998886,14.94652,13.84981,1.077069016,0.733080978,
Suriname,SUR,South America,2011,81.4,,,,0.808763123,14.31496,13.42443,1.054190674,0.711243515,
Suriname,SUR,South America,2012,81.9,,,0.93,0.812596817,13.98546,12.47988,1.057298584,0.714789581,
Botswana,BWA,Sub-Saharan Africa,2007,51.1,,0.0904667,,0.906586075,25.22265,13.82065,1.048535538,0.793285828,0.100200796
Suriname,SUR,South America,2013,82.4,,,,0.804219284,13.73758,12.75306,1.057484818,0.717853699,
Suriname,SUR,South America,2014,82.9,,,,0.831010132,13.39388,12.32072,1.061882401,0.701205063,
Suriname,SUR,South America,2015,83.3,,0.055347962,,0.836139831,13.33105,11.97658,1.086305084,0.730100098,
Suriname,SUR,South America,2016,83.8,,0.056405191,,0.81365509,13.35066,,1.074011762,,
Suriname,SUR,South America,2017,84.3,,0.054586129,,0.792708206,12.92371,,1.045882721,,
Suriname,SUR,South America,2018,84.7,,0.049225936,,0.795246277,13.39335,,1.037156219,0.759917297,
Suriname,SUR,South America,2019,85.2,,0.06778573,,0.836453323,,,1.03424763,,
Suriname,SUR,South America,2020,85.7,,0.045842571,,0.878651505,,,1.049564438,0.73422287,
Suriname,SUR,South America,2021,86.2,,0.041315498,0.95,0.768655319,,,0.9754757,0.65609848,0.088017397
Suriname,SUR,South America,2022,,39.2,0.034346085,,,,,,,0.059513898
Suriname,SUR,South America,2023,,,0.028662333,,,,,0.659849472,0.762433777,
Barbados,BRB,North America,2007,,,0.052206101,,0.985330811,14.54218,,1.005610504,1.089015503,0.599852715
Costa Rica,CRI,North America,2007,,49.3,0.0463451,,0.912880631,19.494,17.91364,1.118252869,0.896610489,
Cuba,CUB,North America,2007,,,0.118682098,,0.97900322,9.64855,9.63266,1.020539474,0.933587723,1.054140015
Jamaica,JAM,North America,2007,,,0.054902201,,0.828150711,,19.77441,0.950590973,0.874862671,
Bolivia,BOL,South America,1992,,49.1,,,,,,,,
India,IND,South Asia,1992,26.3,,,,,,,,,
India,IND,South Asia,1993,26.9,26.1,,,,,,,,
India,IND,South Asia,1994,27.4,,,,,,,,,
India,IND,South Asia,1995,28,,,,,,,,,
India,IND,South Asia,1996,28.6,,,,,,,,,
India,IND,South Asia,1997,29.1,,,,,,,,,
India,IND,South Asia,1998,29.7,,,,,,,,,
India,IND,South Asia,1999,30.3,,0.0441539,,0.688994217,40,33.62363,0.926203003,0.436683312,
India,IND,South Asia,2000,31.3,,0.0432479,,0.714690094,39.99999,33.62315,0.939977722,0.45421051,0.096524696
India,IND,South Asia,2001,32.4,,,0.61,0.763768005,40.14999,33.44458,0.989954681,0.480781288,0.1039223
India,IND,South Asia,2002,33.5,,,,0.786782227,40.66296,32.32464,0.980657272,0.492973213,0.107845497
India,IND,South Asia,2003,34.5,,0.0361341,,0.829625931,41.32988,32.32493,1.062232285,0.519028091,0.112758102
India,IND,South Asia,2004,35.6,27.7,0.0335254,,,,32.69999,,0.536583099,0.116037998
India,IND,South Asia,2005,36.7,,0.0318875,,,,,,0.5632798,0.113199701
India,IND,South Asia,2006,37.7,,0.031428499,0.63,,,,,0.572240791,0.121438103
Yemen,YEM,Middle East,2007,51.5,,,,,,,,,
India,IND,South Asia,2008,40.7,,,,0.982635498,,,1.146265564,0.626794281,0.158141203
India,IND,South Asia,2009,42.2,27.8,0.0327825,,0.993028717,,25.1393,1.130516815,0.618002281,0.168205891
India,IND,South Asia,2010,43.7,,0.033776901,,,,25.32821,1.125279465,0.653513489,0.186971798
India,IND,South Asia,2011,45.2,28.8,0.0379618,0.69,0.958912354,35.15463,25.92121,1.097079029,0.685910111,0.238253689
India,IND,South Asia,2012,46.7,,0.040847983,,,,,1.117755737,0.703243866,0.249402103
India,IND,South Asia,2013,48.8,,0.038446701,,0.969724808,32.31833,30.78327,1.134167786,0.699568024,0.243906384
India,IND,South Asia,2014,50.9,,0.038987803,,0.990280991,31.28855,31.77246,1.115845413,0.753183289,0.259913254
India,IND,South Asia,2015,53,,0.041149917,,0.99904007,31.49146,31.65018,1.129378433,0.749483337,0.272845669
India,IND,South Asia,2016,55.1,,0.042565165,,0.993136749,35.21588,28.49097,1.195128326,0.761199875,0.273043575
India,IND,South Asia,2017,57.4,,0.04306397,,0.985887146,32.74955,27.44103,1.178681717,0.745972671,0.279090519
India,IND,South Asia,2018,59.7,,0.043769326,,,,28.52287,1.01097956,0.7578479,0.285316868
India,IND,South Asia,2019,62,,0.038973236,,0.96309372,,,0.995039236,0.755255814,0.290233593
India,IND,South Asia,2020,64.2,,0.040401416,,0.981042175,,,1.012912534,0.776271552,0.298196392
India,IND,South Asia,2021,66.5,,0.046351414,,0.99085495,,,1.023161233,0.806246397,0.315741768
India,IND,South Asia,2022,68.8,25.5,0.041207285,0.76,,,,1.110844556,0.811778612,0.326703072
India,IND,South Asia,2023,,,,0.77,0.934889603,,,1.120312309,0.788639586,0.331165237
Indonesia,IDN,South East Asia,1993,,31.8,,,,,,,,
Indonesia,IDN,South East Asia,1994,41.5,,,,,,,,,
Indonesia,IDN,South East Asia,1995,42.5,,,,,,,,,
Indonesia,IDN,South East Asia,1996,43.6,34.2,,,,,,,,
Indonesia,IDN,South East Asia,1997,44.7,,,,,,,,,
Indonesia,IDN,South East Asia,1998,45.8,30.9,,,,,,,,
Indonesia,IDN,South East Asia,1999,46.9,30.8,,,,21.95671,14.94713,1.139296494,0.551420593,0.147992601
Indonesia,IDN,South East Asia,2000,47.9,30.3,,,,22.11772,14.57182,1.107846222,0.561876793,0.149254198
Indonesia,IDN,South East Asia,2001,49,31.2,0.024600301,,0.953834915,22.24524,14.25666,1.113649216,0.56861969,0.142340403
Indonesia,IDN,South East Asia,2002,50.1,30.2,0.0264569,,0.973382034,20.90186,13.58158,1.120767517,0.583996086,0.148015204
Indonesia,IDN,South East Asia,2003,51.2,29.3,0.032179999,,0.995420532,20.29418,14.23421,1.121117172,0.616112709,0.159035702
Indonesia,IDN,South East Asia,2004,52.9,30.4,0.027484701,0.9,0.986548462,20.12598,14.20076,1.116061935,0.639592705,0.1632127
Indonesia,IDN,South East Asia,2005,54.6,29.9,0.028728199,,0.98992012,20.41336,12.47833,1.109590607,0.626105499,0.168704605
Indonesia,IDN,South East Asia,2006,56.3,31.5,,0.92,0.975537186,19.00007,12.26633,1.095925827,0.65708931,0.169588604
Pakistan,PAK,South Asia,2007,52.4,29.7,0.022346599,0.52,0.533750114,39.95136,,0.742201996,0.294775696,0.050278802
Indonesia,IDN,South East Asia,2008,59.4,32.6,0.029019001,0.92,0.991960373,20.68852,11.95971,1.108098831,0.714267273,0.208093491
Indonesia,IDN,South East Asia,2009,60.8,33.4,0.0352513,0.93,1.001991272,19.77613,12.59356,1.121790314,0.758255615,0.230492897
Indonesia,IDN,South East Asia,2010,62.3,34.6,0.028122799,,1.025348969,19.0117,12.17648,1.139694281,0.769965134,0.238078194
Indonesia,IDN,South East Asia,2011,63.7,37.9,0.0318944,0.93,1.023593063,18.9804,14.76712,1.154836306,0.795367203,0.254599514
Indonesia,IDN,South East Asia,2012,65.2,37.1,0.0340748,,1.091226273,18.59225,16.61711,1.159636132,0.815296478,0.29565836
Indonesia,IDN,South East Asia,2013,66.5,38.9,0.0335904,,1.07166214,16.09408,15.37529,1.126372708,0.832369318,0.304385662
Indonesia,IDN,South East Asia,2014,67.8,38.8,0.032880099,0.95,1.09713562,16.55935,15.4731,1.109105784,0.846881517,0.305253391
Indonesia,IDN,South East Asia,2015,69.1,38.2,0.035836,0.95,1.09528511,,,1.093619806,0.887822877,0.3303265
Indonesia,IDN,South East Asia,2016,70.5,36.9,0.012102345,0.95,1.079646988,13.97814,14.11492,1.071620738,0.885644921,0.354757538
Indonesia,IDN,South East Asia,2017,71.8,36.4,0.010532439,,1.061960068,16.06371,15.3284,1.056342322,0.915816468,0.366338615
Indonesia,IDN,South East Asia,2018,73.1,36.3,0.009944364,0.96,1.049741135,17.03493,15.2071,1.046482873,0.934309364,0.367954559
Indonesia,IDN,South East Asia,2019,74.4,35.4,0.009643991,,1.046112595,,,1.025970185,0.957836906,0.379259682
Indonesia,IDN,South East Asia,2020,75.8,35.3,0.010159322,0.96,1.031429367,,,1.024379919,0.980443014,0.386503868
Indonesia,IDN,South East Asia,2021,,35.5,0.010322175,,1.033815994,,,1.019907106,0.990968323,0.410022087
Indonesia,IDN,South East Asia,2022,,35.5,0.008639433,,1.029858017,,,1.006449929,0.989717306,0.426331673
Indonesia,IDN,South East Asia,2023,,36.1,0.012751709,,1.019236908,,,1.002281066,0.971654711,0.451352272
Iran,IRN,Middle East,2002,73.6,,,,,,,,,
Iran,IRN,Middle East,2003,73.6,,,,,,,,,
Iran,IRN,Middle East,2004,73.6,,,,,,,,,
Iran,IRN,Middle East,2005,73.6,,,,,,,,,
Iran,IRN,Middle East,2006,73.6,,,,,,,,,
Mongolia,MNG,East Asia,2007,52.6,35.8,0.046901302,,,31.59826,,0.969940414,,0.477635994
Iran,IRN,Middle East,2008,73.6,,,,,,,,,
Iran,IRN,Middle East,2009,73.6,,,,,,,,,
Iran,IRN,Middle East,2010,73.6,,,,,,,,,
Iraq,IRQ,Middle East,1999,,,,,0.562258987,25.47278,19.68694,0.927501068,0.341383514,0.116270199
Iraq,IRQ,Middle East,2000,,,,0.74,0.544909401,21.39027,19.73519,0.90098938,0.368089714,0.120546303
Iraq,IRQ,Middle East,2001,,,,,,,,,0.366971703,
Iraq,IRQ,Middle East,2002,,,,,,,,,,0.126024504
Iraq,IRQ,Middle East,2003,70.8,,,,,19.42497,17.57184,0.960836792,0.404639092,
Iraq,IRQ,Middle East,2004,72.7,,,,0.718681869,20.52994,18.78595,0.950754395,0.4523452,0.154530697
Iraq,IRQ,Middle East,2005,74.7,,,,,,,,,0.154993401
Iraq,IRQ,Middle East,2006,76.6,28.6,,,,,,,,
Bolivia,BOL,South America,1995,55.7,,,,,,,,,
Iraq,IRQ,Middle East,2008,80.5,,,,,,,,,
Iraq,IRQ,Middle East,2009,82.5,,,,,,,,,
Iraq,IRQ,Middle East,2010,84.4,,,,,,,,,
Iraq,IRQ,Middle East,2011,86.4,,,,,,,,,
Iraq,IRQ,Middle East,2012,86.4,29.5,,0.77,,,,,,
Iraq,IRQ,Middle East,2013,86.4,,,,,,,,,
Iraq,IRQ,Middle East,2014,86.4,,,0.82,,,,,,
Iraq,IRQ,Middle East,2015,86.4,,,,,,,,,
Iraq,IRQ,Middle East,2016,86.4,,,0.83,,,,,,
Iraq,IRQ,Middle East,2017,86.4,,,0.86,,,,,,
Iraq,IRQ,Middle East,2018,86.4,,,,,,,,,
Iraq,IRQ,Middle East,2019,86.4,,,,,,,,,
Iraq,IRQ,Middle East,2020,86.4,,,,,,,,,
Iraq,IRQ,Middle East,2021,86.5,,,,,,,,,
Iraq,IRQ,Middle East,2023,,29.8,,,,,,,,
Bolivia,BOL,South America,1996,54.6,,,,,,,,,
Bolivia,BOL,South America,1997,53.4,58.1,,,,,,,,
Bolivia,BOL,South America,1998,52.3,,,,,,,,,
Bolivia,BOL,South America,1999,51.1,58,,,,24.72372,21.39547,1.125377579,0.747145615,
Bolivia,BOL,South America,2000,50,61.6,,,,,,1.191320724,0.72757637,
Bolivia,BOL,South America,2001,48.9,57.4,,0.87,,,,1.180607834,0.757862701,
Bolivia,BOL,South America,2002,47.7,59.3,0.071950479,,,,,1.185434723,0.806306992,
Bolivia,BOL,South America,2003,46.6,,0.066296191,,,,,1.166771927,0.834697266,
Bolivia,BOL,South America,2004,48.6,55,0.068477182,,,,,1.159558105,0.863809967,
Bolivia,BOL,South America,2005,50.6,58.5,0.067135253,,,,,1.151993713,0.874255524,
Djibouti,DJI,Sub-Saharan Africa,2007,54.7,,0.0840625,,,35.48341,34.25269,,,0.027218699
Bolivia,BOL,South America,2006,52.7,56.7,0.064342198,,,,,1.135616379,0.865906296,
Bolivia,BOL,South America,2008,56.7,50.8,0.067230201,0.91,,,,1.116500626,0.853683777,
Bolivia,BOL,South America,2009,58.7,49.2,0.075748601,0.91,,,,1.080312424,0.837523804,
Bolivia,BOL,South America,2010,60.8,,0.069737902,,0.974708405,,,1.054876785,0.889522018,
Bolivia,BOL,South America,2011,62.8,46.1,0.064505601,0.92,0.97370163,,,1.017126236,0.861704178,
Bolivia,BOL,South America,2012,,46.6,0.066279998,0.94,0.982205429,,,0.992259064,0.88136528,
Bolivia,BOL,South America,2013,,47.6,0.068032198,,0.955128098,16.44289,20.81323,0.977157593,0.899264221,
Bolivia,BOL,South America,2014,,47.8,0.074781299,,0.917140579,16.75972,20.41025,0.962360535,0.905977325,
Bolivia,BOL,South America,2015,,46.7,0.081434298,0.92,0.895214462,16.99771,20.39699,0.958293915,0.917968216,
Bolivia,BOL,South America,2016,,45.2,0.0815061,,0.900554276,17.20856,19.609,0.961937714,0.918639374,
Bolivia,BOL,South America,2017,,44.6,0.080972404,,0.913607101,17.58897,18.90098,0.970588989,0.90684021,
Bolivia,BOL,South America,2018,,42.6,0.080158701,,0.941732788,17.79827,18.49627,0.977159882,0.900090027,
Bolivia,BOL,South America,2019,,41.6,0.080910397,,0.908282089,,,0.982386398,0.900654907,
Bolivia,BOL,South America,2020,,43.6,0.084371099,0.94,0.921121826,,,0.986972885,0.900048294,
Bolivia,BOL,South America,2021,,40.9,0.079621501,,,,,0.988565674,0.91496109,
Bolivia,BOL,South America,2022,,41.2,0.075755,,0.965441132,,,0.995986481,0.914673691,
Jordan,JOR,Middle East,1992,,43.1,,,,,,,,
Jordan,JOR,Middle East,1997,,36.4,,,,,,,,
Jordan,JOR,Middle East,1999,86.7,,0.049436698,,0.928020096,,,0.931974411,0.883908005,
Jordan,JOR,Middle East,2000,87,,,,0.880011978,,,0.899952698,0.816396637,0.296429291
Jordan,JOR,Middle East,2001,87.3,,,,,,,,,
Jordan,JOR,Middle East,2002,87.6,37,,,0.856505203,20.05269,18.76206,0.939076538,0.836367722,0.322784004
Jordan,JOR,Middle East,2003,87.9,,,0.9,0.887253723,19.93241,17.87835,0.954888534,0.837643738,0.360558205
Jordan,JOR,Middle East,2004,88.2,,,,0.901655502,,,0.966252518,0.836611481,0.404678307
Jordan,JOR,Middle East,2005,88.5,,,0.91,0.943723679,,,0.965220337,0.843936691,0.39707489
Jordan,JOR,Middle East,2006,88.8,33.9,,,0.932436905,,,0.957085113,0.867745514,0.378664017
Bolivia,BOL,South America,2023,,42.1,,,0.962025909,,,0.989345398,0.924005203,
Jordan,JOR,Middle East,2008,90,32.6,,,0.949383926,,,0.917442932,0.884466782,0.413684692
Jordan,JOR,Middle East,2009,90.8,,,,,,,,,0.420630188
Jordan,JOR,Middle East,2010,91.7,33.7,,0.93,,,,0.896905289,0.873644409,0.377581291
Jordan,JOR,Middle East,2011,92.5,,,0.96,0.853106384,,,0.903731995,0.875930405,0.374216385
Jordan,JOR,Middle East,2012,93.4,,,0.98,,,,0.909311829,0.872317581,0.439161491
Jordan,JOR,Middle East,2013,93.2,,,,0.892482224,,,0.937163696,0.873027878,
Jordan,JOR,Middle East,2014,93,,,,0.943768387,16.90871,14.5993,0.976110077,0.888703003,
Jordan,JOR,Middle East,2015,92.8,,,,,,,,,0.366284294
Jordan,JOR,Middle East,2016,92.7,,0.034528201,,0.942947006,18.36314,,0.984272995,,0.340612602
Jordan,JOR,Middle East,2017,92.5,,0.032130599,,0.943992615,21.03903,11.431,0.985589523,0.888758316,0.286210594
Jordan,JOR,Middle East,2018,92.2,,0.029546199,0.954314499,0.957247162,18.53699,12.26127,0.988939209,0.897929077,0.315562992
Jordan,JOR,Middle East,2019,91.9,,0.029884701,,0.967685928,,,0.988603287,0.895104828,0.301108398
Jordan,JOR,Middle East,2020,91.6,,,,0.976501312,,,0.989605331,0.901993027,0.302879696
Jordan,JOR,Middle East,2021,91.4,,0.0313837,,0.969569397,,,0.980017471,0.900635986,0.304513092
Jordan,JOR,Middle East,2022,91.1,,0.031602299,,0.957803574,,,0.985412674,0.90991272,0.325119782
Jordan,JOR,Middle East,2023,90.8,,,0.95,0.971706467,,,0.982994919,0.919696808,0.330567017
Kazakhstan,KAZ,Central Asia,1992,64.1,,,,,,,,,
Kazakhstan,KAZ,Central Asia,1993,64.5,32.7,,,,,,,,
Kazakhstan,KAZ,Central Asia,1994,64.8,,,,,,,,,
Kazakhstan,KAZ,Central Asia,1995,65.2,,,,,,,,,
Kazakhstan,KAZ,Central Asia,1996,65.6,35.4,,,,,,,,
Kazakhstan,KAZ,Central Asia,1997,66,,,,,,,,,
Kazakhstan,KAZ,Central Asia,1998,66.4,,,,,,,,,
Kazakhstan,KAZ,Central Asia,1999,66.8,,0.0389257,1,,,,0.978677368,0.918715897,0.244951401
Kazakhstan,KAZ,Central Asia,2000,67.9,,0.032566199,,0.938481293,,,0.980913773,0.91141571,0.320638695
Kazakhstan,KAZ,Central Asia,2001,69,36,0.032793415,,0.956444702,18.7209,,0.999313965,,
Kazakhstan,KAZ,Central Asia,2002,70.2,34.8,0.030297,,0.966513672,18.89743,,1.006239166,,
Kazakhstan,KAZ,Central Asia,2003,71.3,33.7,0.032304821,,0.977914734,18.50973,,1.012361603,,
Kazakhstan,KAZ,Central Asia,2004,72.4,31.8,0.022559099,,1.036233826,17.93263,,1.023330231,,
Kazakhstan,KAZ,Central Asia,2005,73.6,39.8,0.0226353,,1.035891266,17.26973,,1.019754333,,
Kazakhstan,KAZ,Central Asia,2006,74.7,30.2,0.0262678,,1.009977112,16.77062,,1.011681366,0.994384232,0.563105812
Gabon,GAB,Sub-Saharan Africa,2007,56,,,,,,,,,
Kazakhstan,KAZ,Central Asia,2008,78.5,28.5,0.025894599,,1.026469803,16.63423,,1.033321762,,
Kazakhstan,KAZ,Central Asia,2009,80.3,28.2,0.0306072,1,1.000922394,16.40689,,1.030948792,,
Kazakhstan,KAZ,Central Asia,2010,82.2,28,0.035873549,0.997816315,1.011486816,16.24776,,1.032757794,1.006314182,0.473441277
Kazakhstan,KAZ,Central Asia,2011,82.4,28,0.036143401,,1.074547119,16.35795,,1.0381436,1.009908184,0.509489822
Kazakhstan,KAZ,Central Asia,2012,82.5,28.2,0.039016371,,1.022016068,16.19104,,1.021775804,1.013644807,0.527025604
Kazakhstan,KAZ,Central Asia,2013,82.7,27.1,0.034456489,,1.016266785,16.48238,,1.014031603,1.004298534,0.534678307
Kazakhstan,KAZ,Central Asia,2014,82.8,27,0.034290395,,1.024906006,16.85665,,1.007970124,1.019200961,0.517116203
Kazakhstan,KAZ,Central Asia,2015,83,26.8,0.033379698,,1.004636154,16.2004,7.50668,1.005012344,1.023579322,0.490316353
Kazakhstan,KAZ,Central Asia,2016,83.1,27.2,0.03563251,,0.993148117,18.5511,6.79388,1.001746683,1.021250125,0.468150215
Kazakhstan,KAZ,Central Asia,2017,83.3,27.5,0.033910239,,0.996095886,20.75555,6.59153,1.008842713,1.021428336,0.510654793
Kazakhstan,KAZ,Central Asia,2018,83.4,27.8,0.031519163,,1.014192276,19.63913,6.95898,1.005298124,1.020583126,0.535158615
Kazakhstan,KAZ,Central Asia,2019,,28,0.033538213,,0.984228668,17.21457,7.67993,1.016220471,1.013594375,0.595819778
Kazakhstan,KAZ,Central Asia,2020,,28.7,0.044462037,0.998000031,1.008775177,,,1.017837142,0.94369436,0.648498612
Kazakhstan,KAZ,Central Asia,2021,,29.2,0.04385694,,0.970019684,,,1.004747964,0.957335493,0.612268028
Kazakhstan,KAZ,Central Asia,2022,,,0.044582024,,1.031602859,,,1.009112638,0.957642378,0.589427338
Kazakhstan,KAZ,Central Asia,2023,,,,,1.056105118,,,1.005227655,0.97188826,0.565271034
Kenya,KEN,Sub-Saharan Africa,1992,21.2,56.9,,,,,,,,
Kenya,KEN,Sub-Saharan Africa,1993,21.1,,,,,,,,,
Kenya,KEN,Sub-Saharan Africa,1994,20.9,43.1,,,,,,,,
Kenya,KEN,Sub-Saharan Africa,1995,20.7,,,,,,,,,
Kenya,KEN,Sub-Saharan Africa,1996,20.6,,,,,,,,,
Kenya,KEN,Sub-Saharan Africa,1997,20.4,45,,,,,,,,
Kenya,KEN,Sub-Saharan Africa,1998,20.2,,,,,,,,,
Kenya,KEN,Sub-Saharan Africa,1999,20.4,,0.053232398,,,32.21127,,0.903930893,0.396874619,
Kenya,KEN,Sub-Saharan Africa,2000,20.5,,0.051867299,0.82,,34.43698,,0.941300125,0.403647919,0.027651401
Kenya,KEN,Sub-Saharan Africa,2001,20.6,,0.052062101,,,34.43703,29.36473,0.951353302,0.411585617,0.028320701
Kenya,KEN,Sub-Saharan Africa,2002,20.7,,0.061719999,,,34.43683,29.29647,0.893193131,0.414285393,0.0282814
Kenya,KEN,Sub-Saharan Africa,2003,20.9,,0.064942698,,,38.02563,29.36084,1.040494995,0.432558098,
Kenya,KEN,Sub-Saharan Africa,2004,22.8,,0.067969298,,0.861129379,39.53539,26.13435,1.03928978,0.469004898,0.029177499
Kenya,KEN,Sub-Saharan Africa,2005,24.7,46.4,0.0733565,,0.879280014,41.97553,27.20751,1.038903732,0.471551094,0.029590499
Kenya,KEN,Sub-Saharan Africa,2006,26.6,,0.0704984,,,41.54025,28.32847,1.015369034,0.487971497,
Tajikistan,TJK,Central Asia,2007,56.4,32.2,0.0341327,,0.938401032,21.60943,16.54423,0.974667282,0.820579376,0.221728802
Kenya,KEN,Sub-Saharan Africa,2008,30.4,,,,,43.51672,33.15497,1.075936432,0.571344605,
Kenya,KEN,Sub-Saharan Africa,2009,31.8,,0.0402,,,43.33438,33.44305,1.085819626,0.578705597,0.039707301
Kenya,KEN,Sub-Saharan Africa,2010,33.3,,0.048154898,,,,,,,
Kenya,KEN,Sub-Saharan Africa,2011,34.8,,0.0470013,,,,,,,
Kenya,KEN,Sub-Saharan Africa,2012,36.3,,0.0493121,,,56.5747,,1.123142395,,
Kenya,KEN,Sub-Saharan Africa,2013,37.8,,0.048372102,,,,,,,
Kenya,KEN,Sub-Saharan Africa,2014,39.2,,0.047172999,0.787330399,0.995689621,31.35317,,1.078984833,,
Kenya,KEN,Sub-Saharan Africa,2015,40.2,40.8,0.049494514,,1.020845795,30.65055,,1.054523468,,0.093003101
Kenya,KEN,Sub-Saharan Africa,2016,41.2,,0.046655631,,1.027265854,,,1.047889175,,0.117006798
Kenya,KEN,Sub-Saharan Africa,2017,42.1,,0.042687426,,,,,,,0.118862104
Kenya,KEN,Sub-Saharan Africa,2018,43.1,,0.053219252,,,,,,,
Kenya,KEN,Sub-Saharan Africa,2019,44.1,,0.053735919,,,,,0.78839154,,0.105694704
Kenya,KEN,Sub-Saharan Africa,2020,45.1,36.2,0.050457487,,,,,,,
Kenya,KEN,Sub-Saharan Africa,2021,46,38.7,0.048904018,,,,,,,
Kenya,KEN,Sub-Saharan Africa,2022,47,37.7,0.045110178,0.828799973,,,,,,
Kenya,KEN,Sub-Saharan Africa,2023,48,,0.039622931,,,,,,,
Kiribati,KIR,South East Asia,1999,,,0.096933203,,1.024456482,24.66093,,1.02805481,0.557961884,
Kiribati,KIR,South East Asia,2000,,,0.1005861,,0.951764221,31.66522,,1.035252304,0.610354691,
Kiribati,KIR,South East Asia,2001,,,0.116075401,,1.119613037,23.63404,20.95323,1.104829636,0.747794266,
Kiribati,KIR,South East Asia,2002,,,,,1.058566437,22.43788,18.3879,1.032058029,0.794678574,
Kiribati,KIR,South East Asia,2003,,,,,1.104130783,26.50671,19.88112,1.081832504,0.855423508,
Kiribati,KIR,South East Asia,2004,,,,,1.115433884,24.66193,18.61897,1.050397034,0.856392822,
Kiribati,KIR,South East Asia,2005,,,,,1.129991531,24.6682,17.0192,1.066221695,0.840469818,
Kiribati,KIR,South East Asia,2006,,37,,,1.096153793,26.5462,17.98425,1.046036835,0.822529526,
Bhutan,BTN,South Asia,2007,57.2,38.1,,,0.733303528,,,1.01165947,0.502341995,0.055364699
Kiribati,KIR,South East Asia,2008,,,,,1.048635788,24.9969,17.44428,1.047560272,0.816394119,
Kiribati,KIR,South East Asia,2009,,,,,,,,1.026848679,,
Kiribati,KIR,South East Asia,2010,,,,,,,,1.057601511,,
Kiribati,KIR,South East Asia,2011,,,0.130445995,,,,,1.069413717,,
Kiribati,KIR,South East Asia,2012,,,0.134276657,,,,,1.044890562,,
Kiribati,KIR,South East Asia,2013,,,0.132189999,,,,,1.020199917,,
Kiribati,KIR,South East Asia,2014,43.3,,0.129530001,,1.026919708,26.37134,,1.101871414,,
Kiribati,KIR,South East Asia,2015,43.3,,0.121140003,,0.900360718,,,1.048557129,,
Kiribati,KIR,South East Asia,2016,43.3,,0.134829998,,1.011774979,25.73171,,1.067206192,,
Kiribati,KIR,South East Asia,2017,43.3,,0.135749998,,,25.48855,,1.012984619,,
Kiribati,KIR,South East Asia,2018,43.3,,0.153769999,0.979597092,,,,1.05808935,,
Kiribati,KIR,South East Asia,2019,43.3,27.8,0.137686548,,,,,1.041283108,,
Kiribati,KIR,South East Asia,2020,43.3,,,,0.955595703,,,1.026998672,,
Kiribati,KIR,South East Asia,2021,43.3,,0.141951599,,0.985421677,,,1.004642563,0.864115524,
Kiribati,KIR,South East Asia,2022,43.3,,,,1.023729935,,,0.984846115,0.875208817,
Kiribati,KIR,South East Asia,2023,,,,,1.032913818,,,0.933518906,0.932427216,
Kosovo,XKO,Europe,2011,83.8,,,,,,,,,
Kosovo,XKO,Europe,2012,84.8,,,,,,,,,
Kosovo,XKO,Europe,2013,85.7,,,,,,,,,
Kosovo,XKO,Europe,2014,86.6,,,,,,,,,
Kosovo,XKO,Europe,2015,87.5,,,,,,,,,
Kosovo,XKO,Europe,2016,88.4,,,,,,,,,
Kosovo,XKO,Europe,2017,89.4,,,,,,,,,
Kosovo,XKO,Europe,2018,90.3,,,,,,,,,
Kosovo,XKO,Europe,2019,91.2,,,,,,,,,
Kosovo,XKO,Europe,2020,92.1,,,,,,,,,
Kosovo,XKO,Europe,2021,93.1,,,,,,,,,
Kosovo,XKO,Europe,2022,94,,,,,,,,,
Kosovo,XKO,Europe,2023,94.9,,,,,,,,,
Kuwait,KWT,Middle East,1999,,,,,0.902337723,13.44605,10.55992,0.943826218,0.863503113,0.197359695
Kuwait,KWT,Middle East,2000,,,,,0.942172775,13.77575,10.78929,0.971785507,0.868855515,
Kuwait,KWT,Middle East,2001,,,0.065858302,,0.867174072,13.4826,10.45674,0.991064835,0.883763504,0.183076305
Kuwait,KWT,Middle East,2002,,,0.065511098,,0.956789093,13.59342,,1.038854294,,0.192664795
Kuwait,KWT,Middle East,2003,,,0.052112923,,1.019582977,13.28756,,1.062257385,0.97504921,0.195823498
Kuwait,KWT,Middle East,2004,,,0.055350699,,1.03622757,12.84563,10.56204,1.074677582,1.017216797,0.199742107
Kuwait,KWT,Middle East,2005,,,0.047383399,0.93,1.142413177,12.06221,,1.101836166,1.088313675,
Kuwait,KWT,Middle East,2006,,,0.0375998,0.93,,10.14275,,1.078606262,1.010053101,
Brazil,BRA,South America,1992,,53.1,,,,,,,,
Kuwait,KWT,Middle East,2008,,,,0.94,,9.11151,9.08783,1.05853157,0.995422821,
Kuwait,KWT,Middle East,2009,,,,,,8.56188,8.17474,1.04783432,0.994410095,
Kuwait,KWT,Middle East,2010,94.6,,,0.94,1.011713028,8.37512,,1.034560699,0.994430771,
Kuwait,KWT,Middle East,2011,94.6,,,,1.003821793,8.60901,,1.040472183,0.981292267,
Kuwait,KWT,Middle East,2012,94.6,,,0.96,0.961993713,8.60056,,1.004015503,0.953978424,
Kuwait,KWT,Middle East,2013,94.6,,,0.96,0.950986633,8.60512,,0.974166794,0.925727387,
Kuwait,KWT,Middle East,2014,94.6,,,,,8.82856,,0.959877319,0.900349197,0.540167084
Kuwait,KWT,Middle East,2015,94.6,,,0.96,,8.86229,7.58836,1.019334488,0.952544174,0.587037201
Kuwait,KWT,Middle East,2016,94.6,,0.059559398,,,8.85539,,,,0.577827606
Kuwait,KWT,Middle East,2017,94.6,,0.063544421,0.96,,8.8586,,,,0.551333008
Kuwait,KWT,Middle East,2018,94.6,,0.063916526,0.96,,8.88073,,,,0.521134605
Kuwait,KWT,Middle East,2019,,,0.067278957,,,,,,,0.504700584
Kuwait,KWT,Middle East,2020,,,0.062451305,0.96,,,,,,0.537298584
Kuwait,KWT,Middle East,2021,,,0.077624669,,,,,,,0.615580483
Kuwait,KWT,Middle East,2022,,,0.06582365,,,,,,,
Kuwait,KWT,Middle East,2023,,,0.050262609,,,,,,,
Kyrgyzstan,KGZ,Central Asia,1994,53.4,,,,,,,,,
Kyrgyzstan,KGZ,Central Asia,1995,54.4,,,,,,,,,
Kyrgyzstan,KGZ,Central Asia,1996,55.4,,,,,,,,,
Kyrgyzstan,KGZ,Central Asia,1997,56.3,,,,,,,,,
Kyrgyzstan,KGZ,Central Asia,1998,57.3,,,,,,,,,
Kyrgyzstan,KGZ,Central Asia,1999,58.3,,,,,,,,,
Kyrgyzstan,KGZ,Central Asia,2000,59.2,,,,,,,,,
Kyrgyzstan,KGZ,Central Asia,2001,60.2,,,,,,,,,
Kyrgyzstan,KGZ,Central Asia,2002,61.2,,,,,,,,,
Kyrgyzstan,KGZ,Central Asia,2003,62.2,,,,,,,,,
Kyrgyzstan,KGZ,Central Asia,2004,63.1,,,,,,,,,
Kyrgyzstan,KGZ,Central Asia,2005,64.1,,,,,,,,,
Kyrgyzstan,KGZ,Central Asia,2006,65.1,,,,,,,,,
Indonesia,IDN,South East Asia,2007,58,33.2,0.0304425,,1.002713623,18.81593,13.0443,1.122285538,0.731319809,0.1779603
Kyrgyzstan,KGZ,Central Asia,2008,68.8,,,,,,,,,
Kyrgyzstan,KGZ,Central Asia,2009,70.7,,,,,,,,,
Kyrgyzstan,KGZ,Central Asia,2010,72.5,,,,,,,,,
Kyrgyzstan,KGZ,Central Asia,2011,74.4,,,,,,,,,
Kyrgyzstan,KGZ,Central Asia,2012,76.3,,,,,,,,,
Kyrgyzstan,KGZ,Central Asia,2013,77,,,,,,,,,
Kyrgyzstan,KGZ,Central Asia,2014,77.8,,,,,,,,,
Kyrgyzstan,KGZ,Central Asia,2015,78.6,,,,,,,,,
Kyrgyzstan,KGZ,Central Asia,2016,79.5,,,,,,,,,
Kyrgyzstan,KGZ,Central Asia,2017,80.4,,,,,,,,,
Kyrgyzstan,KGZ,Central Asia,2018,81.3,,,,,,,,,
Kyrgyzstan,KGZ,Central Asia,2019,82.1,,,,,,,,,
Kyrgyzstan,KGZ,Central Asia,2020,83,,,,,,,,,
Kyrgyzstan,KGZ,Central Asia,2021,83.9,,,,,,,,,
Lao,LAO,South East Asia,2009,55.2,,,,,,,,,
Lao,LAO,South East Asia,2010,57.2,,,,,,,,,
Lao,LAO,South East Asia,2011,59.3,,,,,,,,,
Lao,LAO,South East Asia,2012,61.4,,,,,,,,,
Lao,LAO,South East Asia,2013,63.4,,,,,,,,,
Lao,LAO,South East Asia,2014,65.5,,,,,,,,,
Lao,LAO,South East Asia,2015,67.5,,,,,,,,,
Lao,LAO,South East Asia,2016,69.6,,,,,,,,,
Lao,LAO,South East Asia,2017,71.6,,,,,,,,,
Lao,LAO,South East Asia,2018,73.7,,,,,,,,,
Lao,LAO,South East Asia,2019,75.7,,,,,,,,,
Lao,LAO,South East Asia,2020,77.8,,,,,,,,,
Lebanon,LBN,Middle East,1999,,,,,,14.25064,9.0733,,,0.280911007
Lebanon,LBN,Middle East,2000,,,,,,14.23481,,,,0.281529999
Lebanon,LBN,Middle East,2001,,,0.0284148,,,17.34958,7.53579,,,0.318894596
Lebanon,LBN,Middle East,2002,,,0.025527101,,,17.19698,7.3906,,,0.332756004
Lebanon,LBN,Middle East,2003,,,,,,17.36837,7.80251,,,0.330192986
Lebanon,LBN,Middle East,2004,,,0.0264095,,,14.45002,8.50679,,,0.348871803
Lebanon,LBN,Middle East,2005,,,0.026461899,,,14.57447,9.04021,,,0.369148598
Lebanon,LBN,Middle East,2006,,,0.027797599,,,14.22194,9.18398,,,0.381570206
Brazil,BRA,South America,1993,70,60.1,,,,,,,,
Lebanon,LBN,Middle East,2008,,,0.020147901,,,14.21478,9.1243,,,0.419415588
Lebanon,LBN,Middle East,2009,68.6,,0.0176571,0.91,,13.94637,9.20378,,,0.420731392
Lebanon,LBN,Middle East,2010,68.6,,0.0161331,,,14.1419,8.94176,,,0.423140602
Lebanon,LBN,Middle East,2011,68.6,31.8,0.016525199,,,14.23097,9.30599,,,0.455640183
Lebanon,LBN,Middle East,2012,68.6,,0.0214903,,,14.33889,,,,0.448252983
Lebanon,LBN,Middle East,2013,68.6,,0.0243397,,,12.04695,8.20747,,,0.48067009
Lebanon,LBN,Middle East,2014,68.6,,,,,12.32599,7.74275,,,0.425330315
Lebanon,LBN,Middle East,2015,68.6,,,,,,,,,0.388207512
Lebanon,LBN,Middle East,2016,68.6,,0.021263332,,,12.17537,7.67398,,,0.421090088
Lebanon,LBN,Middle East,2017,68.6,,0.021374862,,,12.48274,,,,0.439945793
Lebanon,LBN,Middle East,2018,,,0.025272207,0.93,,,,,,0.472751083
Lebanon,LBN,Middle East,2019,,,0.026002655,,,,,,,0.503490181
Lebanon,LBN,Middle East,2020,,,0.016699681,,,,,,,0.516985817
Lebanon,LBN,Middle East,2021,,,,,,,,,,0.584441414
Lebanon,LBN,Middle East,2022,,35.3,,,,,,,,0.615956116
Lebanon,LBN,Middle East,2023,,,,,0.682726822,,,0.797889786,0.647028885,0.601667213
Lesotho,LSO,Sub-Saharan Africa,1994,,63,,,,,,,,
Lesotho,LSO,Sub-Saharan Africa,1999,,,0.124993496,,0.598333397,44.37094,22.24169,0.988301315,0.2956567,0.0189665
Lesotho,LSO,Sub-Saharan Africa,2000,,,0.100915499,0.86,0.578938408,47.88354,22.06443,1.123764725,0.296085396,0.0206393
Lesotho,LSO,Sub-Saharan Africa,2001,19.6,,0.093650503,,0.602340813,47.36441,22.9424,1.153967209,0.313147201,0.022698801
Lesotho,LSO,Sub-Saharan Africa,2002,21,51.2,0.101004496,,0.623242302,46.9991,23.19684,1.183701172,0.323517685,0.022567101
Lesotho,LSO,Sub-Saharan Africa,2003,22.3,,0.132195702,,0.654013825,46.23628,23.17739,1.232769394,0.331711617,0.0272772
Lesotho,LSO,Sub-Saharan Africa,2004,23.7,,0.111090097,,0.682907028,42.73081,25.12273,1.240829086,0.355687103,
Lesotho,LSO,Sub-Saharan Africa,2005,25,,0.120796604,,0.644458389,41.58735,27.03748,1.246131973,0.377083511,0.034953001
Lesotho,LSO,Sub-Saharan Africa,2006,26.4,,0.112712803,,0.83861908,40.78086,25.79141,1.272356186,0.388591385,0.037163999
Philippines,PHL,South East Asia,2007,61,,0.024851799,,0.892831879,33.66837,35.13372,1.034355927,0.796534729,
Lesotho,LSO,Sub-Saharan Africa,2008,29.1,,0.123287401,,0.781830597,35.04477,23.75957,1.204350433,0.447003593,
Lesotho,LSO,Sub-Saharan Africa,2009,30.5,,,0.758002014,0.776428299,33.75728,23.33837,1.183904266,0.487411194,
Lesotho,LSO,Sub-Saharan Africa,2010,31.9,,,,0.797661972,33.77485,24.48395,1.181517791,0.534280281,
Lesotho,LSO,Sub-Saharan Africa,2011,33.8,,0.081700001,,0.800388336,33.87564,24.76922,1.175915869,0.559379387,
Lesotho,LSO,Sub-Saharan Africa,2012,35.6,,0.076700001,,0.799042816,34.07946,24.69132,1.166683988,0.579205208,0.110302
Lesotho,LSO,Sub-Saharan Africa,2013,37.5,,0.0729,,0.81117012,32.62708,24.13987,1.12749894,0.56528389,0.105638504
Lesotho,LSO,Sub-Saharan Africa,2014,39.4,,0.071999998,0.766352005,0.804921646,32.77944,23.46834,1.108128235,0.571081876,0.104520903
Lesotho,LSO,Sub-Saharan Africa,2015,40.9,,0.076425023,,0.79344635,33.08664,23.95153,1.088215912,0.585894689,0.096877298
Lesotho,LSO,Sub-Saharan Africa,2016,42.4,,0.07552474,,0.811535416,33.75653,23.16604,1.081328326,0.566696205,
Lesotho,LSO,Sub-Saharan Africa,2017,43.9,44.9,0.072311773,,,32.94806,25.34293,1.099726212,0.598201412,0.101464996
Lesotho,LSO,Sub-Saharan Africa,2018,45.4,,0.074029188,0.862408676,,,,1.006016815,,0.097244701
Lesotho,LSO,Sub-Saharan Africa,2019,46.1,,0.071940689,,0.828508072,,,0.960932697,,
Lesotho,LSO,Sub-Saharan Africa,2020,46.8,,0.069979925,,0.761884079,,,0.926714097,,
Lesotho,LSO,Sub-Saharan Africa,2021,47.6,,0.075074792,,0.828435745,,,0.900733458,,
Lesotho,LSO,Sub-Saharan Africa,2022,48.3,,0.064334755,0.820100021,0.745931244,,,0.8861178,,
Lesotho,LSO,Sub-Saharan Africa,2023,49,,0.06692122,,0.711334839,,,0.86370557,,
Liberia,LBR,Sub-Saharan Africa,1999,,,,,,39.3447,17.17876,0.941050415,0.304185696,0.075025601
Liberia,LBR,Sub-Saharan Africa,2000,,,,,,38.27341,,1.13002037,0.350343514,0.180450897
Liberia,LBR,Sub-Saharan Africa,2004,21.3,,,,,,,,,
Liberia,LBR,Sub-Saharan Africa,2005,22.1,,,,,,,,,
Liberia,LBR,Sub-Saharan Africa,2006,23,,,,0.637500916,27.97468,,0.907917786,,
China,CHN,East Asia,2007,61.7,,0.027007349,,0.964076004,17.68203,16.36853,1.067286606,0.783460007,0.214464302
Liberia,LBR,Sub-Saharan Africa,2008,24.6,,0.0170166,,0.586805687,24.27877,,0.8930793,,
Liberia,LBR,Sub-Saharan Africa,2009,25.4,,,,0.585785103,27.36148,,0.966228714,,
Liberia,LBR,Sub-Saharan Africa,2010,26.3,,,,,,,,,0.094075003
Liberia,LBR,Sub-Saharan Africa,2011,27.1,,,,0.639139786,26.83431,,1.009192238,0.445974808,
Liberia,LBR,Sub-Saharan Africa,2012,27.9,,0.0177712,,,,,,,0.112590704
Liberia,LBR,Sub-Saharan Africa,2013,28.8,,0.0169078,,,,,0.522450634,,
Liberia,LBR,Sub-Saharan Africa,2014,29.3,33.2,0.021689835,,0.580902557,26.49841,14.88293,0.926740339,0.371417809,
Liberia,LBR,Sub-Saharan Africa,2015,29.9,,0.021158748,,,30.44637,18.39079,0.901829739,0.366230812,
Liberia,LBR,Sub-Saharan Africa,2016,30.4,35.3,0.021147969,,0.608017693,21.52359,,0.84151101,,
Liberia,LBR,Sub-Saharan Africa,2017,31,,0.02246325,0.483013611,0.572440147,22.32254,,0.79927302,,
Liberia,LBR,Sub-Saharan Africa,2018,31.5,,0.02413898,,,,,,,
Liberia,LBR,Sub-Saharan Africa,2019,32.1,,0.02165082,,,,,,,
Liberia,LBR,Sub-Saharan Africa,2020,32.6,,0.021360142,,,,,0.729198522,0.3780513,
Liberia,LBR,Sub-Saharan Africa,2021,33.2,,0.021118679,,0.587495651,,,0.680120635,,
Liberia,LBR,Sub-Saharan Africa,2022,33.7,,0.022760959,,0.581735001,,,0.672317884,,
Liberia,LBR,Sub-Saharan Africa,2023,34.3,,,,,,,,,
Libya,LBY,North Africa,1999,,,0.022641699,,,,,1.145610428,,0.570369415
Libya,LBY,North Africa,2000,,,,,,,,,,0.530212212
Libya,LBY,North Africa,2001,,,,,,,,1.086250687,,0.568616982
Libya,LBY,North Africa,2002,,,,,,,,1.068459702,1.114121628,0.607621117
Libya,LBY,North Africa,2003,,,,,,,,1.055942764,1.064628067,0.616012802
Libya,LBY,North Africa,2004,,,,,,,,1.065897598,,
Libya,LBY,North Africa,2005,,,,,,,,1.017985535,0.931094589,
Libya,LBY,North Africa,2006,,,,,,,,1.069193268,0.974502029,
Libya,LBY,North Africa,2010,84.1,,,,,,,,,
Libya,LBY,North Africa,2011,84.1,,,,,,,,,
Libya,LBY,North Africa,2012,84.1,,,,,,,,,
Libya,LBY,North Africa,2013,84.1,,,,,,,,,
Libya,LBY,North Africa,2014,84.1,,,,,,,,,
Libya,LBY,North Africa,2015,84.1,,,,,,,,,
Libya,LBY,North Africa,2016,84.1,,,,,,,,,
Libya,LBY,North Africa,2017,84.1,,,,,,,,,
Libya,LBY,North Africa,2018,84.1,,,,,,,,,
Madagascar,MDG,Sub-Saharan Africa,1992,16.7,,,,,,,,,
Madagascar,MDG,Sub-Saharan Africa,1993,16.5,45.2,,,,,,,,
Madagascar,MDG,Sub-Saharan Africa,1994,16.3,,,,,,,,,
Madagascar,MDG,Sub-Saharan Africa,1995,16.2,,,,,,,,,
Madagascar,MDG,Sub-Saharan Africa,1996,16,,,,,,,,,
Madagascar,MDG,Sub-Saharan Africa,1997,15.8,39.4,,,,,,,,
Madagascar,MDG,Sub-Saharan Africa,1998,16.3,,,,,,,,,
Madagascar,MDG,Sub-Saharan Africa,1999,16.8,38.6,0.0240501,,0.321701317,47.15347,,0.912833786,,0.0205019
Madagascar,MDG,Sub-Saharan Africa,2000,17.3,,0.024386899,0.71,0.350763207,47.95381,,0.964993515,,0.0209303
Madagascar,MDG,Sub-Saharan Africa,2001,17.8,47.4,0.027072001,,0.343460503,46.69824,,0.971545029,,0.0196778
Madagascar,MDG,Sub-Saharan Africa,2002,18.3,,0.022317901,,0.343873901,47.48805,,0.97787468,,0.020062799
Madagascar,MDG,Sub-Saharan Africa,2003,18.8,,0.0261095,,0.380341492,51.64584,,1.12087532,,0.021826799
Madagascar,MDG,Sub-Saharan Africa,2004,19.3,,0.028126199,,0.435429802,52.38012,,1.279067993,,0.025288601
Madagascar,MDG,Sub-Saharan Africa,2005,20,39.9,0.033096399,0.59,0.551769981,53.5879,21.55504,1.328999176,0.204441509,0.026235499
Madagascar,MDG,Sub-Saharan Africa,2006,20.8,,0.0283097,,0.540746918,48.14341,23.69152,1.333698883,0.230418606,0.028092
Vietnam,VNM,South East Asia,2007,61.8,,,,,,,,,
Madagascar,MDG,Sub-Saharan Africa,2008,22.3,,0.025543399,,0.649076233,47.15533,26.7449,1.396645966,0.278338909,0.032684801
Madagascar,MDG,Sub-Saharan Africa,2009,23.1,,0.0282513,0.644809113,0.721808319,47.90319,23.48387,1.478063812,0.291144295,0.034686999
Madagascar,MDG,Sub-Saharan Africa,2010,23.7,42.4,0.025852344,,0.692342377,40.14191,,1.424819148,,0.036247301
Madagascar,MDG,Sub-Saharan Africa,2011,24.3,,0.030931861,,0.701377106,43.24486,,1.419194859,0.352706108,0.0400946
Madagascar,MDG,Sub-Saharan Africa,2012,24.9,42.6,0.024635732,0.72,0.684885254,43.06725,27.63587,1.419742863,0.369041549,0.0407021
Madagascar,MDG,Sub-Saharan Africa,2013,25.6,,0.024069006,,0.675378723,39.76644,,1.412578577,,0.042146902
Madagascar,MDG,Sub-Saharan Africa,2014,26.2,,0.029874213,,0.674706879,41.71542,23.11643,1.417306071,0.375564983,0.047307401
Madagascar,MDG,Sub-Saharan Africa,2015,26.8,,0.027041883,,0.676049805,41.1927,,1.428891449,0.379068909,0.0472752
Madagascar,MDG,Sub-Saharan Africa,2016,27.4,,0.026979206,,0.660451355,40.606,,1.385707361,0.378174286,0.047616501
Madagascar,MDG,Sub-Saharan Africa,2017,28,,0.027013741,,0.649911957,,20.04302,1.433683173,0.362998884,0.052362499
Madagascar,MDG,Sub-Saharan Africa,2018,28.6,,0.030490692,0.77,0.631228485,39.81169,19.29784,1.369360273,0.359789157,0.053243899
Madagascar,MDG,Sub-Saharan Africa,2019,28.6,,0.030133839,,0.607599449,,,1.292258099,0.339341493,0.0553403
Madagascar,MDG,Sub-Saharan Africa,2020,28.6,,0.032544339,,0.591633987,,,1.312066141,,0.056768599
Madagascar,MDG,Sub-Saharan Africa,2021,28.6,36.8,0.031980755,0.74686142,0.631719894,,,1.456963942,0.351450666,
Madagascar,MDG,Sub-Saharan Africa,2022,28.6,,0.0313902,0.774800034,0.593289719,,,1.381922656,,0.0615097
Madagascar,MDG,Sub-Saharan Africa,2023,28.5,,,,0.604006195,,,1.357880531,,0.064074502
Malawi,MWI,Sub-Saharan Africa,1992,12.2,,,,,,,,,
Malawi,MWI,Sub-Saharan Africa,1993,12.3,,,,,,,,,
Malawi,MWI,Sub-Saharan Africa,1994,12.4,,,,,,,,,
Malawi,MWI,Sub-Saharan Africa,1995,12.5,,,,,,,,,
Malawi,MWI,Sub-Saharan Africa,1996,12.6,,,,,,,,,
Malawi,MWI,Sub-Saharan Africa,1997,12.6,65.8,,,,,,,,
Malawi,MWI,Sub-Saharan Africa,1998,12.7,,,,,,,,,
Malawi,MWI,Sub-Saharan Africa,1999,12.8,,0.0343224,,0.690040131,63.22113,59.81314,1.43030365,0.360836601,0.0029431
Malawi,MWI,Sub-Saharan Africa,2000,12.9,,0.036061299,,0.670260925,,,1.456405029,0.311816006,0.0031764
Malawi,MWI,Sub-Saharan Africa,2001,13.2,,0.0309834,,0.688636398,,,1.504101868,0.326521912,0.003525
Malawi,MWI,Sub-Saharan Africa,2002,13.5,,,,0.726218567,,,1.466734772,0.320615807,0.0037481
Malawi,MWI,Sub-Saharan Africa,2003,13.8,,0.0220964,,,,,,,0.0038364
Malawi,MWI,Sub-Saharan Africa,2004,14.1,39.9,,,0.636511383,,,1.387785797,0.300275307,0.0045696
Malawi,MWI,Sub-Saharan Africa,2005,15,,,,0.636665306,,,1.36064621,0.299272308,0.0045179
Malawi,MWI,Sub-Saharan Africa,2006,15.8,,,,0.634621315,,,1.349217224,0.318681393,0.0048377
Uzbekistan,UZB,Central Asia,2007,63.1,,,,0.951968079,18.24208,13.06257,0.963551483,0.89768219,0.098314304
Malawi,MWI,Sub-Saharan Africa,2008,17.5,,,,0.68827179,78.40557,38.48902,1.377588348,0.340536804,
Malawi,MWI,Sub-Saharan Africa,2009,18.3,,,,0.69608078,80.67995,,1.34626709,0.346426315,
Malawi,MWI,Sub-Saharan Africa,2010,19.2,45.5,0.024323699,0.613097191,0.693453522,79.27172,43.23009,1.359735963,0.348378487,0.0073718
Malawi,MWI,Sub-Saharan Africa,2011,20.3,,0.028534601,,0.710738678,76.07357,42.1285,1.361655121,0.358270302,0.0085185
Malawi,MWI,Sub-Saharan Africa,2012,21.5,,0.025286119,,0.739334564,74.08589,41.52301,1.352207369,0.357291718,
Malawi,MWI,Sub-Saharan Africa,2013,22.7,,0.039211698,,0.780661316,69.14697,41.681,1.391811735,0.385908813,
Malawi,MWI,Sub-Saharan Africa,2014,23.8,,0.036600602,0.651453705,0.768393478,72.71752,39.21122,1.390866608,0.400774307,
Malawi,MWI,Sub-Saharan Africa,2015,25,,0.034444966,0.621435394,,69.50969,37.89961,1.383082616,0.402343712,
Malawi,MWI,Sub-Saharan Africa,2016,26.2,44.7,0.032441306,,0.356434135,,,1.371082246,0.382087784,
Malawi,MWI,Sub-Saharan Africa,2017,26.6,,0.035750549,,,,,1.389619918,0.384798813,
Malawi,MWI,Sub-Saharan Africa,2018,27,,0.033229599,,,58.67919,72.31002,1.368266886,0.384567909,
Malawi,MWI,Sub-Saharan Africa,2019,27.4,38.5,,,0.762936707,,,1.395659635,0.350998993,
Malawi,MWI,Sub-Saharan Africa,2020,27.8,,,0.701522675,,,,1.368157662,,
Malawi,MWI,Sub-Saharan Africa,2021,28.2,,,,0.704764099,,,1.272434492,,
Malawi,MWI,Sub-Saharan Africa,2022,28.6,,,0.680800018,0.738953705,,,1.26426256,,
Malawi,MWI,Sub-Saharan Africa,2023,29,,,,0.684686279,,,1.354289283,,
Malaysia,MYS,South East Asia,1992,,47.7,,,,,,,,
Malaysia,MYS,South East Asia,1995,,48.5,,,,,,,,
Malaysia,MYS,South East Asia,1997,75.6,49.1,,,,,,,,
Malaysia,MYS,South East Asia,1998,76.5,,,,,,,,,
Malaysia,MYS,South East Asia,1999,77.4,,0.0568679,,1.002043228,20.36262,,0.997763138,0.818105011,0.239064007
Malaysia,MYS,South East Asia,2000,78.4,,0.059716101,,1.060910034,19.55776,18.37824,1.015610886,0.812021484,0.270150604
Malaysia,MYS,South East Asia,2001,79.3,,0.074844699,,,19.66518,17.89326,0.98294899,0.795563202,0.264246407
Malaysia,MYS,South East Asia,2002,80.2,,0.076579299,,0.93677208,18.91971,17.71513,0.94643219,0.786559219,0.287301807
Malaysia,MYS,South East Asia,2003,81.1,46.4,0.075028801,,0.913174973,17.51402,17.74779,0.941330032,0.833495865,0.314712009
Malaysia,MYS,South East Asia,2004,82,,0.059238901,,0.934025421,17.48584,17.36274,0.961277237,0.829730988,0.3029776
Malaysia,MYS,South East Asia,2005,82.9,,,,0.973357391,16.89527,16.26544,0.968820801,0.77789093,0.276870899
Malaysia,MYS,South East Asia,2006,83.9,44.8,0.044857602,,0.95349411,15.65511,16.29535,0.972874222,0.768364182,0.282458801
Brazil,BRA,South America,1994,70.2,,,,,,,,,
Malaysia,MYS,South East Asia,2008,85.7,45.5,0.039585199,,0.996055069,14.44237,14.22366,0.981771622,0.751681213,0.332592583
Malaysia,MYS,South East Asia,2009,86.6,,0.059741802,,1.017614517,13.13521,13.65341,0.983973999,0.751220779,0.352378311
Malaysia,MYS,South East Asia,2010,87.5,,0.049664502,0.93,0.985872421,12.60115,13.72496,0.986539612,0.772356567,0.366847115
Malaysia,MYS,South East Asia,2011,88.5,43.9,0.057629399,,0.996830063,12.32447,13.57944,0.993454546,0.778982925,0.356598587
Malaysia,MYS,South East Asia,2012,89.4,,0.057390299,,1.054987183,12.00361,13.92335,1.001593935,0.821150971,0.369332085
Malaysia,MYS,South East Asia,2013,90.3,41.3,0.054812002,,1.00878067,11.83126,13.27612,1.010245997,0.825125809,0.382327194
Malaysia,MYS,South East Asia,2014,91.2,,0.050293598,,1.000084686,11.4126,,0.998202938,0.856567993,0.386768265
Malaysia,MYS,South East Asia,2015,,41.1,0.047038102,,0.994893036,11.521,,0.988001071,0.845525665,0.44869503
Malaysia,MYS,South East Asia,2016,,,0.043459845,0.95,0.960428314,11.61165,13.21255,0.999245975,0.8369664,0.464016685
Malaysia,MYS,South East Asia,2017,,,0.04184885,0.95,0.937627335,11.6556,12.2751,1.006633154,0.837138519,0.43668045
Malaysia,MYS,South East Asia,2018,,41.2,0.041319485,0.95,0.924092026,,11.40208,1.009367213,0.796654892,0.452784157
Malaysia,MYS,South East Asia,2019,,,0.039795396,0.95,0.936540909,,,1.01383614,0.805930786,0.431977158
Malaysia,MYS,South East Asia,2020,,,0.04518887,,1.002552109,,,1.018674289,0.785830994,0.424097672
Malaysia,MYS,South East Asia,2021,,40.7,0.042610941,,1.010763626,,,1.011660738,0.802709087,0.409142609
Malaysia,MYS,South East Asia,2022,,,0.034993379,0.96,0.951098938,,,0.977554931,0.845425041,0.402706604
Malaysia,MYS,South East Asia,2023,,,0.03627255,,0.987665863,,,0.988436903,0.855096192,0.412618561
Maldives,MDV,South Asia,1999,,,,,,24.27073,17.14874,1.267697296,0.403141594,
Maldives,MDV,South Asia,2000,,,0.057372069,0.96,,22.65003,15.27481,1.272887802,0.515363007,
Maldives,MDV,South Asia,2001,,,0.052494998,,,22.52108,13.06104,1.248510818,0.611384392,
Maldives,MDV,South Asia,2002,,41.3,0.057918601,,,20.00645,15,1.22174881,0.614477081,
Maldives,MDV,South Asia,2003,,,0.0532407,,,18.15834,13.70307,1.215269623,0.680816574,0.002129
Maldives,MDV,South Asia,2004,,,0.046616001,,,22.72075,,1.20154892,0.679338532,
Maldives,MDV,South Asia,2005,,,0.0501684,,1.322995758,20.08085,,1.142222672,,
Maldives,MDV,South Asia,2006,78,,0.046452398,0.98,1.234112396,16.41787,,1.126583786,,
South Africa,ZAF,Sub-Saharan Africa,2007,65.1,,0.044466701,0.89,,33.19107,29.18924,1.03162117,0.825455475,
Maldives,MDV,South Asia,2008,79.4,,0.044702902,,1.05179657,13.2588,,1.054940567,,0.113848496
Maldives,MDV,South Asia,2009,80.2,38.4,0.050816898,,1.093220291,12.67736,,1.046865768,,
Maldives,MDV,South Asia,2010,80.9,,0.0363328,,1.048904877,11.70072,,1.022071183,,
Maldives,MDV,South Asia,2011,81.6,,0.0308073,,1.012615814,12.27511,,1.004849151,,
Maldives,MDV,South Asia,2012,82.3,,0.049682679,,0.930855484,11.4094,,0.975583891,,
Maldives,MDV,South Asia,2013,83,,0.039545004,,0.891418533,11.19408,,0.957495361,,
Maldives,MDV,South Asia,2014,83.7,,0.038897953,0.99,0.946606369,12.02005,,0.968026029,,0.1365798
Maldives,MDV,South Asia,2015,84.4,,0.046223054,,0.933539124,10.34037,,0.990130883,,
Maldives,MDV,South Asia,2016,85.1,31.3,0.04438736,0.98,0.970572433,10.29657,,0.981044461,,
Maldives,MDV,South Asia,2017,85.8,,0.038226855,0.945055084,0.929155808,10.16278,,0.969436424,,0.34778019
Maldives,MDV,South Asia,2018,86.5,,0.038568177,,0.914787827,,,0.96589236,0.764182587,
Maldives,MDV,South Asia,2019,87.2,29.3,0.041235695,0.982118607,0.917524185,,,0.9712785,0.707690811,0.513613625
Maldives,MDV,South Asia,2020,87.9,,0.058476081,,,,,0.978304502,,0.283089008
Maldives,MDV,South Asia,2021,,,0.046137977,0.978600006,,,,,,0.248425179
Maldives,MDV,South Asia,2022,,,0.046734433,,0.971043015,,,0.953672583,0.725359497,0.499534454
Maldives,MDV,South Asia,2023,,,0.051670637,,0.984593506,,,0.975430869,0.802538787,
Mali,MLI,Sub-Saharan Africa,1992,20.7,,,,,,,,,
Mali,MLI,Sub-Saharan Africa,1993,20.1,,,,,,,,,
Mali,MLI,Sub-Saharan Africa,1994,19.5,50.1,,,,,,,,
Mali,MLI,Sub-Saharan Africa,1995,18.9,,,,,,,,,
Mali,MLI,Sub-Saharan Africa,1996,18.4,,,,,,,,,
Mali,MLI,Sub-Saharan Africa,1997,17.8,,,,,,,,,
Mali,MLI,Sub-Saharan Africa,1998,17.2,,,,,,,,,
Mali,MLI,Sub-Saharan Africa,1999,16.6,,0.022318399,,,62.07904,28.40924,0.52495739,0.139309397,0.018051
Mali,MLI,Sub-Saharan Africa,2000,16.1,,0.0297156,,0.286628399,65.30321,28.97326,0.545383415,0.1606357,0.0183404
Mali,MLI,Sub-Saharan Africa,2001,15.5,39.9,0.026584499,,0.325493698,63.37756,,0.592086792,,0.0195005
Mali,MLI,Sub-Saharan Africa,2002,16.4,,0.0289623,,0.336304588,56.41051,,0.630178185,,0.0194381
Mali,MLI,Sub-Saharan Africa,2003,17.3,,0.038055999,0.24,0.369321594,57.34473,,0.650038223,0.203113403,
Mali,MLI,Sub-Saharan Africa,2004,18.1,,0.0385922,,0.384649582,52.24187,,0.683996735,0.221290703,
Mali,MLI,Sub-Saharan Africa,2005,19,,0.035221801,,0.40272419,54.38829,,0.718731995,0.239585609,
Mali,MLI,Sub-Saharan Africa,2006,19.9,38.9,,0.26,0.455662804,52.76025,,0.746659393,0.259403591,
Kyrgyzstan,KGZ,Central Asia,2007,66.9,,,,,,,,,
Mali,MLI,Sub-Saharan Africa,2008,23.7,,0.034035599,,0.515832901,51.43719,23.54798,0.788654404,0.319696693,0.049165602
Mali,MLI,Sub-Saharan Africa,2009,25.7,33,0.0386904,,0.532498283,50.14558,23.409,0.800612335,0.350469513,0.054473701
Mali,MLI,Sub-Saharan Africa,2010,27.6,,0.0334389,0.31,0.560999298,50.39826,,0.804463501,0.377953301,0.0567311
Mali,MLI,Sub-Saharan Africa,2011,29.5,,0.0375423,0.31,0.565069389,48.47335,24.71884,0.807510376,0.399008598,0.051209202
Mali,MLI,Sub-Saharan Africa,2012,31.4,,0.0347949,,0.521180191,,,0.772598114,,0.0661514
Mali,MLI,Sub-Saharan Africa,2013,33.3,,0.032846501,,0.518661118,41.29582,19.2752,0.72538147,0.404660988,0.061257901
Mali,MLI,Sub-Saharan Africa,2014,34.8,,0.0364819,,0.507712593,42.47449,18.88774,0.734566498,0.424749718,0.057035398
Mali,MLI,Sub-Saharan Africa,2015,36.2,,0.038015201,0.33,0.485098496,42.70695,19.19297,0.721444473,0.401157303,0.052809601
Mali,MLI,Sub-Saharan Africa,2016,37.7,,0.0309478,,0.485724182,39.08605,19.4834,0.735641022,0.412106895,0.036507905
Mali,MLI,Sub-Saharan Africa,2017,39.2,,0.037897699,,0.469308014,38.22009,17.43224,0.764468079,0.395736885,0.041648936
Mali,MLI,Sub-Saharan Africa,2018,40.6,36,0.035581701,0.35,,37.82669,,0.720947495,0.389281616,0.049665179
Mali,MLI,Sub-Saharan Africa,2019,42.1,,0.035550499,,,,,,,0.047344065
Mali,MLI,Sub-Saharan Africa,2020,43.5,,0.039544599,0.31,,,,0.746229097,,
Mali,MLI,Sub-Saharan Africa,2021,45,35.7,0.043637099,,,,,0.726488858,,
Mali,MLI,Sub-Saharan Africa,2022,,,0.040350552,,,,,,,
Mali,MLI,Sub-Saharan Africa,2023,,,,,0.497081604,,,0.744169693,0.398626404,
Mauritania,MRT,North Africa,1993,,49.5,,,,,,,,
Mauritania,MRT,North Africa,1995,,37.7,,,,,,,,
Mauritania,MRT,North Africa,1998,13.4,,,,,,,,,
Mauritania,MRT,North Africa,1999,15.3,,0.0172203,,0.440923195,47.00272,28.24302,0.804019394,0.169659691,0.0407406
Mauritania,MRT,North Africa,2000,17.2,39,,0.51,,44.98951,26.32665,0.797832184,0.175795002,
Mauritania,MRT,North Africa,2001,19.2,,0.021068399,,0.4396381,41.76436,26.33391,0.782036896,0.200291099,0.0337585
Mauritania,MRT,North Africa,2002,21.1,,0.022771499,,0.416428795,39.1186,26.24333,0.789213867,0.201027508,0.029913299
Mauritania,MRT,North Africa,2003,23,,0.0236501,,,41.05778,26.07569,0.806755524,0.210430393,0.0319521
Mauritania,MRT,North Africa,2004,25,40.2,0.019507999,,,40.76051,28.44722,0.868523483,0.216031704,0.0324558
Mauritania,MRT,North Africa,2005,26.9,,,,0.395986786,40.32497,30.98364,0.870487137,0.219198704,0.029949
Mauritania,MRT,North Africa,2006,28.9,,0.0195851,,0.407518806,41.41219,26.19698,0.902303009,0.225715504,0.033983099
Azerbaijan,AZE,Europe,2007,67.1,,0.025492799,1,0.981303711,11.61559,,0.947712021,,0.193645992
Mauritania,MRT,North Africa,2008,31.6,35.7,,,,37.22792,,0.89486023,0.181294804,0.039753599
Mauritania,MRT,North Africa,2009,32.3,,,,0.664141007,39.0677,,0.957915115,0.196264896,0.040473599
Mauritania,MRT,North Africa,2010,33.1,,,,,37.15186,,0.972489777,0.201154995,0.046010299
Mauritania,MRT,North Africa,2011,33.8,,0.023310201,,,39.29443,,0.952698898,0.224948807,0.0501436
Mauritania,MRT,North Africa,2012,35.5,,0.0215821,,0.689371796,40.12932,,0.948015213,0.270770893,0.0545682
Mauritania,MRT,North Africa,2013,37.1,,0.0229354,0.62,0.70495491,35.37825,,0.931958237,0.301454392,0.057832298
Mauritania,MRT,North Africa,2014,38.7,32.6,0.025579643,,0.668859863,34.37911,33.0932,0.935205765,0.305732193,
Mauritania,MRT,North Africa,2015,40.3,,0.02829566,0.651120224,0.66717659,35.81193,33.54677,0.963819504,0.310638809,0.058703799
Mauritania,MRT,North Africa,2016,41.2,,0.0194406,,,36.36696,26.36771,0.884654083,0.320480118,0.055491099
Mauritania,MRT,North Africa,2017,42.2,,,,0.644499817,36.35033,23.70599,0.877418366,0.316240006,0.051432199
Mauritania,MRT,North Africa,2018,43.2,,,,0.696558914,34.27814,25.9167,0.903253937,0.353903694,0.051187901
Mauritania,MRT,North Africa,2019,44.1,32,0.0182318,,0.662812195,,,0.907190323,0.374504814,0.058698902
Mauritania,MRT,North Africa,2020,45.1,,0.0180265,0.595296593,,,,0.866899033,0.358889999,0.059512501
Mauritania,MRT,North Africa,2021,46,,0.0189197,0.669599991,,,,,,
Mauritania,MRT,North Africa,2022,47,,0.024402425,,,,,,,
Mauritania,MRT,North Africa,2023,48,,0.026460304,,,,,1.117692795,,
Mauritius,MUS,Sub-Saharan Africa,1999,,,0.038874199,,0.992308502,26.13844,19.56571,1.027747574,0.722452469,0.094236097
Mauritius,MUS,Sub-Saharan Africa,2000,,,0.037190399,0.84,1.008754578,26.11761,19.39514,1.031737137,0.744723511,0.105214796
Mauritius,MUS,Sub-Saharan Africa,2001,,,0.030734799,,1.011899185,24.9275,19.23417,1.029751663,0.802969284,0.164485703
Mauritius,MUS,Sub-Saharan Africa,2002,,,0.030202401,,0.979020004,25.19635,18.83802,1.027281494,0.824172287,0.151241102
Mauritius,MUS,Sub-Saharan Africa,2003,,,0.043571701,,0.982709427,23.06335,18.55815,1.021853638,0.855775909,0.157577295
Mauritius,MUS,Sub-Saharan Africa,2004,,,0.042557702,,0.956257324,21.98676,17.57327,1.018559494,0.863435288,0.172851009
Mauritius,MUS,Sub-Saharan Africa,2005,,,0.040240202,,0.979792709,22.3399,17.41396,1.020945663,0.886331024,0.210529594
Mauritius,MUS,Sub-Saharan Africa,2006,,35.7,0.036483901,,0.926295929,21.68399,16.61191,1.015969315,0.866944199,0.236054592
Brazil,BRA,South America,1995,70.3,59.5,,,,,,,,
Mauritius,MUS,Sub-Saharan Africa,2008,,,0.030630701,,0.95353653,21.66005,16.05079,1.011945572,0.862219162,0.270272007
Mauritius,MUS,Sub-Saharan Africa,2009,88.9,,0.030473101,,0.936529923,21.6212,15.71952,1.004788666,0.866567001,0.313993797
Mauritius,MUS,Sub-Saharan Africa,2010,88.9,,0.0355147,,0.998756332,21.46053,15.25916,1.005936279,0.869073105,0.330799904
Mauritius,MUS,Sub-Saharan Africa,2011,88.9,,0.033320701,0.89,0.967283096,20.35924,14.9129,1.000267181,0.8872229,0.342265091
Mauritius,MUS,Sub-Saharan Africa,2012,88.9,38.5,0.034182,0.92,0.922949982,20.93864,14.7082,0.993668976,0.921094437,0.403749504
Mauritius,MUS,Sub-Saharan Africa,2013,88.9,,0.0356776,0.91,0.967915497,19.79263,13.12128,0.98059433,0.937982864,0.41402401
Mauritius,MUS,Sub-Saharan Africa,2014,88.9,,0.048151498,0.92,0.932743912,18.73281,13.26561,0.972874985,0.970753479,0.400382004
Mauritius,MUS,Sub-Saharan Africa,2015,88.9,,0.047584701,0.93,0.960859909,18.82093,12.87505,0.973207169,0.939682007,0.377607384
Mauritius,MUS,Sub-Saharan Africa,2016,88.9,,0.048820701,0.93,0.946057892,17.79444,,0.967216034,0.944362488,0.384107704
Mauritius,MUS,Sub-Saharan Africa,2017,88.9,36.8,0.0487887,,0.917584,17.93769,12.65226,0.964786301,0.92540329,0.396618805
Mauritius,MUS,Sub-Saharan Africa,2018,,,0.0467448,,0.957337265,16.19841,10.9886,0.964494019,0.914171372,0.404078102
Mauritius,MUS,Sub-Saharan Africa,2019,,,0.045419502,,0.926466064,,,0.954230804,0.931354981,0.429878693
Mauritius,MUS,Sub-Saharan Africa,2020,,,0.043524399,,0.926865234,,,0.950063934,0.895019989,0.425378418
Mauritius,MUS,Sub-Saharan Africa,2021,,,0.046715102,0.921500015,0.941515427,,,0.998860169,,0.439577217
Mauritius,MUS,Sub-Saharan Africa,2022,,,0.048408599,,,,,,,0.442026787
Mauritius,MUS,Sub-Saharan Africa,2023,,,0.045676398,,0.901701737,,,1.109115829,,
Brazil,BRA,South America,1996,70.4,59.8,,,,,,,,
Brazil,BRA,South America,1997,70.5,59.8,,,,,,,,
Brazil,BRA,South America,1998,70.7,59.6,,,,,,,,
Brazil,BRA,South America,1999,70.8,59,0.038006201,,,25.94511,,1.487129517,,0.146957998
Brazil,BRA,South America,2000,70.9,,0.0394893,0.86,,24.79699,,,,
Brazil,BRA,South America,2001,72.5,58.4,0.038446801,,,22.97087,,,,
Brazil,BRA,South America,2002,74,58.1,0.0375037,,,22.35331,19.12073,,,
Brazil,BRA,South America,2003,75.5,57.6,,,,21.56753,16.73021,,,
Brazil,BRA,South America,2004,77.1,56.5,0.039744799,0.89,,21.38676,16.01712,,,
Brazil,BRA,South America,2005,78.6,56.3,0.044790802,,,21.04365,15.42777,,,
Brazil,BRA,South America,2006,80.1,55.6,0.048706002,0.9,,,,,,
Brazil,BRA,South America,2008,83.2,54,0.052688398,0.9,,23.02467,17.19542,,,
Brazil,BRA,South America,2009,84.7,53.7,0.054635501,0.9,,22.64411,17.13865,,,
Moldova,MDA,Europe,2007,68.2,34.4,0.082933702,,,16.25435,12.10284,,,
Brazil,BRA,South America,2010,86.3,,0.056487999,0.9,,22.16609,16.66361,,,
Brazil,BRA,South America,2011,87.8,52.9,0.057374101,0.91,,21.28507,16.34985,,,
Brazil,BRA,South America,2012,89.3,53.4,0.058551002,0.91,,20.51712,15.97387,1.047822266,0.943209763,0.432308502
Brazil,BRA,South America,2013,90.8,52.7,0.0583885,0.91,,21.22749,17.26308,1.09945137,1.039176788,0.443393707
Brazil,BRA,South America,2014,,52,0.059484801,0.92,,20.91814,16.69174,1.103164597,1.026355286,0.471568718
Brazil,BRA,South America,2015,,51.9,0.062410598,0.92,,20.58529,16.45139,1.091521835,1.00920517,0.484340401
Brazil,BRA,South America,2016,,53.4,0.063140402,0.93,,20.31899,16.60114,1.08757843,1.025695114,0.483333397
Brazil,BRA,South America,2017,,53.3,0.063204799,0.93,,20.22308,16.72391,1.098085098,1.030159607,0.500267487
Brazil,BRA,South America,2018,,53.9,0.0608851,0.93,,,,1.08623291,1.050070724,0.511916885
Brazil,BRA,South America,2019,,53.5,0.0596347,,,,,1.074074707,1.039532776,0.526240616
Brazil,BRA,South America,2020,,48.9,0.057715001,,,,,1.054981995,1.041259995,0.545727997
Brazil,BRA,South America,2021,,52.9,0.054969802,,,,,1.034716797,1.066519012,0.568306198
Brazil,BRA,South America,2022,,52,,0.946900024,,,,1.039703217,1.06031189,0.603906212
Brazil,BRA,South America,2023,,51.6,,,,,,,,
Chile,CHL,South America,1999,84.4,,,,,,,,,
Moldova,MDA,Europe,1997,,36.9,,,,,,,,
Moldova,MDA,Europe,1998,,39.5,,,,,,,,
Moldova,MDA,Europe,1999,,42.6,0.0466256,,,21.19649,12.59458,,,
Moldova,MDA,Europe,2000,,36.4,0.044863901,0.97,,20.8769,13.24936,,,
Moldova,MDA,Europe,2001,,38,0.048468499,,,20.21471,13.53472,,,
Moldova,MDA,Europe,2002,65.6,35.8,0.0549791,,,19.26334,13.2212,,,
Moldova,MDA,Europe,2003,66.1,34.9,0.0542489,,,19.17128,13.24313,,,
Moldova,MDA,Europe,2004,66.7,35,0.0677104,,,18.95654,12.97961,,,
Moldova,MDA,Europe,2005,67.2,36.3,0.071627002,,,17.95097,12.75773,,,
Moldova,MDA,Europe,2006,67.7,35.4,0.074989901,,,17.04615,12.39943,,,
Chile,CHL,South America,2000,84.7,,,,,,,,,
Moldova,MDA,Europe,2008,68.7,34.7,0.082372704,,,15.86201,11.49866,,,
Moldova,MDA,Europe,2009,69.2,32.9,0.095097599,,,15.74791,11.25259,,,
Moldova,MDA,Europe,2010,69.7,32.1,0.075922999,,,15.41452,10.4993,,,
Moldova,MDA,Europe,2011,70.2,30.6,0.071363802,,,15.3188,9.89848,,,
Moldova,MDA,Europe,2012,70.7,29.2,0.069833899,,,15.7877,9.57243,,,
Moldova,MDA,Europe,2013,71.2,28.5,0.059097552,,,16.32995,9.58607,,,
Moldova,MDA,Europe,2014,71.7,26.8,0.063380699,0.99,1.091254807,16.80874,9.376,1.074289093,1.043834763,0.521503487
Moldova,MDA,Europe,2015,72.2,27,0.05805687,,1.071129684,17.45665,9.34236,1.057220001,1.05059288,0.520978203
Moldova,MDA,Europe,2016,,26.3,0.0567208,,1.066207733,17.42007,9.22639,1.044644318,1.060476532,0.528414116
Moldova,MDA,Europe,2017,,25.9,0.057101698,,1.072409134,17.68211,9.91073,1.036819,0.943638229,0.519473381
Moldova,MDA,Europe,2018,,25.7,0.055388799,,1.017815781,17.92314,9.86318,1.033373871,0.959159164,0.528423119
Moldova,MDA,Europe,2019,,26,0.0622577,,1.024273834,,,1.050749207,0.956507568,0.547812004
Moldova,MDA,Europe,2020,,25,0.066012602,,1.041376801,,,1.065199814,0.961733398,0.562498207
Moldova,MDA,Europe,2021,,25.7,0.0582406,0.995999985,,,,1.067784223,0.96585343,0.613014031
Moldova,MDA,Europe,2022,,25.9,0.061105399,,,,,1.069732454,0.976136726,
Moldova,MDA,Europe,2023,,26.8,0.06252686,,,,,,,
Mongolia,MNG,East Asia,1995,,33.2,,,,,,,,
Mongolia,MNG,East Asia,1998,,30.3,,,,,,,,
Mongolia,MNG,East Asia,1999,,,0.051456599,,0.861917267,32.44852,18.64532,0.956018906,0.591378403,0.259648495
Mongolia,MNG,East Asia,2000,,,0.055503702,0.98,0.867894287,32.58434,19.91429,0.972424316,0.630990791,0.291881695
Mongolia,MNG,East Asia,2001,,,0.049360642,,0.911155624,32.29349,21.68472,0.998385391,0.70191391,0.331405296
Mongolia,MNG,East Asia,2002,42.6,32.9,0.072107801,,0.963195724,31.78211,21.85043,1.012837982,0.751165695,0.346594315
Mongolia,MNG,East Asia,2003,44.6,,,,0.996426621,30.76911,21.5172,1.061603165,0.824480209,0.368122406
Mongolia,MNG,East Asia,2004,46.6,,0.043257298,,0.995769501,32.8681,22.72494,1.101125336,0.882544022,0.397152596
Mongolia,MNG,East Asia,2005,48.6,,,,0.987808991,34.23344,22.40598,0.979627914,0.916668701,0.438617783
Mongolia,MNG,East Asia,2006,50.6,,,,,33.01005,20.31616,0.996550674,0.917878113,0.474592209
Chile,CHL,South America,2001,84.9,,,,,,,,,
Mongolia,MNG,East Asia,2008,54.6,,,,,31.14934,,0.987987289,,0.499788895
Mongolia,MNG,East Asia,2009,56.6,,0.051448498,,,30.36106,,1.071822891,0.994914703,0.533564682
Mongolia,MNG,East Asia,2010,58.6,33.1,0.046451001,0.98,,30.23907,14.49262,1.185112381,0.921322174,0.560234795
Mongolia,MNG,East Asia,2011,59.8,33.9,0.046090298,,,29.32321,,1.17345192,,0.567441597
Mongolia,MNG,East Asia,2012,61.1,33.8,0.059619851,,,28.77793,,1.140905838,,0.610462303
Mongolia,MNG,East Asia,2013,62.4,,0.052410402,,,27.58707,,1.074712677,,0.646551666
Mongolia,MNG,East Asia,2014,63.6,32,0.05428256,,,27.20739,,1.002035217,,0.669319229
Mongolia,MNG,East Asia,2015,64.9,,0.043871565,,0.992064743,28.222,,0.980040263,,0.714299927
Mongolia,MNG,East Asia,2016,66.2,32.3,0.052004328,,0.967439194,29.69343,,0.976402176,,0.669766464
Mongolia,MNG,East Asia,2017,67.4,,0.04318224,,0.932745209,30.37955,,0.963200636,,0.654128418
Mongolia,MNG,East Asia,2018,68.7,32.7,0.039974272,0.968963471,0.972026444,30.38318,,0.967014589,0.911449661,0.656492462
Mongolia,MNG,East Asia,2019,70,,0.036523697,,0.967022552,,,0.960952445,0.891558424,0.676281586
Mongolia,MNG,East Asia,2020,71.3,,0.04663455,0.99,0.970319901,,,0.951245853,0.959892658,0.645476303
Mongolia,MNG,East Asia,2021,72.5,,0.033438962,,0.907440338,,,0.949856951,0.997959559,0.64459137
Mongolia,MNG,East Asia,2022,,31.4,0.041805673,,0.957875595,,,0.955634578,0.976302037,0.643169937
Mongolia,MNG,East Asia,2023,,,0.037410154,,0.952509308,,,0.957762311,0.991215283,0.653136139
Montenegro,MNE,Europe,2000,,,,,,,,,,0.181112709
Montenegro,MNE,Europe,2001,,,,,,,,,,0.189315395
Montenegro,MNE,Europe,2002,86.8,,,,,,,,,0.177185001
Montenegro,MNE,Europe,2003,87.2,,,0.98,,,,1.058276901,0.91945961,0.1868009
Montenegro,MNE,Europe,2004,87.5,,,,,,,1.046325836,0.904545898,0.221096992
Montenegro,MNE,Europe,2005,87.9,30.2,,,,,,1.087551804,0.910373306,0.249292507
Montenegro,MNE,Europe,2006,88.3,30,,,,,,1.124985504,0.921242371,0.291942902
Georgia,GEO,Europe,2007,70.2,38.1,0.026968701,,1.052963409,,,1.078249893,0.997487412,0.415456505
Montenegro,MNE,Europe,2008,89,30.5,,,,,,1.202929764,0.930311737,0.435571289
Montenegro,MNE,Europe,2009,89.4,31,,,,,,1.137672119,0.956065979,0.51660141
Montenegro,MNE,Europe,2010,89.8,28.9,,,,,,1.082547989,0.989960938,0.552963486
Montenegro,MNE,Europe,2011,90.2,30.8,,0.98,0.744485321,,,0.980292282,0.931708908,0.590115089
Montenegro,MNE,Europe,2012,90.5,41.2,,,0.962360382,,,0.990702972,0.9261306,0.603092499
Montenegro,MNE,Europe,2013,90.9,39,,,,,,,,0.604347687
Montenegro,MNE,Europe,2014,91.2,38.8,,,,,,,,0.632196388
Montenegro,MNE,Europe,2015,91.4,39,,,0.999322205,,,1.012036209,0.91863411,0.639372711
Montenegro,MNE,Europe,2016,91.7,38.5,,,0.974612274,,,1.001745911,0.90557518,0.591839218
Montenegro,MNE,Europe,2017,91.9,36.9,,,0.97764061,,,1.009432526,0.906022263,0.609102211
Montenegro,MNE,Europe,2018,92.2,36.8,,0.985344009,1.005366211,,,1.03264473,0.914442673,0.581831513
Montenegro,MNE,Europe,2019,92.4,35.7,,,0.986865616,,,1.03651741,0.91840332,0.562633209
Montenegro,MNE,Europe,2020,92.7,35.4,,,1.016287537,,,1.038465729,0.92357872,0.58094471
Montenegro,MNE,Europe,2021,92.9,34.3,,0.989800034,0.992118988,,,1.043996735,0.931638413,0.579613915
Montenegro,MNE,Europe,2022,,,,,1.105603409,,,1.056213684,0.921609726,0.574317894
Montenegro,MNE,Europe,2023,,,,,1.067341537,,,1.061096191,0.938724976,0.551743011
Morocco,MAR,North Africa,1992,48.5,,,,,,,,,
Morocco,MAR,North Africa,1993,49.9,,,,,,,,,
Morocco,MAR,North Africa,1994,51.4,,,,,,,,,
Morocco,MAR,North Africa,1995,52.9,,,,,,,,,
Morocco,MAR,North Africa,1996,54.4,,,,,,,,,
Morocco,MAR,North Africa,1997,55.9,,,,,,,,,
Morocco,MAR,North Africa,1998,57.4,39.4,,,,,,,,
Morocco,MAR,North Africa,1999,58.9,,0.046252699,,0.55435791,28.14105,16.71512,0.873162537,0.373624382,0.094428597
Morocco,MAR,North Africa,2000,60.4,40.6,,,0.586998596,28.76272,16.97265,0.929253922,0.391113701,0.100391302
Morocco,MAR,North Africa,2001,61.8,,,,0.603503609,28.13457,,0.977017212,0.408782997,0.103949604
Morocco,MAR,North Africa,2002,63.3,,,,0.620738487,28.30725,,1.030554428,0.428568192,0.105032501
Morocco,MAR,North Africa,2003,64.8,,,,0.660088806,28.17638,18.09706,1.058952789,0.446263809,0.109331598
Morocco,MAR,North Africa,2004,66.7,,,0.52,0.740426025,27.55149,18.72611,1.061868134,0.47590271,0.110605202
Morocco,MAR,North Africa,2005,68.7,,,,0.798199081,27.09953,,1.061123428,0.493741798,0.116413603
Morocco,MAR,North Africa,2006,70.6,40.7,,,0.840372009,26.95752,,1.051471786,0.524637604,0.121367998
Chile,CHL,South America,2002,85.2,,,,,,,,,
Morocco,MAR,North Africa,2008,74.4,,0.048533902,0.55,0.813878326,26.53204,,1.045807266,0.578878288,0.126738996
Morocco,MAR,North Africa,2009,76.3,,0.048311901,0.56,0.791504898,26.6096,,1.042942734,0.609120293,0.131693201
Morocco,MAR,North Africa,2010,78.3,,,,0.824563828,26.23715,,1.073432693,0.632674599,0.140829296
Morocco,MAR,North Africa,2011,80.2,,,0.67,0.872471314,26.41532,,1.090722122,0.66259491,0.1596138
Morocco,MAR,North Africa,2012,82.1,,0.055529485,0.69,0.954793472,25.83553,,1.092547379,0.689832611,0.191758099
Morocco,MAR,North Africa,2013,84,39.5,,,0.938462524,25.98351,,1.089607315,,0.225497704
Morocco,MAR,North Africa,2014,86,,0.054827604,0.76,0.954183884,25.66659,,1.085634689,,0.254523506
Morocco,MAR,North Africa,2015,87.9,,0.05133369,,0.957169037,25.88159,,1.077627487,,0.286955891
Morocco,MAR,North Africa,2016,89.8,,0.050853019,,0.942610397,26.59118,,1.079843674,,0.322695808
Morocco,MAR,North Africa,2017,91.7,,0.047356496,,0.914058609,28.03417,20.26796,1.092592316,0.785361023,0.33737011
Morocco,MAR,North Africa,2018,,,0.04960227,,0.913554306,26.80065,19.42453,1.103672333,0.790162582,0.356224213
Morocco,MAR,North Africa,2019,,,0.050032568,,0.943192291,,,1.115162506,0.801277924,0.380248604
Morocco,MAR,North Africa,2020,,,0.062842827,,0.969155808,,,1.125532074,0.813967819,0.400200195
Morocco,MAR,North Africa,2021,,,0.056427341,,1.003005981,,,1.118368607,0.821820602,0.428228912
Morocco,MAR,North Africa,2022,,,0.059122467,0.773499985,1.010282288,,,1.141699905,0.862332001,0.461795502
Morocco,MAR,North Africa,2023,,,0.060209694,,1.046910706,,,1.144730911,0.897980423,0.477093582
Mozambique,MOZ,Sub-Saharan Africa,1994,13.8,,,,,,,,,
Mozambique,MOZ,Sub-Saharan Africa,1995,14,,,,,,,,,
Mozambique,MOZ,Sub-Saharan Africa,1996,14.1,53.3,,,,,,,,
Mozambique,MOZ,Sub-Saharan Africa,1997,14.3,,,,,,,,,
Mozambique,MOZ,Sub-Saharan Africa,1998,14.4,,,,,,,,,
Mozambique,MOZ,Sub-Saharan Africa,1999,14.6,,0.0264153,,0.144112501,61.4934,,0.711723938,0.054354401,0.0062335
Mozambique,MOZ,Sub-Saharan Africa,2000,14.7,,,,0.16564251,63.98903,,0.766053925,0.063401098,0.0064601
Mozambique,MOZ,Sub-Saharan Africa,2001,14.9,,,,0.193441105,65.94088,,0.829866104,0.070811501,0.0064213
Mozambique,MOZ,Sub-Saharan Africa,2002,15,46.9,,,0.227311001,67.24468,,0.86298172,0.086993599,0.0072797
Mozambique,MOZ,Sub-Saharan Africa,2003,15.2,,,0.48,,,,,,0.0098497
Mozambique,MOZ,Sub-Saharan Africa,2004,16.2,,0.0319839,,0.301592197,65.23041,,0.961165619,0.110655003,0.012190599
Mozambique,MOZ,Sub-Saharan Africa,2005,17.2,,0.0385834,,0.42516571,66.33962,32.1671,1.028762207,0.135321598,0.015023
Mozambique,MOZ,Sub-Saharan Africa,2006,18.2,,0.0373593,,0.420033493,67.26054,35.80093,1.052286987,0.158562698,0.022242999
Fiji,FJI,South East Asia,2007,70.9,,0.058947201,,,,22.90224,0.945077667,0.788532181,
Mozambique,MOZ,Sub-Saharan Africa,2008,20.3,45.5,,,0.597992897,63.99922,36.71631,1.160271378,0.208982792,0.036482799
Mozambique,MOZ,Sub-Saharan Africa,2009,21.3,,,0.51,0.569232216,61.28936,37.27802,1.163491974,0.237465191,0.039514999
Mozambique,MOZ,Sub-Saharan Africa,2010,22.3,,0.053905287,,0.603175392,58.48961,34.12402,1.173067322,0.258841095,0.047514501
Mozambique,MOZ,Sub-Saharan Africa,2011,23.3,,0.056219449,,0.564291992,55.41963,33.23384,1.134784775,0.266728497,0.050420399
Mozambique,MOZ,Sub-Saharan Africa,2012,24,,0.055575099,,0.538298492,54.84224,33.07411,1.126231613,0.261849499,0.053305402
Mozambique,MOZ,Sub-Saharan Africa,2013,24.8,,0.060357699,,0.515952606,54.92451,41.49328,1.139986496,0.350382805,0.057093501
Mozambique,MOZ,Sub-Saharan Africa,2014,25.5,54,0.064939013,,0.512974396,54.83218,40.04899,1.138726196,0.34389431,0.063495798
Mozambique,MOZ,Sub-Saharan Africa,2015,26.2,,0.060108342,0.56,0.518305511,54.66026,39.68606,1.145095673,0.347621918,0.0681004
Mozambique,MOZ,Sub-Saharan Africa,2016,26.9,,0.058008699,,,53.60539,,1.137423401,0.278942396,0.073878999
Mozambique,MOZ,Sub-Saharan Africa,2017,27.7,,0.0548665,0.61,0.498038406,52.43683,36.54379,1.120080719,0.370113792,0.072404499
Mozambique,MOZ,Sub-Saharan Africa,2018,28.4,,0.0538976,,0.550001602,55.27379,,1.16089798,0.303368651,0.074540801
Mozambique,MOZ,Sub-Saharan Africa,2019,29.1,50.7,0.062863941,,0.580135307,,,1.190659866,0.319430628,0.07301475
Mozambique,MOZ,Sub-Saharan Africa,2020,29.8,,0.066425629,0.6,0.615411491,,,1.201616592,0.412977553,
Mozambique,MOZ,Sub-Saharan Africa,2021,30.6,,0.064978976,,,,,1.169442755,0.336287097,
Mozambique,MOZ,Sub-Saharan Africa,2022,31.3,49.6,0.06161984,,0.734155121,,,1.211775818,0.378922392,
Mozambique,MOZ,Sub-Saharan Africa,2023,32,,,,0.575668144,,,1.200051615,,
Myanmar,MMR,South East Asia,1997,46.6,,,,,,,,,
Myanmar,MMR,South East Asia,1998,46.7,,,,,,,,,
Myanmar,MMR,South East Asia,1999,46.7,,,,0.740782166,30.59713,30.12094,0.978907165,0.351971016,
Myanmar,MMR,South East Asia,2000,46.8,,,0.9,0.793667526,32.76778,31.87973,1.005384369,0.390274391,
Myanmar,MMR,South East Asia,2001,46.9,,,,0.776823502,32.25738,30.81717,0.992190628,0.399020195,0.116127596
Myanmar,MMR,South East Asia,2002,47,,,,0.780184174,32.56524,31.15684,0.99488472,0.413492584,
Myanmar,MMR,South East Asia,2003,47.1,,,,0.798667526,32.81404,32.61077,1.022404404,0.416500015,
Myanmar,MMR,South East Asia,2004,47.2,,,,0.823989792,31.99879,33.04292,1.03713707,0.445008316,
Myanmar,MMR,South East Asia,2005,47.3,,,,,30.90499,33.13514,1.045576706,0.452514,
Myanmar,MMR,South East Asia,2006,47.4,,,,0.889234924,29.90129,33.77265,1.053565521,0.472110786,
Chile,CHL,South America,2003,85.5,,,,,,,,,
Myanmar,MMR,South East Asia,2008,47.6,,,,0.92402359,28.81408,34.49797,1.079043884,0.498544006,
Myanmar,MMR,South East Asia,2009,47.7,,,,0.928484497,28.41903,34.21812,1.078021774,0.499202194,
Myanmar,MMR,South East Asia,2010,47.8,,,,0.940639877,28.2163,34.07819,1.085050201,0.508916512,
Myanmar,MMR,South East Asia,2011,47.9,,0.0078744,,,,,,,0.142016802
Myanmar,MMR,South East Asia,2012,48,,0.015864288,,,,,,,0.136632795
Myanmar,MMR,South East Asia,2013,48.1,,0.018438118,,,,,,,
Myanmar,MMR,South East Asia,2014,48.2,,0.020119984,,,27.56392,31.80264,1.132240677,0.569005203,
Myanmar,MMR,South East Asia,2015,48.3,38.1,0.022456043,,,,,,,
Myanmar,MMR,South East Asia,2016,48.4,,0.021580884,0.755512009,,22.04141,24.04989,1.179385223,0.670034103,
Myanmar,MMR,South East Asia,2017,48.5,30.7,0.021665299,,,23.04535,26.41848,1.200536804,0.712600784,
Myanmar,MMR,South East Asia,2018,48.6,,0.019924901,,1.035884323,24.3599,27.24679,1.188519974,0.756469803,0.203939209
Myanmar,MMR,South East Asia,2019,48.6,,0.0199976,0.89,,,,,,
Namibia,NAM,Sub-Saharan Africa,1992,37.3,,,,,,,,,
Namibia,NAM,Sub-Saharan Africa,1993,37.1,71.1,,,,,,,,
Namibia,NAM,Sub-Saharan Africa,1994,36.9,,,,,,,,,
Namibia,NAM,Sub-Saharan Africa,1995,36.7,,,,,,,,,
Namibia,NAM,Sub-Saharan Africa,1996,36.5,,,,,,,,,
Namibia,NAM,Sub-Saharan Africa,1997,36.3,,,,,,,,,
Namibia,NAM,Sub-Saharan Africa,1998,36.1,,,,,,,,,
Namibia,NAM,Sub-Saharan Africa,1999,35.9,,0.071307602,,1.007992401,31.77475,23.78759,1.171382599,0.613926811,
Namibia,NAM,Sub-Saharan Africa,2000,35.7,,0.069017801,,0.953438873,31.59195,24.05035,1.139955902,0.638405304,
Namibia,NAM,Sub-Saharan Africa,2001,37.5,,0.068888698,0.85,0.96531517,31.59703,25.24944,1.122889175,0.676306381,0.0741925
Namibia,NAM,Sub-Saharan Africa,2002,39.3,,0.067423301,,0.938753967,31.20918,25.0497,1.116060867,0.662491531,0.060685802
Namibia,NAM,Sub-Saharan Africa,2003,41.1,63.3,0.061371398,,0.927147293,31.63484,25.2103,1.114235001,0.654165802,0.064117498
Namibia,NAM,Sub-Saharan Africa,2004,42.8,,,,0.803106613,33.09097,22.43997,1.098072281,0.647285538,
Namibia,NAM,Sub-Saharan Africa,2005,44.6,,,,0.814859924,30.82422,25.1194,1.111854401,0.634721489,0.0714677
Namibia,NAM,Sub-Saharan Africa,2006,46.4,,0.060317101,,0.803017197,31.44758,25.20003,1.119093628,0.624719582,0.067977901
Chile,CHL,South America,2004,85.7,,,,,,,,,
Namibia,NAM,Sub-Saharan Africa,2008,47.9,,0.0640343,,0.80084343,29.40681,,1.154181976,,0.095685997
Namibia,NAM,Sub-Saharan Africa,2009,48.7,61,,,0.887957535,30.10654,,1.164108734,,
Namibia,NAM,Sub-Saharan Africa,2010,49.5,,0.082433004,,0.887267685,29.77842,,1.171371384,,
Namibia,NAM,Sub-Saharan Africa,2011,50.3,,0.080213795,0.88,,,,,,
Namibia,NAM,Sub-Saharan Africa,2012,51.1,,0.092428122,,0.923007126,,,1.20952058,,
Namibia,NAM,Sub-Saharan Africa,2013,51.8,,0.08595417,,0.929232101,,,1.234915695,,
Namibia,NAM,Sub-Saharan Africa,2014,52.6,,0.095625067,,,,,,,0.187538395
Namibia,NAM,Sub-Saharan Africa,2015,53.4,59.1,0.098507681,,,,,1.290005632,,0.200199108
Namibia,NAM,Sub-Saharan Africa,2016,54.2,,0.105927944,,,,,1.300841748,,0.220023994
Namibia,NAM,Sub-Saharan Africa,2017,,,0.097086725,,,,,1.335256985,,0.233570709
Namibia,NAM,Sub-Saharan Africa,2018,,,0.088811226,,1.003201675,25.09173,,1.342438881,,0.249616394
Namibia,NAM,Sub-Saharan Africa,2019,,,0.093225317,,,,,1.351364323,,0.277483101
Namibia,NAM,Sub-Saharan Africa,2020,,,0.092779989,,,,,1.336895666,,0.283682404
Namibia,NAM,Sub-Saharan Africa,2021,,,0.10391448,0.9225,,,,1.341147157,,
Namibia,NAM,Sub-Saharan Africa,2022,,,0.096779118,,,,,1.335274729,,0.288917408
Namibia,NAM,Sub-Saharan Africa,2023,,,0.090445127,,,,,,,
Nepal,NPL,South Asia,1995,,35.2,,,,,,,,
Nepal,NPL,South Asia,1999,,,0.028933101,,0.614096298,39.04814,31.707,1.114699631,0.3290382,
Nepal,NPL,South Asia,2000,,,0.029751501,,0.640951614,38.03822,30.21542,1.14627739,0.341563683,0.040991998
Nepal,NPL,South Asia,2001,,,0.0370838,0.49,0.636132698,37.01662,33.09243,1.07468277,0.371155281,0.043843098
Nepal,NPL,South Asia,2002,,,0.031528399,,0.683199387,39.86818,,1.122343216,0.407689781,0.049579
Nepal,NPL,South Asia,2003,21.3,43.8,0.031143501,,0.687545929,35.65923,34.68746,1.120409698,0.419306603,0.048800302
Nepal,NPL,South Asia,2004,24.1,,0.031719401,,0.697089462,35.82852,,1.148928986,,0.056609201
Nepal,NPL,South Asia,2005,27,,0.0336464,,0.738568573,39.71153,,1.154856796,0.452188492,0.071148601
Nepal,NPL,South Asia,2006,29.8,,0.0360536,,0.765265732,,,1.298235474,0.428484612,0.0759656
Morocco,MAR,North Africa,2007,72.5,,,,0.838074417,27.38468,,1.057619019,0.555957108,0.116063099
Nepal,NPL,South Asia,2008,35.5,,0.038051701,,0.805189285,37.81655,40.58462,1.295191956,0.486460609,0.1048176
Nepal,NPL,South Asia,2009,38.4,,0.046637602,,,33.30905,36.90163,1.414710999,0.499365387,0.104864302
Nepal,NPL,South Asia,2010,41.2,32.8,0.036317201,,,31.91867,31.97247,1.465405579,0.563431892,0.1342799
Nepal,NPL,South Asia,2011,44.1,,0.038426199,0.6,,29.61413,29.70178,1.503542404,0.597313995,0.134289904
Nepal,NPL,South Asia,2012,45.6,,0.035289886,,1.06073082,27.5331,29.56574,1.478899892,0.640768433,
Nepal,NPL,South Asia,2013,47.2,,0.032026863,,1.051821136,25.63485,29.1808,1.44305934,0.663692169,0.161476803
Nepal,NPL,South Asia,2014,48.7,,0.034859941,,1.076878128,23.93286,28.84049,1.419366322,0.681339493,0.154161396
Nepal,NPL,South Asia,2015,50.3,,0.032942536,,1.108179932,23.09923,28.57148,1.429910284,0.689282532,0.132059631
Nepal,NPL,South Asia,2016,51.8,,0.034771123,0.655010071,1.171851578,22.42122,28.90357,1.43414505,0.718179016,0.119705372
Nepal,NPL,South Asia,2017,53.7,,0.035289238,,1.208017273,20.90655,28.82411,1.408214111,0.739423523,0.121109495
Nepal,NPL,South Asia,2018,55.5,,0.036644056,,,,,,,0.130063267
Nepal,NPL,South Asia,2019,57.4,,0.034856808,0.687125015,1.182105103,19.74396,28.2567,1.366656647,0.793168182,0.139224119
Nepal,NPL,South Asia,2020,58.4,,0.042110667,,,,,1.211866837,0.84588501,0.139312325
Nepal,NPL,South Asia,2021,59.4,,0.039561222,0.711500015,1.007573242,,,1.183385537,0.83516219,0.143841028
Nepal,NPL,South Asia,2022,60.4,30,0.036177838,,1.008192291,,,1.188039516,0.839228077,0.139988747
Nepal,NPL,South Asia,2023,61.3,,0.03681258,,1.150352554,,,1.229840624,0.895513636,0.178263874
Chile,CHL,South America,2005,86,,,,,,,,,
Chile,CHL,South America,2006,86.3,,,,,,,,,
Chile,CHL,South America,2008,86.8,,,,,,,,,
Chile,CHL,South America,2009,87.1,,,,,,,,,
Chile,CHL,South America,2010,87.3,,,,,,,,,
Colombia,COL,South America,1992,56.2,51.3,,,,,,,,
Colombia,COL,South America,1993,57.6,,,,,,,,,
Colombia,COL,South America,1994,59,,,,,,,,,
Colombia,COL,South America,1995,60.4,,,,,,,,,
Colombia,COL,South America,1996,61.8,56.8,,,,,,,,
Colombia,COL,South America,1997,63.2,,,,,,,,,
Colombia,COL,South America,1998,64.6,,,,,,,,,
Colombia,COL,South America,1999,66,58.5,0.044408002,,0.965440598,24.02045,17.91693,1.206069031,0.741051025,0.236967697
Iran,IRN,Middle East,2007,73.6,,,,,,,,,
Colombia,COL,South America,2000,67.4,58.4,0.0351121,,1.002246399,26.45241,19.19542,1.242982864,0.7640448,0.255096893
Colombia,COL,South America,2001,67.5,57.3,0.037086799,,0.969997788,26.01713,,1.210887909,,0.263812599
Colombia,COL,South America,2002,67.6,56,,,0.971735611,26.81989,20.92474,1.21778862,0.781551971,0.265130997
Colombia,COL,South America,2003,67.7,53.6,,,,,,,,
Colombia,COL,South America,2004,67.8,55,,0.93,1.043585663,27.95172,24.64723,1.228400803,0.829504623,0.295034599
Colombia,COL,South America,2005,67.9,53.9,,0.93,1.074441986,28.34839,26.17165,1.240406418,0.86961647,0.322539787
Colombia,COL,South America,2006,69.6,,,0.92,1.131807709,28.18322,27.36572,1.246194916,0.902876663,0.343662109
Colombia,COL,South America,2008,73,55.3,,0.93,1.147123718,29.3957,,1.26483902,0.942315521,0.379448013
Colombia,COL,South America,2009,74.6,54.3,,0.93,1.198979721,29.30908,26.65632,1.28164978,0.982700806,0.395088005
Colombia,COL,South America,2010,76.3,54.6,,0.93,1.198241577,28.13107,27.14634,1.243751373,0.999543686,0.415296707
Colombia,COL,South America,2011,77.6,53.5,,0.94,1.188517914,27.57965,25.58137,1.218312836,1.012058182,0.452873306
Colombia,COL,South America,2012,78.9,52.6,,,1.135506973,25.04796,25.39509,1.186399689,0.972326889,0.474669914
Colombia,COL,South America,2013,80.2,52.6,,,1.035858231,24.98364,25.49841,1.190847321,0.981015015,0.507474899
Colombia,COL,South America,2014,81.5,52.5,,0.94,1.026898727,24.28676,24.90129,1.16080101,0.973632889,0.531794395
Colombia,COL,South America,2015,82.7,51,,0.94,1.024092331,24.23937,26.47999,1.154970779,0.97674118,0.547961311
Colombia,COL,South America,2016,84,50.6,,0.95,1.031399307,24.31808,26.18799,1.154431534,0.984156265,0.571437492
Niger,NER,Sub-Saharan Africa,1992,,36,,,,,,,,
Niger,NER,Sub-Saharan Africa,1994,,41.5,,,,,,,,
Niger,NER,Sub-Saharan Africa,1995,10.6,,,,,,,,,
Niger,NER,Sub-Saharan Africa,1996,10.8,,,,,,,,,
Niger,NER,Sub-Saharan Africa,1997,11,,,,,,,,,
Niger,NER,Sub-Saharan Africa,1998,11.2,,,,,,,,,
Niger,NER,Sub-Saharan Africa,1999,11.3,,0.025685301,,0.187618294,41.06705,24.38601,0.301673203,0.0626581,
Niger,NER,Sub-Saharan Africa,2000,11.5,,0.025650201,,0.179084396,40.66854,23.40357,0.3184692,0.061717901,
Niger,NER,Sub-Saharan Africa,2001,11.7,,0.0227982,0.14,0.191660099,41.90637,23.54173,0.347514687,0.061135201,
Niger,NER,Sub-Saharan Africa,2002,11.9,,0.0240134,,0.207175808,41.26604,26.89868,0.386835709,0.061763802,
Niger,NER,Sub-Saharan Africa,2003,12,,0.0193706,,0.198793602,41.72588,28.62846,0.4173423,0.067663202,0.0080982
Niger,NER,Sub-Saharan Africa,2004,12.2,,,,0.258889504,43.6949,30.86007,0.456185303,0.082411499,0.0077851
Niger,NER,Sub-Saharan Africa,2005,12.4,44.4,,0.29,0.287417107,43.67687,27.38444,0.473457718,0.091598501,0.0093028
Niger,NER,Sub-Saharan Africa,2006,12.6,,0.025585201,,0.315844498,39.98413,29.48641,0.478861313,0.105753403,0.0093958
Colombia,COL,South America,2017,85.3,49.7,,,1.063732529,23.60132,26.01138,1.133053818,0.992193298,0.583960419
Niger,NER,Sub-Saharan Africa,2008,15,,0.0272312,,0.363355102,40.71853,,0.540345192,0.105689898,0.010199
Niger,NER,Sub-Saharan Africa,2009,16.3,,0.0333588,,0.38492569,38.83216,,0.579057808,0.111008997,0.0123695
Niger,NER,Sub-Saharan Africa,2010,17.5,,0.027219501,,0.386980019,38.61445,30.8371,0.616604118,0.126883202,0.0128512
Niger,NER,Sub-Saharan Africa,2011,18.7,31.5,0.0307762,,0.434176903,39.00208,34.67953,0.654002533,0.135426798,0.0133376
Niger,NER,Sub-Saharan Africa,2012,19.9,,0.0318682,0.31,0.46861351,38.75524,,0.673207092,0.146892901,0.0152789
Niger,NER,Sub-Saharan Africa,2013,21.2,,0.036895299,,0.494299507,36.31449,26.76826,0.716494904,0.168310509,0.022366083
Niger,NER,Sub-Saharan Africa,2014,22.4,34.3,0.051036801,,0.597920685,35.75275,25.11458,0.722660065,0.188901806,0.02665421
Niger,NER,Sub-Saharan Africa,2015,23.6,,0.0448669,,0.708624573,36.6289,27.95952,0.745725479,0.208979702,0.034300301
Niger,NER,Sub-Saharan Africa,2016,,,0.029584301,,0.747533035,36.2582,26.73945,0.766502228,0.2411796,0.036547699
Niger,NER,Sub-Saharan Africa,2017,,,0.025781801,,0.65793869,36.33661,29.73171,0.781794205,0.253490696,0.038988199
Niger,NER,Sub-Saharan Africa,2018,,37.3,0.034495699,,,,,0.706374789,,0.046198101
Niger,NER,Sub-Saharan Africa,2019,,,0.035262272,,0.653655014,,,0.697781677,,0.044333901
Niger,NER,Sub-Saharan Africa,2020,,,0.03819201,,0.538511238,,,0.730442861,,0.045934224
Niger,NER,Sub-Saharan Africa,2021,,32.9,0.038217583,,0.609836807,,,0.683098602,,
Niger,NER,Sub-Saharan Africa,2022,,,0.041014309,0.380999985,0.529879189,,,0.683314133,,
Niger,NER,Sub-Saharan Africa,2023,,,,,0.478967285,,,0.685260162,0.228998108,
Nigeria,NGA,Sub-Saharan Africa,1992,,44.9,,,,,,,,
Nigeria,NGA,Sub-Saharan Africa,1996,28.3,51.9,,,,,,,,
Nigeria,NGA,Sub-Saharan Africa,1997,29.1,,,,,,,,,
Nigeria,NGA,Sub-Saharan Africa,1998,30,,,,,,,,,
Nigeria,NGA,Sub-Saharan Africa,1999,30.8,,,,,41.4422,29.79998,0.951762085,0.235453396,0.059865799
Nigeria,NGA,Sub-Saharan Africa,2000,31.7,,,,0.839067612,42.9015,30.88668,0.992021103,0.247493305,
Nigeria,NGA,Sub-Saharan Africa,2001,32.5,,,,,39.00579,32.71757,0.95937088,0.273194504,
Nigeria,NGA,Sub-Saharan Africa,2002,33.4,,,,,40.27665,31.44496,0.97067421,0.2992482,
Nigeria,NGA,Sub-Saharan Africa,2003,34.2,40.1,,0.55,,34.87788,,0.981725769,,0.0957164
Nigeria,NGA,Sub-Saharan Africa,2004,34.7,,,,0.794437485,35.80647,40.6197,0.991839523,0.352755203,0.098248501
Nigeria,NGA,Sub-Saharan Africa,2005,35.2,,,,0.818972702,36.90999,40.16487,0.997802734,0.351121101,0.1043577
Nigeria,NGA,Sub-Saharan Africa,2006,35.7,,,0.7,0.891874008,40.4173,31.85068,1.001878281,0.344249802,
Colombia,COL,South America,2018,86.6,50.4,,0.95,1.055780029,23.3015,25.91073,1.116991806,1.003733368,0.573205414
Nigeria,NGA,Sub-Saharan Africa,2008,36.7,,,0.510776596,0.68284111,,22.34335,0.823805008,0.348519096,
Nigeria,NGA,Sub-Saharan Africa,2009,37.6,,,,0.726352997,,,0.83495697,0.384990311,
Nigeria,NGA,Sub-Saharan Africa,2010,38.5,35.7,0.004966857,,0.729908295,37.55319,23.19708,0.830165863,0.433236885,0.096000795
Nigeria,NGA,Sub-Saharan Africa,2011,39.4,,0.005646588,,,,,0.880855103,0.446314888,0.101537199
Nigeria,NGA,Sub-Saharan Africa,2012,40.3,35.5,0.005492331,,,,,0.893999863,0.461335983,
Nigeria,NGA,Sub-Saharan Africa,2013,41.2,,0.005342067,,,,,0.913719711,0.548829689,
Nigeria,NGA,Sub-Saharan Africa,2014,41.8,,0.004707426,,,,,0.874456406,0.445147514,
Nigeria,NGA,Sub-Saharan Africa,2015,42.5,35.9,0.004369549,,,,,0.837498271,0.456085815,
Nigeria,NGA,Sub-Saharan Africa,2016,43.1,,0.003930456,0.582213402,,,,0.819161682,0.409102097,
Nigeria,NGA,Sub-Saharan Africa,2017,43.7,,0.00396354,,,,,0.764630992,,0.115785513
Nigeria,NGA,Sub-Saharan Africa,2018,44.3,35.1,0.004199985,0.620160103,,,,0.846760635,0.421684494,0.118107748
Nigeria,NGA,Sub-Saharan Africa,2019,44.9,,0.00358479,,,,,0.832573913,,
Nigeria,NGA,Sub-Saharan Africa,2020,45.5,,0.003596376,,,,,0.873721008,0.458899498,
Nigeria,NGA,Sub-Saharan Africa,2021,46,,0.003819191,0.631555405,,,,0.867234268,0.472372284,
Nigeria,NGA,Sub-Saharan Africa,2022,46.6,33.9,0.003485167,,,,,,,
Nigeria,NGA,Sub-Saharan Africa,2023,47.2,,,,,,,,,
North Macedonia,MKD,Europe,1998,,28.1,,,,,,,,
North Macedonia,MKD,Europe,1999,,,,,0.995690231,22.10281,16.32933,1.00663147,0.779660797,0.230991707
North Macedonia,MKD,Europe,2000,,34.3,,,1.014049072,21.517,16.04576,1.015757065,0.83576889,0.224084797
North Macedonia,MKD,Europe,2001,,,,,1.002308807,21.58509,16.36438,1.012312012,0.842949677,0.243628693
North Macedonia,MKD,Europe,2002,88.6,38.5,0.033001499,0.96,0.987415771,21.18031,16.05532,0.996265335,0.839654083,0.268072891
North Macedonia,MKD,Europe,2003,88.7,38.7,,,0.95834137,20.22806,15.61221,0.974190903,0.836575317,0.278220596
North Macedonia,MKD,Europe,2004,88.8,38.4,,,0.974047699,19.95459,15.13043,0.974486389,0.832468414,0.282504692
North Macedonia,MKD,Europe,2005,89,39.3,,,0.958290405,19.37878,14.70825,0.981046906,0.836800384,0.297906494
North Macedonia,MKD,Europe,2006,89.1,42.6,,,0.958238373,19.12691,,0.974777985,,0.292525997
Turkmenistan,TKM,Central Asia,2007,74.7,,,,,,,,,
North Macedonia,MKD,Europe,2008,89.4,46.1,,,0.98359581,17.27699,13.08679,0.918012085,0.840322495,0.396388512
North Macedonia,MKD,Europe,2009,89.5,42.8,,,0.95881691,16.39845,12.35655,0.919132538,0.841355972,0.39837719
North Macedonia,MKD,Europe,2010,89.6,40.1,,,,15.93884,11.91214,0.923337936,0.854283829,0.381475906
North Macedonia,MKD,Europe,2011,89.7,39.4,,,,,,,,
North Macedonia,MKD,Europe,2012,90,38.1,,0.975999985,,15.15012,10.492,0.92966713,0.858300171,0.397961083
North Macedonia,MKD,Europe,2013,90.3,36.2,,,0.979263306,15.57295,9.84804,0.969780579,0.838025589,0.389499016
North Macedonia,MKD,Europe,2014,90.6,35.2,,,0.954361267,15.168,9.56464,0.959001389,0.836949768,0.393214912
North Macedonia,MKD,Europe,2015,90.9,35.6,,,0.956270065,14.40654,9.42686,0.968858185,0.849836273,0.420811806
North Macedonia,MKD,Europe,2016,91.2,34.5,,,,,,,,
North Macedonia,MKD,Europe,2017,91.5,34.2,,,0.941541824,14.91335,8.74033,0.952024078,0.846865387,0.435097694
North Macedonia,MKD,Europe,2018,91.8,33,,,0.941602631,,,0.955603867,0.833533936,0.438547897
North Macedonia,MKD,Europe,2019,92.1,33.5,,,0.911494675,,,0.936538467,0.825312805,0.431991005
North Macedonia,MKD,Europe,2020,92.4,,,,0.9040802,,,0.934353333,0.824416733,0.437821693
North Macedonia,MKD,Europe,2021,92.7,,,,0.91630928,,,0.932624588,0.841619568,0.44302021
North Macedonia,MKD,Europe,2022,93,,,,0.934133682,,,0.974866562,0.914516373,0.531601181
Pakistan,PAK,South Asia,1992,34,,,,,,,,,
Pakistan,PAK,South Asia,1993,35.2,,,,,,,,,
Pakistan,PAK,South Asia,1994,36.4,,,,,,,,,
Pakistan,PAK,South Asia,1995,37.7,,,,,,,,,
Pakistan,PAK,South Asia,1996,38.9,28.7,,,,,,,,
Pakistan,PAK,South Asia,1997,40.1,,,,,,,,,
Pakistan,PAK,South Asia,1998,41.4,33.1,,,,,,,,
Pakistan,PAK,South Asia,1999,42.6,,0.0261149,,,,,,,
Pakistan,PAK,South Asia,2000,43.8,,0.018378201,,,32.99996,,0.634712296,,
Pakistan,PAK,South Asia,2001,45,28.7,,,,34.7419,,0.634718094,,
Pakistan,PAK,South Asia,2002,46.3,,,,,35.00461,,0.638420181,,
Pakistan,PAK,South Asia,2003,47.5,,,,,34.82196,24.17249,0.657692566,0.199118404,0.023883801
Pakistan,PAK,South Asia,2004,48.7,30.9,0.0144338,,,37.4976,26.1568,0.696468582,0.219085197,0.030026
Pakistan,PAK,South Asia,2005,50,31.3,0.0167058,0.5,0.543838196,38.33941,23.25057,0.731828079,0.228122807,0.043754001
Pakistan,PAK,South Asia,2006,51.2,,0.019805599,0.54,0.532989693,39.00535,,0.698638077,0.275696793,0.044532099
Kazakhstan,KAZ,Central Asia,2007,76.6,30.1,0.028313899,,1.000985413,16.5296,,1.01430481,,
Pakistan,PAK,South Asia,2008,53.7,,0.0227264,0.56,0.529285088,40.66857,,0.739127197,0.296895599,0.049744401
Pakistan,PAK,South Asia,2009,55,,0.021791601,0.55,0.530357704,39.68783,,0.741731033,0.295907192,0.060904698
Pakistan,PAK,South Asia,2010,56.2,28.8,0.0205268,0.55,0.554675179,40.45158,,0.745181026,0.298961453,
Pakistan,PAK,South Asia,2011,57.5,29.7,0.020010099,0.55,0.530464287,39.83264,,0.710259884,0.303576825,0.074607539
Pakistan,PAK,South Asia,2012,58.8,,0.0197879,0.57,0.553550224,41.35274,23.33674,0.707852547,0.312602005,0.08496727
Pakistan,PAK,South Asia,2013,59.7,29.5,0.0223699,0.56,0.559474373,42.54875,22.31446,0.702436409,0.321165109,0.088968258
Pakistan,PAK,South Asia,2014,60.5,,0.0220434,0.57,0.569134712,46.52317,21.401,0.743189019,0.332142228,0.089264317
Pakistan,PAK,South Asia,2015,61.4,31.3,0.0238609,,,46.34065,21.12687,0.748479909,0.351742522,0.086117105
Pakistan,PAK,South Asia,2016,62.2,,0.024172118,,0.57836937,47.63465,21.35147,0.798399702,0.36353368,0.084782457
Pakistan,PAK,South Asia,2017,63.1,,0.021366568,0.59,,44.78201,19.38545,0.788430584,0.358526762,0.088005505
Pakistan,PAK,South Asia,2018,64,29.6,0.023321695,0.57,0.620856018,44.0773,20.39658,0.820333064,0.37749513,0.08392417
Pakistan,PAK,South Asia,2019,64.8,,0.022149177,0.58,0.634986954,,,0.831845752,0.39616654,0.113472347
Pakistan,PAK,South Asia,2020,65.7,,0.020571823,,,,,,,0.119442396
Pakistan,PAK,South Asia,2021,66.6,,0.016874613,,0.682332153,,,0.843684597,0.418552345,0.125983591
Pakistan,PAK,South Asia,2022,,,0.01974449,,0.680974197,,,0.826790063,0.423586853,0.106203098
Pakistan,PAK,South Asia,2023,,,0.018686434,,,,,,,0.112206001
Colombia,COL,South America,2019,,51.3,,0.95,1.035436783,,,1.093555069,1.019893494,0.566663017
Palestine,PSE,Middle East,2008,92.1,,,,,,,,,
Palestine,PSE,Middle East,2009,91,,,,,,,,,
Palestine,PSE,Middle East,2010,89.9,,,,,,,,,
Palestine,PSE,Middle East,2011,88.7,,,,,,,,,
Palestine,PSE,Middle East,2012,87.6,,,,,,,,,
Palestine,PSE,Middle East,2013,86.5,,,,,,,,,
Palestine,PSE,Middle East,2014,85.4,,,,,,,,,
Palestine,PSE,Middle East,2015,85.8,,,,,,,,,
Palestine,PSE,Middle East,2016,86.2,,,,,,,,,
Palestine,PSE,Middle East,2017,86.6,,,,,,,,,
Palestine,PSE,Middle East,2018,87,,,,,,,,,
Palestine,PSE,Middle East,2019,87.4,,,,,,,,,
Palestine,PSE,Middle East,2020,87.8,,,,,,,,,
Palestine,PSE,Middle East,2021,88.1,,,,,,,,,
Palestine,PSE,Middle East,2022,88.5,,,,,,,,,
Palestine,PSE,Middle East,2023,88.9,,,,,,,,,
Colombia,COL,South America,2020,,53.5,,0.96,0.996276016,,,1.070836868,1.014994507,0.557331085
Colombia,COL,South America,2021,,55.1,,,0.991944733,,,1.064883575,1.02987999,0.583159218
Colombia,COL,South America,2022,,54.8,,,0.971171036,,,1.048304672,1.015737762,0.592901382
Colombia,COL,South America,2023,,53.9,,,,,,,,
Ecuador,ECU,South America,1994,,53.3,,,,,,,,
Ecuador,ECU,South America,1995,,50.8,,,,,,,,
Ecuador,ECU,South America,1998,,49.6,,,,,,,,
Ecuador,ECU,South America,1999,,58.6,0.0154734,,0.939180603,23.6912,,1.083911514,0.557297287,
Ecuador,ECU,South America,2000,,56.3,0.0120266,,0.94193367,23.25134,13.57916,1.074116898,0.559612694,
Ecuador,ECU,South America,2001,,,,0.91,0.941531601,23.06638,13.57838,1.08008461,0.562870216,
Ecuador,ECU,South America,2002,,,,,0.934549408,24.47064,13.57727,1.086587296,0.572436104,
Algeria,DZA,North Africa,2007,78.4,,,,0.976364899,23.93164,,1.124719315,0.735201416,0.2377421
Ecuador,ECU,South America,2003,,53.5,,,0.927619782,23.73489,13.27407,1.08234581,0.568165703,
Ecuador,ECU,South America,2004,68.8,53.9,,,0.924946671,23.13241,13.34317,1.078235092,0.574096108,
Ecuador,ECU,South America,2005,69.7,53.1,,,0.967199097,22.89619,13.90459,1.078512497,0.598716011,
Ecuador,ECU,South America,2006,70.5,52.3,,,0.967192688,22.51506,14.36216,1.080287018,0.619531517,
Ecuador,ECU,South America,2008,72.2,49.8,,0.92,,,,1.07735611,,0.381871796
Ecuador,ECU,South America,2009,73.1,48.5,0.045176301,0.92,0.968342667,23.18609,20.52053,1.124222488,0.859710388,
Ecuador,ECU,South America,2010,73.9,48.8,0.046002898,0.92,1.019746704,21.98396,19.9457,1.09243782,0.915583878,
Ecuador,ECU,South America,2011,74.8,45.9,0.047442498,0.92,1.052316437,21.89836,20.90102,1.090900421,0.956929703,
Ecuador,ECU,South America,2012,75.6,46.1,0.046531,0.92,1.052959595,22.07965,21.96425,1.064233932,0.985548019,0.392524681
Ecuador,ECU,South America,2013,76.5,46.9,0.049299798,0.93,1.041868515,23.29823,23.0055,1.048921738,1.006592102,0.397734413
Ecuador,ECU,South America,2014,77.3,45,0.052102098,0.94,1.058082962,24.70893,23.03294,1.059682999,1.025903397,
Ecuador,ECU,South America,2015,,46,0.051057,0.94,0.992807465,25.10819,22.35071,1.011858902,1.007917862,0.445371513
Ecuador,ECU,South America,2016,,45,0.043627481,0.94,0.967253571,25.09592,21.94529,0.990304031,0.995687027,
Ecuador,ECU,South America,2017,,44.7,0.046142578,0.93,0.989387207,24.48003,20.99927,0.982481613,0.9739711,
Ecuador,ECU,South America,2018,,45.4,0.046214552,,0.983765183,24.26216,20.62112,0.989310989,0.960210419,0.473311806
Ecuador,ECU,South America,2019,,45.7,0.0424578,,0.957715988,,,0.983505783,0.947315369,0.472627792
Papua New Guinea,PNG,South East Asia,1996,,45.8,,,,,,,,
Papua New Guinea,PNG,South East Asia,1999,,,,,,,,,,0.019549201
Papua New Guinea,PNG,South East Asia,2000,,,,0.57,0.519263611,35.43594,,0.680202713,,
Papua New Guinea,PNG,South East Asia,2001,,,,,0.520774994,36.195,,0.616015511,,
Papua New Guinea,PNG,South East Asia,2002,,,,,0.528107414,,,0.592611885,,
Papua New Guinea,PNG,South East Asia,2003,,,,,0.542216415,,,0.557471199,,
Papua New Guinea,PNG,South East Asia,2004,,,,,,,,0.556356583,,
Papua New Guinea,PNG,South East Asia,2005,,,,,,,,0.566919289,,
Papua New Guinea,PNG,South East Asia,2006,,,,,,,,0.552599487,,
Papua New Guinea,PNG,South East Asia,2008,,,,,,,,0.591189003,,
Papua New Guinea,PNG,South East Asia,2009,,41.9,,,,,,,,
Papua New Guinea,PNG,South East Asia,2010,,,,0.615999985,,,,,,
Papua New Guinea,PNG,South East Asia,2012,,,,,,,27.40981,1.0010009,0.3713451,
Papua New Guinea,PNG,South East Asia,2013,28.2,,,,,,,,,
Papua New Guinea,PNG,South East Asia,2014,28.2,,,,0.707155838,,,,,
Papua New Guinea,PNG,South East Asia,2015,28.2,,0.01666,,,,,,,
Papua New Guinea,PNG,South East Asia,2016,28.2,,0.00846,,0.736570206,35.52165,34.2964,1.036899796,,
Papua New Guinea,PNG,South East Asia,2017,28.2,,0.019649301,0.700636826,,,,,,
Papua New Guinea,PNG,South East Asia,2018,28.2,,0.0187483,,,,,1.095014038,0.444107819,
Papua New Guinea,PNG,South East Asia,2019,28.2,,0.00737,,,,,,,
Papua New Guinea,PNG,South East Asia,2020,28.2,,0.01498,,,,,,,
Papua New Guinea,PNG,South East Asia,2021,28.2,,0.01346,,,,,,,
Ecuador,ECU,South America,2020,,47.3,0.042610302,0.94,0.953761826,,,0.981471405,0.946894074,0.569066315
Ecuador,ECU,South America,2021,,45.8,0.036477699,0.94,0.939406815,,,0.982059174,0.952277832,
Ecuador,ECU,South America,2022,,45.5,0.0359898,0.94,0.99466629,,,0.995941925,0.947636414,0.598797798
Ecuador,ECU,South America,2023,,44.6,0.038936501,,1.001996765,,,0.973006973,0.934162674,
Guyana,GUY,South America,1992,,39.5,,,,,,,,
Guyana,GUY,South America,1998,,45.1,,,,,,,,
Guyana,GUY,South America,1999,,,0.0856106,,0.975299606,26.65515,,0.981784973,0.823563538,
Guyana,GUY,South America,2000,,,0.084841499,,0.98205307,26.22418,,0.979309387,,
Guyana,GUY,South America,2001,,,0.083972998,,0.842903137,26.00952,,0.968085403,0.945485077,
Guyana,GUY,South America,2002,,,0.083655396,,,,,,,
Iraq,IRQ,Middle East,2007,78.6,,,,0.631838303,16.95545,13.73327,1.037387009,0.504981003,
Guyana,GUY,South America,2003,63.4,,0.069559002,,0.725935974,26.55199,16.47742,0.965165329,0.827355194,0.072507601
Guyana,GUY,South America,2004,64.4,,0.055129399,,,,,,,0.104312096
Guyana,GUY,South America,2005,65.4,,0.081397305,,0.968648529,28.03939,18.03704,1.036256027,0.851542282,0.109353199
Guyana,GUY,South America,2006,66.4,,0.031189101,,0.995266113,,,,,0.109832802
Guyana,GUY,South America,2008,68.4,,,,0.994021683,25.56042,20.8934,1.020445786,0.86293251,0.105220699
Guyana,GUY,South America,2009,69.4,,0.021505799,0.849940109,1.032963867,25.56063,21.90081,0.989239731,0.907434616,0.099551401
Guyana,GUY,South America,2010,71.2,,0.0240939,,0.983920212,24.61945,21.4222,1.009295502,0.951177216,0.108050404
Guyana,GUY,South America,2011,73,,0.0250669,,1.048815994,24.59172,20.86307,1.040003433,1.038945389,0.111490097
Guyana,GUY,South America,2012,74.7,,0.022413199,,1.05516243,23.1645,20.29138,1.031415787,1.056907806,0.116349602
Guyana,GUY,South America,2013,76.5,,,,,,,0.946656716,,
Guyana,GUY,South America,2014,78.3,,0.043603301,0.856397324,,,,0.918280268,,
Guyana,GUY,South America,2015,78,,0.038957,,,,,0.911051606,,
Guyana,GUY,South America,2016,77.8,,0.047377501,,,,,0.889898097,,
Guyana,GUY,South America,2017,77.5,,0.046647801,,,,,,,
Guyana,GUY,South America,2018,77.2,,0.044505801,,,,,0.901325577,,
Guyana,GUY,South America,2019,77,,,,,,,0.894969099,,
Guyana,GUY,South America,2020,76.7,,,0.856383514,,,,0.991245117,0.852426529,
Guyana,GUY,South America,2021,76.4,,,,,,,0.997228699,0.855159912,
Guyana,GUY,South America,2022,76.2,,,0.900299988,,,,,,
Guyana,GUY,South America,2023,,,,,,,,0.989540329,0.853713303,
Bolivia,BOL,South America,2007,54.7,54.5,0.0672049,0.91,,,,1.127677231,0.860495987,
Peru,PER,South America,2007,55.4,50,0.026294,0.9,1.034739685,21.79327,16.388,1.138589172,0.886508179,
Guyana,GUY,South America,2007,67.4,,0.0239117,,0.980672073,26.17853,22.34916,1.008604889,0.849495926,0.110615101
Paraguay,PRY,South America,2007,69.5,53,0.027395101,0.95,0.993022537,,,1.130578308,0.690033798,0.312753391
Colombia,COL,South America,2007,71.3,,,0.93,1.147544174,29.51974,25.2348,1.254688568,0.930128098,0.354785309
Ecuador,ECU,South America,2007,71.4,53.4,,0.92,0.969585266,22.56566,14.65735,1.095746613,0.634471893,
Paraguay,PRY,South America,1995,,58.1,,,,,,,,
Paraguay,PRY,South America,1997,,54.9,,,,,,,,
Paraguay,PRY,South America,1999,65.6,54.6,0.042308798,,0.916709671,,11.01705,1.211540604,0.614332619,0.141942797
Paraguay,PRY,South America,2000,66.1,,0.042302098,,0.940069199,,11.88346,1.216605225,0.646615601,0.172084293
Armenia,ARM,Europe,2007,78.7,31.2,0.0301894,,0.967462769,19.3076,,1.060735321,0.899713287,0.444337082
Paraguay,PRY,South America,2001,66.6,54.6,0.0383357,,0.938073502,,12.8672,1.205668182,0.684785614,0.193145008
Paraguay,PRY,South America,2002,67.1,57.3,0.034077301,,0.950726471,26.9585,11.86107,1.19243782,0.701372223,0.283510494
Paraguay,PRY,South America,2003,67.6,54.9,0.0338276,,0.972891464,27.84307,11.83609,1.154145126,0.677881088,0.2699926
Paraguay,PRY,South America,2004,68,52.3,0.028699,,0.965530396,27.84345,11.83621,1.151523438,0.691493301,0.272375908
Paraguay,PRY,South America,2005,68.5,51.4,,,0.977110367,,,1.161055679,0.690906525,0.279218807
Paraguay,PRY,South America,2006,69,53,,,0.976096191,,,1.144457932,0.68778862,
Paraguay,PRY,South America,2008,71.3,50.7,,0.93,1.001908188,,,1.116787872,0.70410347,0.371245804
Paraguay,PRY,South America,2009,73.1,49.1,,0.94,1.007782898,,,1.105214615,0.713650971,0.400043411
Paraguay,PRY,South America,2010,75,51,0.0277072,0.94,0.99517868,,,1.103031311,0.730419769,0.377850494
Paraguay,PRY,South America,2011,76.8,52.3,0.036928201,,0.957307892,,,1.089582367,0.756274109,
Paraguay,PRY,South America,2012,78.6,47.6,0.036687901,0.94,0.946053009,24.15974,18.4041,1.122387695,0.825331421,
Paraguay,PRY,South America,2013,80.5,47.9,0.026787119,0.95,0.953276901,,,1.064826823,0.753813469,
Paraguay,PRY,South America,2014,82.3,50.7,0.02596559,0.95,0.980202484,,,1.042694159,,
Paraguay,PRY,South America,2015,84.1,47.6,0.033337781,0.96,0.956557922,,,0.98234181,,
Paraguay,PRY,South America,2016,,47.9,0.034349799,0.95,0.955360718,,,0.981175385,0.823605499,
Paraguay,PRY,South America,2017,,48.5,0.030906208,,,,,,,
Philippines,PHL,South East Asia,1994,,42.9,,,,,,,,
Philippines,PHL,South East Asia,1995,50.3,,,,,,,,,
Philippines,PHL,South East Asia,1996,51.2,,,,,,,,,
Philippines,PHL,South East Asia,1997,52.2,46,,,,,,,,
Philippines,PHL,South East Asia,1998,53.2,,,,,,,,,
Philippines,PHL,South East Asia,1999,54.2,,,,0.882308502,34.69483,34.06824,1.107505417,0.765082092,0.284981308
Philippines,PHL,South East Asia,2000,55.2,47.7,0.031644001,0.93,,35.31923,,1.106008224,,
Philippines,PHL,South East Asia,2001,56.2,,0.029246399,,1.012807236,35.20686,36.38671,1.0919384,0.772201309,0.304657898
Philippines,PHL,South East Asia,2002,57.2,,0.0289222,,0.943622818,35.38941,38.3308,1.080978088,0.812801971,0.306726208
Philippines,PHL,South East Asia,2003,58.2,46.6,0.029351799,0.93,0.948977432,34.92513,37.08653,1.07838089,0.826391525,0.29875
Philippines,PHL,South East Asia,2004,58.9,,0.0246983,,0.929607315,34.53153,37.53937,1.066634674,0.840311737,0.293516693
Philippines,PHL,South East Asia,2005,59.6,,0.023280699,,0.930202103,35.07377,37.86897,1.059685211,0.826002274,0.285942402
Philippines,PHL,South East Asia,2006,60.3,47.2,0.024257901,,0.899462738,34.59417,37.27093,1.03892189,0.803750915,0.2883638
Maldives,MDV,South Asia,2007,78.7,,0.044178801,,,14.51632,,1.077691498,,0.103023005
Philippines,PHL,South East Asia,2008,61.8,,0.0258283,0.95,0.915329285,33.7418,,1.053108826,0.8057444,0.290714607
Philippines,PHL,South East Asia,2009,62.9,46.3,0.0253777,,0.915169525,31.43572,34.81426,1.076716232,0.838893585,0.281930504
Philippines,PHL,South East Asia,2010,64.1,,,,,,,,,0.29409605
Philippines,PHL,South East Asia,2011,65.3,,,,,,,,,0.308261948
Philippines,PHL,South East Asia,2012,66.4,46.5,,,,,,,,0.313085117
Philippines,PHL,South East Asia,2013,67.6,,,0.96,,,,,,0.337904282
Philippines,PHL,South East Asia,2014,67.9,,0.026645424,,0.975919266,31.35082,26.99059,1.096715166,0.861352401,0.359550591
Philippines,PHL,South East Asia,2015,68.1,44.6,0.02830523,0.98,,30.26629,26.22974,1.086643951,0.866409471,0.38103775
Philippines,PHL,South East Asia,2016,68.4,,0.03301281,,,28.98824,23.52214,1.062157413,0.871297235,0.404857483
Philippines,PHL,South East Asia,2017,68.7,,0.03963841,,1.044364548,29.08352,23.88062,1.031825504,0.845040588,0.35405426
Philippines,PHL,South East Asia,2018,68.5,42.3,0.038550277,,1.108821869,,,0.980921405,0.820352411,0.294286385
Philippines,PHL,South East Asia,2019,68.3,,0.034074864,0.96,1.01023819,,,0.959793329,0.875707841,0.312367649
Philippines,PHL,South East Asia,2020,68.1,,0.038582904,0.98,0.981126251,,,0.957995146,0.892450875,0.328472557
Philippines,PHL,South East Asia,2021,67.9,40.7,0.038724976,,0.911019821,,,0.906099092,0.871315176,0.348456192
Philippines,PHL,South East Asia,2022,67.7,,0.035796008,,0.879826889,,,0.918715546,0.93665334,0.395887566
Philippines,PHL,South East Asia,2023,67.5,39.3,0.036236863,,0.807059708,,,0.934089525,0.928650158,0.452818947
Rwanda,RWA,Sub-Saharan Africa,1992,8.9,,,,,,,,,
Rwanda,RWA,Sub-Saharan Africa,1993,8.7,,,,,,,,,
Rwanda,RWA,Sub-Saharan Africa,1994,8.49,,,,,,,,,
Rwanda,RWA,Sub-Saharan Africa,1995,8.29,,,,,,,,,
Rwanda,RWA,Sub-Saharan Africa,1996,8.08,,,,,,,,,
Rwanda,RWA,Sub-Saharan Africa,1997,7.88,,,,,,,,,
Rwanda,RWA,Sub-Saharan Africa,1998,7.67,,,,,,,,,
Rwanda,RWA,Sub-Saharan Africa,1999,7.47,,0.0385799,,0.249528008,54.30548,,0.847568207,0.078385,0.007339
Rwanda,RWA,Sub-Saharan Africa,2000,7.26,48.5,0.0343418,0.65,0.211688099,54.02683,23.32554,0.9739991,0.095136003,0.0116362
Rwanda,RWA,Sub-Saharan Africa,2001,7.47,,0.048250198,,0.265409393,51.41724,25.88722,1.219449692,0.111507502,0.0154309
Rwanda,RWA,Sub-Saharan Africa,2002,7.67,,,,0.317821999,58.96519,24.85211,1.235502396,0.1210466,0.0187186
Rwanda,RWA,Sub-Saharan Africa,2003,7.88,,,,0.430246887,59.90567,25.38297,1.231622696,0.1358494,0.0234144
Rwanda,RWA,Sub-Saharan Africa,2004,8.08,,,,0.417584,62.02973,26.26465,1.314344635,0.153283997,0.027314899
Rwanda,RWA,Sub-Saharan Africa,2005,8.29,52,,,,68.95194,28.71445,1.380916595,0.164831009,0.0285112
Rwanda,RWA,Sub-Saharan Africa,2006,11,,,,,65.93305,30.65093,1.480474854,0.181992893,0.036422999
Thailand,THA,South East Asia,2007,79,39.8,0.036031499,,,17.71738,21.01242,0.989492111,0.761713028,0.477545891
Rwanda,RWA,Sub-Saharan Africa,2008,16.3,,0.035021601,,0.530556183,67.73053,,1.547245636,0.221014309,0.041830001
Rwanda,RWA,Sub-Saharan Africa,2009,18.9,,,,0.72608017,68.29941,22.60539,1.566142578,0.265538197,0.050719199
Rwanda,RWA,Sub-Saharan Africa,2010,21.6,47.2,0.046312699,0.65852272,0.758724518,64.61867,,1.553157959,0.324029083,0.0577317
Rwanda,RWA,Sub-Saharan Africa,2011,22.1,,0.0438346,,,58.09439,23.70344,1.541296387,0.366210098,0.068372302
Rwanda,RWA,Sub-Saharan Africa,2012,22.7,,0.0442103,0.68,0.748167725,59.27851,22.91459,1.533718262,0.396627693,0.067093902
Rwanda,RWA,Sub-Saharan Africa,2013,23.2,45.1,0.047421498,,0.588075218,59.81633,22.79344,1.237060013,0.315658398,0.062314901
Rwanda,RWA,Sub-Saharan Africa,2014,23.7,,0.041964402,0.71,0.642973023,58.24871,21.65028,1.383158112,0.418218689,0.073586202
Rwanda,RWA,Sub-Saharan Africa,2015,24.3,,0.0364712,,0.631980591,58.34317,19.21098,1.372431946,0.394099007,0.0753125
Rwanda,RWA,Sub-Saharan Africa,2016,25.8,43.7,0.0343484,,0.677450027,58.45684,18.57893,1.406200256,0.385062408,0.075780702
Rwanda,RWA,Sub-Saharan Africa,2017,27.3,,0.031247399,,0.760721817,57.85938,20.08785,1.393099518,0.396912117,0.073448801
Rwanda,RWA,Sub-Saharan Africa,2018,28.8,,0.0307375,0.73,0.842233429,59.50859,28.24773,1.371293488,0.411796913,0.067609501
Rwanda,RWA,Sub-Saharan Africa,2019,30.3,,0.032386806,,0.959773026,,,1.380200806,0.440778999,0.0631429
Rwanda,RWA,Sub-Saharan Africa,2020,31.8,,0.033339429,0.800508575,,,,,,0.075671
Rwanda,RWA,Sub-Saharan Africa,2021,33.4,,0.055898499,,0.954018173,,,1.510635681,0.441820793,0.073595843
Rwanda,RWA,Sub-Saharan Africa,2022,34.9,,0.047462301,0.79,,,,1.487524872,0.441547089,0.0741326
Rwanda,RWA,Sub-Saharan Africa,2023,36.4,39.4,0.049200401,,0.593042412,,,1.518948212,0.451251488,0.0888624
Paraguay,PRY,South America,2018,,46,0.03296196,0.94,,,,,,
Paraguay,PRY,South America,2019,,45.7,0.034898303,0.93,,,,0.898882086,0.758563938,
Paraguay,PRY,South America,2020,,43.5,0.039361501,0.95,0.829859772,,,0.92283371,0.847876205,
Paraguay,PRY,South America,2021,,42.9,0.034107001,,,,,0.925459366,0.842880096,
Paraguay,PRY,South America,2022,,44.6,0.033961999,,0.861671066,,,0.932309494,0.82010788,
Paraguay,PRY,South America,2023,,44.2,0.034064901,,0.902502899,,,0.923777924,0.79513649,
Peru,PER,South America,1993,43.2,,,,,,,,,
Peru,PER,South America,1994,43.9,44,,,,,,,,
Peru,PER,South America,1995,44.5,,,,,,,,,
Samoa,WSM,South East Asia,1999,,,0.040162501,,0.94283783,24.00792,19.89753,0.923818893,0.778549423,0.105981598
Samoa,WSM,South East Asia,2000,,,0.0363096,,0.937347794,24.01542,21.17285,0.923304977,0.774985733,0.0685496
Samoa,WSM,South East Asia,2001,,,0.039765201,,0.900171433,25.04545,20.85056,0.938460083,0.787819595,
Samoa,WSM,South East Asia,2002,,40.7,0.039393201,,0.898734207,27.23461,21.01955,0.962575302,0.794139404,
Samoa,WSM,South East Asia,2003,,,,,0.93685051,,,0.980831223,0.808134079,
Samoa,WSM,South East Asia,2004,,,,,0.91321579,,,0.990531616,0.804250717,
Samoa,WSM,South East Asia,2005,,,,,0.966068268,,,0.994923172,0.796430817,
Samoa,WSM,South East Asia,2006,,,,,0.959523773,,,0.995563126,0.792835465,
Turkey,TUR,Middle East,2007,79,,,,,,,,,
Samoa,WSM,South East Asia,2008,,42,0.0511659,,,,,,,
Samoa,WSM,South East Asia,2009,,,,,0.96769577,31.69124,21.08541,0.998082123,0.788373871,
Samoa,WSM,South East Asia,2010,,,,,0.996684647,30.23604,21.46821,1.043080146,0.807316089,
Samoa,WSM,South East Asia,2011,,,0.049480414,0.99,0.982228699,,,1.009158809,0.799401384,
Samoa,WSM,South East Asia,2012,,,0.048917074,,0.978228683,,,1.006774976,0.80251138,
Samoa,WSM,South East Asia,2013,,38.7,0.046148605,,,,,,,
Samoa,WSM,South East Asia,2014,,,0.052174478,,0.982911377,,,1.044651783,0.844574216,
Samoa,WSM,South East Asia,2015,83,,0.0461519,,1.034143295,,,1.05461257,0.840876007,
Samoa,WSM,South East Asia,2016,83,,0.043496838,,1.061733551,,,1.059830448,0.844522509,
Samoa,WSM,South East Asia,2017,83,,0.039623191,,1.039785614,,,1.05056753,,0.125871525
Samoa,WSM,South East Asia,2018,83,,0.042609739,,1.028618469,,,1.036454096,,0.13564229
Samoa,WSM,South East Asia,2019,83,,0.043958173,0.979902573,1.040795822,,,1.039630119,,0.131230764
Samoa,WSM,South East Asia,2020,83,,0.044810052,,1.018384476,,,1.027386897,,0.163868523
Samoa,WSM,South East Asia,2021,83,,0.052044883,0.990999985,1.004526596,,,1.054418729,,0.175718498
Samoa,WSM,South East Asia,2022,83,,0.048807912,,1.03640686,,,1.041225873,,0.170321598
Samoa,WSM,South East Asia,2023,83,,0.061134729,,1.013423996,,,1.022881356,,0.134067001
Sao Tome & Principe,STP,Sub-Saharan Africa,1997,30.2,,,,,,,,,
Sao Tome & Principe,STP,Sub-Saharan Africa,1998,31.3,,,,,,,,,
Sao Tome & Principe,STP,Sub-Saharan Africa,1999,32.4,,,,,,,,,
Sao Tome & Principe,STP,Sub-Saharan Africa,2000,33.5,,,,,,,,,
Sao Tome & Principe,STP,Sub-Saharan Africa,2001,34.5,,,,,,,,,
Sao Tome & Principe,STP,Sub-Saharan Africa,2002,35.6,,,,,,,,,
Sao Tome & Principe,STP,Sub-Saharan Africa,2003,36.7,,,,,,,,,
Sao Tome & Principe,STP,Sub-Saharan Africa,2004,37.8,,,,,,,,,
Sao Tome & Principe,STP,Sub-Saharan Africa,2005,38.8,,,,,,,,,
Sao Tome & Principe,STP,Sub-Saharan Africa,2006,39.9,,,,,,,,,
Ukraine,UKR,Europe,2007,79.7,27,0.059024401,,1.04314949,16.33813,,1.026653671,0.976914291,0.762627564
Sao Tome & Principe,STP,Sub-Saharan Africa,2008,42.1,,,,,,,,,
Sao Tome & Principe,STP,Sub-Saharan Africa,2009,43.1,,,,,,,,,
Sao Tome & Principe,STP,Sub-Saharan Africa,2010,44.8,,,,,,,,,
Sao Tome & Principe,STP,Sub-Saharan Africa,2011,46.4,,,,,,,,,
Sao Tome & Principe,STP,Sub-Saharan Africa,2012,48,,,,,,,,,
Sao Tome & Principe,STP,Sub-Saharan Africa,2013,49.7,,,,,,,,,
Sao Tome & Principe,STP,Sub-Saharan Africa,2014,51.3,,,,,,,,,
Sao Tome & Principe,STP,Sub-Saharan Africa,2015,52.4,,,,,,,,,
Sao Tome & Principe,STP,Sub-Saharan Africa,2016,53.6,,,,,,,,,
Sao Tome & Principe,STP,Sub-Saharan Africa,2017,54.8,,,,,,,,,
Sao Tome & Principe,STP,Sub-Saharan Africa,2018,55.9,,,,,,,,,
Sao Tome & Principe,STP,Sub-Saharan Africa,2019,57.1,,,,,,,,,
Sao Tome & Principe,STP,Sub-Saharan Africa,2020,58.2,,,,,,,,,
Sao Tome & Principe,STP,Sub-Saharan Africa,2021,59.4,,,,,,,,,
Sao Tome & Principe,STP,Sub-Saharan Africa,2022,60.5,,,,,,,,,
Saudi Arabia,SAU,Middle East,1999,,,0.070722699,,,,,,,0.163975201
Saudi Arabia,SAU,Middle East,2000,,,0.059098201,0.79,,,,,,0.179748592
Saudi Arabia,SAU,Middle East,2001,,,0.077188702,,,,,,,0.197702103
Saudi Arabia,SAU,Middle East,2002,,,0.076368899,,,,,,,0.211851902
Saudi Arabia,SAU,Middle East,2003,,,0.071050901,,,,,,,0.261267395
Saudi Arabia,SAU,Middle East,2004,,,0.062774701,0.83,,,,,,0.294974995
Saudi Arabia,SAU,Middle East,2005,,,0.054309201,,0.893426971,11.33458,11.13496,0.923085098,0.934791565,0.311733799
Saudi Arabia,SAU,Middle East,2006,,,0.0589117,,,,,,,0.298706093
Belarus,BLR,Europe,2007,80.4,29.6,0.051521001,,0.996099625,15.96701,,0.977906723,,0.695346298
Saudi Arabia,SAU,Middle East,2008,86.4,,0.051378102,,0.898635788,10.75323,,0.932651596,,0.292175903
Saudi Arabia,SAU,Middle East,2009,86.4,,,,,11.43193,11.34723,0.946246719,0.927727585,0.296792507
Saudi Arabia,SAU,Middle East,2010,86.4,,,,,11.15436,,0.970149231,,0.344424095
Saudi Arabia,SAU,Middle East,2011,86.4,,,,1.21367897,11.01062,,1.289818573,,0.289419498
Saudi Arabia,SAU,Middle East,2012,86.4,,,,1.289167633,10.88712,,1.308513641,,0.360444107
Saudi Arabia,SAU,Middle East,2013,86.4,,,0.94,0.98315712,10.5435,,1.008408432,0.928935165,0.431635017
Saudi Arabia,SAU,Middle East,2014,86.4,,,,,10.75887,,1.020335999,0.994081497,0.51211071
Saudi Arabia,SAU,Middle East,2015,86.4,,,,,10.89539,10.26494,1.026921463,1.032760086,0.565505714
Saudi Arabia,SAU,Middle East,2016,,,,,,11.70128,10.48578,1.034481506,1.050498962,0.646551132
Saudi Arabia,SAU,Middle East,2017,,,,0.95,1.003297424,12.22675,11.14518,1.0608535,1.05574379,0.724816666
Saudi Arabia,SAU,Middle East,2018,,,,,1.018686218,13.81495,11.52893,1.054315491,1.058828583,0.745258179
Saudi Arabia,SAU,Middle East,2019,,,,,0.985084915,,,1.031577835,1.044500198,0.796130676
Saudi Arabia,SAU,Middle East,2020,,,,0.98,0.962086487,,,1.027124023,1.032773285,0.74780571
Saudi Arabia,SAU,Middle East,2021,,,,,0.964636307,,,1.015139923,1.035870132,0.743924866
Saudi Arabia,SAU,Middle East,2022,,,,,1.20119133,,,1.027059479,1.199683685,0.737492065
Saudi Arabia,SAU,Middle East,2023,,,0.051146698,,,,,,,
Senegal,SEN,Sub-Saharan Africa,1992,30.6,,,,,,,,,
Senegal,SEN,Sub-Saharan Africa,1993,30.6,,,,,,,,,
Senegal,SEN,Sub-Saharan Africa,1994,30.7,39.2,,,,,,,,
Senegal,SEN,Sub-Saharan Africa,1995,30.7,,,,,,,,,
Senegal,SEN,Sub-Saharan Africa,1996,30.7,,,,,,,,,
Senegal,SEN,Sub-Saharan Africa,1997,30.8,,,,,,,,,
Senegal,SEN,Sub-Saharan Africa,1998,31.9,,,,,,,,,
Senegal,SEN,Sub-Saharan Africa,1999,33.1,,0.0245981,,0.421817284,48.60013,,0.662854538,0.150402203,0.033112099
Senegal,SEN,Sub-Saharan Africa,2000,34.3,,0.024633501,,0.389300385,50.91758,27.34762,0.698549805,0.156458702,
Senegal,SEN,Sub-Saharan Africa,2001,35.4,41.2,0.024715099,,0.440303803,50.83597,25.09268,0.719839783,0.159723301,
Senegal,SEN,Sub-Saharan Africa,2002,36.6,,0.0259442,0.39,0.466004982,48.89238,27.03645,0.731250763,0.173591995,
Senegal,SEN,Sub-Saharan Africa,2003,37.7,,0.0275125,,0.464444008,46.04819,,0.77375557,,
Senegal,SEN,Sub-Saharan Africa,2004,38.9,,0.0307778,,0.480746689,43.20416,26.36707,0.802091599,0.202995396,0.049086299
Senegal,SEN,Sub-Saharan Africa,2005,40.1,39.2,0.040644302,,0.532118416,41.67137,26.36735,0.821227875,0.225061092,0.054051199
Senegal,SEN,Sub-Saharan Africa,2006,41.6,,0.038213799,0.42,0.506238213,38.531,,0.818475189,0.243925896,0.055802002
Peru,PER,South America,1996,45.2,,,,,,,,,
Senegal,SEN,Sub-Saharan Africa,2008,44.8,,0.040256801,,0.591248207,36.43514,,0.852544708,0.307252693,0.078143702
Senegal,SEN,Sub-Saharan Africa,2009,46.3,,0.049207301,0.48,0.592928085,34.65629,,0.846334992,,0.079224901
Senegal,SEN,Sub-Saharan Africa,2010,47.9,,0.0054477,,0.582885017,33.65179,,0.843055115,0.369725304,0.075872102
Senegal,SEN,Sub-Saharan Africa,2011,49.5,40.3,0.049030299,0.52,0.609112091,33.31196,26.90024,0.86827713,0.423821297,0.100053597
Senegal,SEN,Sub-Saharan Africa,2012,51.6,,0.047769899,,0.600965004,32.69103,24.8448,0.863720932,0.461804199,0.101298199
Senegal,SEN,Sub-Saharan Africa,2013,52.6,,0.056865602,0.44,0.604651909,32.24855,26.05916,0.839905319,0.488453712,0.104236698
Senegal,SEN,Sub-Saharan Africa,2014,53.6,,0.057290702,,0.609127884,32.23045,25.07389,0.85126091,0.508017616,0.108330898
Senegal,SEN,Sub-Saharan Africa,2015,53.2,,0.054563799,0.435927315,0.590049782,32.09004,20.37208,0.848736877,0.512827301,0.1092908
Senegal,SEN,Sub-Saharan Africa,2016,53.2,,0.0511309,0.460996399,,31.74299,19.65404,0.839003458,,0.111308203
Senegal,SEN,Sub-Saharan Africa,2017,57.9,,0.047400799,0.52,,32.81273,18.88356,0.844605302,,0.1177353
Senegal,SEN,Sub-Saharan Africa,2018,61.1,38.3,0.051101999,0.466059113,,36.31817,,0.84307914,,0.130590801
Senegal,SEN,Sub-Saharan Africa,2019,60.3,,0.050352702,0.468336716,0.615962105,,,0.833581314,0.459415283,0.133833704
Senegal,SEN,Sub-Saharan Africa,2020,61.1,,0.056869798,,0.614603806,,,0.845763092,0.463485489,0.142285404
Senegal,SEN,Sub-Saharan Africa,2021,61.8,36.2,0.0561201,,0.635550919,,,0.829254074,0.468130684,0.157343302
Senegal,SEN,Sub-Saharan Africa,2022,62.5,,0.059875398,0.576699982,0.572280006,,,0.832787018,0.469506912,0.168081398
Senegal,SEN,Sub-Saharan Africa,2023,63.2,,,,0.612763481,,,0.825909576,0.455100594,0.172958393
Serbia,SRB,Europe,2000,,,,,,,,1.040496521,0.919245224,
Serbia,SRB,Europe,2001,,,,,,,,1.03153511,0.905035782,0.378156319
Serbia,SRB,Europe,2002,84.7,32.7,,,,,,1.024274979,0.89309639,0.356683083
Serbia,SRB,Europe,2003,85.3,32.8,,0.96,,,,1.017662964,0.893317108,0.395812683
Serbia,SRB,Europe,2004,85.9,35.5,,,,,,1.027392197,0.889171906,0.410537911
Serbia,SRB,Europe,2005,86.5,36.5,,,,,,1.042042389,0.893853683,0.444134789
Serbia,SRB,Europe,2006,87.1,29.7,,,,,,1.038124924,0.897168503,0.470758095
Peru,PER,South America,1997,45.9,53.3,,,,,,,,
Serbia,SRB,Europe,2008,88.4,27.6,0.042809443,,1.062020874,16.58853,10.29101,1.004391403,0.913154678,0.494204102
Serbia,SRB,Europe,2009,89,28,0.044839802,,0.979693375,16.18402,10.03013,0.966467438,0.924529114,0.504512901
Serbia,SRB,Europe,2010,89.6,29,0.039009323,,0.956875992,16.35445,9.60059,0.944590988,0.926080322,0.495273819
Serbia,SRB,Europe,2011,90,,0.042383599,0.98,1.006041107,15.48102,9.33435,1.008059235,0.946896668,0.521371002
Serbia,SRB,Europe,2012,90.4,39.9,0.038476844,,0.979884491,15.63411,9.07219,1.009047928,0.949734726,0.540148392
Serbia,SRB,Europe,2013,90.8,39.4,,,0.979858322,15.15704,9.00278,1.016048279,0.951216125,0.566968689
Serbia,SRB,Europe,2014,91.1,40.4,,,1.025783234,15.7097,8.65148,1.02185791,0.95007309,0.583684998
Serbia,SRB,Europe,2015,91.2,40.5,,,1.019165726,15.24293,8.45036,1.021821899,0.971595535,0.589525414
Serbia,SRB,Europe,2016,91.2,38.8,0.036347001,0.99,1.000825272,14.5183,8.22827,1.011082001,0.964994888,0.629142799
Serbia,SRB,Europe,2017,91.2,36.1,0.0371016,,1.006136475,14.28392,8.08165,1.007224121,0.956576767,0.675830536
Serbia,SRB,Europe,2018,91.3,35,0.0358232,,0.982662277,14.2927,7.946,1.0045755,0.952566605,0.683218308
Serbia,SRB,Europe,2019,91.3,34.5,0.036164701,0.99,0.983631287,,,0.996345596,0.945711975,0.690413818
Serbia,SRB,Europe,2020,91.3,35,,,0.986887817,,,0.980834732,0.926907578,0.685755081
Serbia,SRB,Europe,2021,91.4,33.1,0.032986701,,0.986582413,,,0.968267212,0.928741837,0.692907028
Serbia,SRB,Europe,2022,91.4,32.8,0.032393899,,0.979975586,,,0.988989792,0.950849686,0.72033432
Serbia,SRB,Europe,2023,,,,,,,,,,0.732060013
Sierra Leone,SLE,Sub-Saharan Africa,2000,,,0.049493699,,,,,0.611376801,,0.016140701
Sierra Leone,SLE,Sub-Saharan Africa,2001,,,0.034825101,,,37.2644,26.63818,0.731187286,0.246340103,0.020390699
Sierra Leone,SLE,Sub-Saharan Africa,2002,,,0.035943401,,,,,,,0.019217401
Sierra Leone,SLE,Sub-Saharan Africa,2003,,40.2,0.03299,,,,,,,
Sierra Leone,SLE,Sub-Saharan Africa,2004,,,0.0314693,0.35,,,,,,
Sierra Leone,SLE,Sub-Saharan Africa,2005,20.3,,0.0283727,,,,,,,
Sierra Leone,SLE,Sub-Saharan Africa,2006,20.9,,,,,,,,,
Egypt,EGY,North Africa,2007,82,,,,,,,,,
Sierra Leone,SLE,Sub-Saharan Africa,2008,22.3,,0.024658899,,,,,,,
Sierra Leone,SLE,Sub-Saharan Africa,2009,22.9,,0.028182099,,,,,,,
Sierra Leone,SLE,Sub-Saharan Africa,2010,23.6,,0.025885105,,,,,,,
Sierra Leone,SLE,Sub-Saharan Africa,2011,24.2,34,0.026782546,,0.659179306,31.33123,20.51483,1.10747229,0.391531982,
Sierra Leone,SLE,Sub-Saharan Africa,2012,24.9,,0.028815985,,0.618763847,32.99373,21.68596,1.136301607,0.431479492,
Sierra Leone,SLE,Sub-Saharan Africa,2013,25.5,,0.023798132,0.324261704,0.604438705,34.83163,20.66285,1.15526727,0.379642716,
Sierra Leone,SLE,Sub-Saharan Africa,2014,26.8,,0.026629076,,,,,,,
Sierra Leone,SLE,Sub-Saharan Africa,2015,28,,,,0.590543556,33.75042,20.54128,1.164020562,0.385105591,
Sierra Leone,SLE,Sub-Saharan Africa,2016,29.2,,0.0291134,,0.686721191,37.33182,22.04465,1.186400761,0.407056885,
Sierra Leone,SLE,Sub-Saharan Africa,2017,30.5,,0.046608601,0.448331795,0.690544815,39.43821,,1.223208013,0.400794487,
Sierra Leone,SLE,Sub-Saharan Africa,2018,30.9,35.7,0.069896278,,0.800164185,27.52246,,1.104816307,0.415716515,
Sierra Leone,SLE,Sub-Saharan Africa,2019,31.4,,0.074470119,0.435777817,0.816615906,,,1.403677028,0.58954731,
Sierra Leone,SLE,Sub-Saharan Africa,2020,31.8,,0.088095484,,0.852825928,,,1.375406129,0.602446899,
Sierra Leone,SLE,Sub-Saharan Africa,2021,32.3,,0.094422359,,0.954376373,,,1.517263166,0.707281265,
Sierra Leone,SLE,Sub-Saharan Africa,2022,32.7,,0.085391846,0.486399994,0.994386902,,,1.568019181,,
Sierra Leone,SLE,Sub-Saharan Africa,2023,,,0.067910972,,0.967547302,,,1.530924032,,
Somalia,SOM,Sub-Saharan Africa,2003,10.8,,,,,,,,,
Somalia,SOM,Sub-Saharan Africa,2004,13.8,,,,,,,,,
Somalia,SOM,Sub-Saharan Africa,2005,16.9,,,,,,,,,
Somalia,SOM,Sub-Saharan Africa,2006,20,,,,,,,,,
Syria,SYR,Middle East,2007,83.1,,,,,,,,,
Somalia,SOM,Sub-Saharan Africa,2008,26.2,,,,,,,,,
Somalia,SOM,Sub-Saharan Africa,2009,29.3,,,,,,,,,
Somalia,SOM,Sub-Saharan Africa,2010,32.4,,,,,,,,,
Somalia,SOM,Sub-Saharan Africa,2011,35.5,,,,,,,,,
Somalia,SOM,Sub-Saharan Africa,2012,38.6,,,,,,,,,
Somalia,SOM,Sub-Saharan Africa,2013,41.7,,,,,,,,,
Somalia,SOM,Sub-Saharan Africa,2014,44.8,,,,,,,,,
Somalia,SOM,Sub-Saharan Africa,2021,,,,,,,,0.084479787,0.054602245,
Somalia,SOM,Sub-Saharan Africa,2022,,,,0.54,,,,,,
Somalia,SOM,Sub-Saharan Africa,2023,,,,,,,,0.211983299,0.032938099,
South Africa,ZAF,Sub-Saharan Africa,1993,,59.3,,,,,,,,
South Africa,ZAF,Sub-Saharan Africa,1995,52,,,,,,,,,
South Africa,ZAF,Sub-Saharan Africa,1996,53.1,,,,,,,,,
South Africa,ZAF,Sub-Saharan Africa,1997,54.2,,,,,,,,,
South Africa,ZAF,Sub-Saharan Africa,1998,55.3,,,,,,,,,
South Africa,ZAF,Sub-Saharan Africa,1999,56.4,,0.052911701,,0.751583404,35.93639,29.24613,0.952652512,0.825389862,
South Africa,ZAF,Sub-Saharan Africa,2000,57.5,57.8,0.049088101,,0.731988602,34.90296,28.05968,0.898279724,0.781558533,
South Africa,ZAF,Sub-Saharan Africa,2001,58.6,,0.046361799,,,38.89617,27.42901,0.90868927,0.774757309,
South Africa,ZAF,Sub-Saharan Africa,2002,59.7,,0.045456901,,0.763339233,35.28227,29.68991,0.933286209,0.769122772,
South Africa,ZAF,Sub-Saharan Africa,2003,60.8,,0.043520999,,0.801458588,35.37191,29.83536,0.951319428,0.764124908,
South Africa,ZAF,Sub-Saharan Africa,2004,61.9,,0.045089798,,0.863521195,35.54274,30.75141,0.968669891,0.774297485,
South Africa,ZAF,Sub-Saharan Africa,2005,62.9,64.8,0.045244999,,,31.39262,32.90201,0.976283875,0.780467529,
South Africa,ZAF,Sub-Saharan Africa,2006,64,,0.045265198,,,33.04696,30.21484,0.997244721,0.807229996,
Albania,ALB,Europe,2007,83.6,,0.032759299,,1.083874664,,,1.034884415,0.862188568,0.302319298
South Africa,ZAF,Sub-Saharan Africa,2008,66.2,63,0.043742499,,,32.71282,27.71268,1.049981003,0.816763763,
South Africa,ZAF,Sub-Saharan Africa,2009,67.3,,0.047611899,0.93,,33.57812,25.0476,1.063328171,0.837058792,
South Africa,ZAF,Sub-Saharan Africa,2010,68.4,63.4,0.051349702,0.93,,29.51018,,1.076484833,0.851267929,0.16581562
South Africa,ZAF,Sub-Saharan Africa,2011,69.5,,0.0528898,0.93,,32.59666,,1.083919601,0.882877884,0.176131306
South Africa,ZAF,Sub-Saharan Africa,2012,69.9,,0.055232301,0.94,,32.93793,,1.09080719,0.925222702,0.172647495
South Africa,ZAF,Sub-Saharan Africa,2013,70.3,,0.053507199,,,32.02921,,1.088927383,,0.180946198
South Africa,ZAF,Sub-Saharan Africa,2014,70.7,63,0.054897799,0.94,,32.76808,,1.090287933,1.056735535,0.181388798
South Africa,ZAF,Sub-Saharan Africa,2015,71.1,,0.054828501,0.94,0.961466064,30.3322,27.78203,1.116782532,1.101689301,0.188556099
South Africa,ZAF,Sub-Saharan Africa,2016,71.5,,0.054442401,0.917372437,0.949845963,,26.84814,1.076190033,1.097740784,0.189649792
South Africa,ZAF,Sub-Saharan Africa,2017,71.9,,0.0559867,0.87,,,27.61705,1.048548813,1.116274033,0.214171295
South Africa,ZAF,Sub-Saharan Africa,2018,72.3,,0.056440101,,0.963931732,,,1.019501114,1.085205688,0.233899803
South Africa,ZAF,Sub-Saharan Africa,2019,72.7,,0.059115801,0.95,0.966361313,,,1.012564926,1.112068024,0.240192795
South Africa,ZAF,Sub-Saharan Africa,2020,,,0.0617067,,0.954806595,,,0.9973526,1.100174789,0.251296806
South Africa,ZAF,Sub-Saharan Africa,2021,,,0.065490298,0.9,0.970137482,,,0.981153107,1.118019638,0.253566093
South Africa,ZAF,Sub-Saharan Africa,2022,,,0.061672602,,0.915397797,,,0.961027222,1.083046188,0.271743202
South Africa,ZAF,Sub-Saharan Africa,2023,,,0.061483898,,,,,,,
South Sudan,SSD,Sub-Saharan Africa,2005,0.01,,,,,,,,,
South Sudan,SSD,Sub-Saharan Africa,2006,2.67,,,,,,,,,
Malaysia,MYS,South East Asia,2007,84.8,,0.0437254,,0.959062805,14.98441,14.97044,0.9777314,0.749140472,0.298576603
South Sudan,SSD,Sub-Saharan Africa,2008,7.99,,,0.27,,,,,,
South Sudan,SSD,Sub-Saharan Africa,2009,11.1,46.3,,,,,,,,
South Sudan,SSD,Sub-Saharan Africa,2010,14.2,,0.0104533,,,,,,,
South Sudan,SSD,Sub-Saharan Africa,2011,17.3,,0.0096289,,0.279012108,49.89984,,0.884510574,0.105483103,
South Sudan,SSD,Sub-Saharan Africa,2012,20.4,,0.015767493,,,,,,,
South Sudan,SSD,Sub-Saharan Africa,2013,23.5,,0.010245,,,,,0.712944923,,
South Sudan,SSD,Sub-Saharan Africa,2014,,,0.0123246,,,,,,,
South Sudan,SSD,Sub-Saharan Africa,2015,,,0.0146556,,0.205547867,46.75029,27.47489,0.716985321,0.112309504,
South Sudan,SSD,Sub-Saharan Africa,2016,,44,0.015653923,,,,,,,0.006578318
South Sudan,SSD,Sub-Saharan Africa,2018,,,,0.345227585,,,,,,0.010021733
South Sudan,SSD,Sub-Saharan Africa,2021,,,,,,,,0.818614357,,
Sudan,SDN,North Africa,1997,22.2,,,,,,,,,
Sudan,SDN,North Africa,1998,22.9,,,,,,,,,
Sudan,SDN,North Africa,1999,23.5,,,,,,,,,0.063692398
Sudan,SDN,North Africa,2000,24.2,,0.0101218,0.61,,,,,,0.064149599
Sudan,SDN,North Africa,2001,24.9,,,,,,,0.586979103,0.312628002,0.078340001
Sudan,SDN,North Africa,2002,25.6,,0.0116425,,,,,0.598686485,0.313254108,0.087730999
Sudan,SDN,North Africa,2003,26.2,,,,,,,0.621275597,0.328823891,0.081255102
Sudan,SDN,North Africa,2004,26.9,,0.013125499,,,,,0.641475906,0.363786316,0.098387098
Sudan,SDN,North Africa,2005,27.6,,0.0117843,,,,,0.659215622,0.36642849,0.110538301
Sudan,SDN,North Africa,2006,28.3,,0.0155354,,,,,0.708294067,0.354113388,0.124847202
Peru,PER,South America,1998,46.6,55.1,,,,,,,,
Sudan,SDN,North Africa,2008,29.6,,0.018515,0.54,,,,0.765467377,0.377534599,0.135937595
Sudan,SDN,North Africa,2009,30,35.4,0.0202213,,,,,0.762211227,0.422509117,0.1405902
Sudan,SDN,North Africa,2010,30.5,,,,0.640954666,,,0.756873398,0.429851608,0.145465803
Sudan,SDN,North Africa,2011,31.8,,,,,,,0.73594017,0.385298386,0.145883703
Sudan,SDN,North Africa,2012,33.2,,,,0.601842117,,,0.754114838,0.426758919,0.152577896
Sudan,SDN,North Africa,2013,34.5,,,,0.607246819,,,0.76531807,0.453667984,0.175413609
Sudan,SDN,North Africa,2014,35.9,34.2,,,0.614608383,,,0.763096008,0.46803421,0.170886402
Sudan,SDN,North Africa,2015,37.2,,,,0.630447693,,,0.761931534,0.476029701,0.172059803
Sudan,SDN,North Africa,2016,38.6,,,,0.641716232,,,0.776462784,0.461623802,
Sudan,SDN,North Africa,2017,39.9,,,,0.660720978,,,0.770529938,0.48979641,
Sudan,SDN,North Africa,2018,,,,0.606971817,0.665688934,,,0.777693176,0.483620415,
Peru,PER,South America,1999,47.3,54.8,0.0344134,,0.983533707,28.75555,21.62919,1.172428894,0.782726364,0.379385109
Peru,PER,South America,2000,47.9,49.1,0.0322803,,0.969767685,28.74385,20.35754,1.167751236,0.806369095,0.333326187
Peru,PER,South America,2001,48.5,51.3,0.030371201,,0.929100266,29.28379,20.31555,1.164778824,0.83643219,0.2983037
Peru,PER,South America,2002,49.1,53.6,0.0282057,,0.928180237,25.08563,18.91347,1.16151123,0.850296936,0.301571903
Peru,PER,South America,2003,49.7,53.1,0.029377999,,0.979151917,23.96144,16.18434,1.148204117,0.784008789,0.302261906
Peru,PER,South America,2004,50.3,49.9,0.0295787,0.88,0.986212921,23.30454,16.636,1.141271667,0.817232895,0.320726013
Peru,PER,South America,2005,52.4,50.4,0.0283903,0.88,0.990808029,23.02813,16.72571,1.137701874,0.827753372,0.323742104
Saudi Arabia,SAU,Middle East,2007,86.4,,,,0.896152268,11.22689,,0.924886169,0.921979904,0.292581196
Peru,PER,South America,2006,54.5,50.3,0.026528101,0.89,1.006225281,21.88156,16.21431,1.136033707,0.857075806,0.3382547
Peru,PER,South America,2008,56.3,47.5,0.028677499,,1.029485474,20.87707,16.23886,1.111978989,0.898375473,
Peru,PER,South America,2009,59.4,47,0.0313994,,1.009344482,20.15716,16.53146,1.106543274,0.934648819,
Peru,PER,South America,2010,61.1,45.5,0.028673,,1.034362564,19.68166,15.99044,1.108608322,0.957563324,
Peru,PER,South America,2011,63.3,44.7,0.026635001,,1.010776596,19.5637,16.69359,1.082989578,0.97112587,
Peru,PER,South America,2012,64.2,44.4,0.0292276,0.94,0.957032013,19.18832,16.75243,1.021224823,0.959883804,
Peru,PER,South America,2013,65.1,43.9,0.032972901,,0.986836929,18.08394,15.46321,1.031859818,1.01042099,
Peru,PER,South America,2014,66,43.1,0.036959901,0.94,0.993495483,17.66104,14.20135,1.004923096,0.99294899,
Peru,PER,South America,2015,66.9,43.4,0.039693301,0.94,1.01715332,17.9767,14.09055,0.996933212,0.995942688,
Peru,PER,South America,2016,,43.6,0.0381317,0.94,1.02232048,18.31765,14.33983,1.001174698,1.013446808,0.733301926
Peru,PER,South America,2017,,43.3,0.039313099,0.94,0.920803604,17.93677,14.57939,0.98021492,1.002095718,0.712465515
Peru,PER,South America,2018,,42.4,0.037139201,0.94,0.894575195,17.38724,14.20042,0.99032898,0.9860952,
Peru,PER,South America,2019,,41.5,0.038224299,,0.910660782,,,1.024861221,0.9770298,
Peru,PER,South America,2020,,43.7,0.042593799,0.94,,,,1.06543869,0.975327911,
Peru,PER,South America,2021,,40.1,0.039272101,,1.022532578,,,1.071192322,0.981648102,
Peru,PER,South America,2022,,40.3,0.038331599,,1.025783691,,,1.07663269,0.991219864,
Syria,SYR,Middle East,2002,83.1,,,,,,,,,
Syria,SYR,Middle East,2003,83.1,,,,,,,,,
Syria,SYR,Middle East,2004,83.1,,,,,,,,,
Syria,SYR,Middle East,2005,83.1,,,,,,,,,
Syria,SYR,Middle East,2006,83.1,,,,,,,,,
Peru,PER,South America,2023,,40.7,0.042351699,,1.041066437,,,1.074897537,1.059033966,
Syria,SYR,Middle East,2008,83.1,,,,,,,,,
Syria,SYR,Middle East,2009,83.1,,,,,,,,,
Syria,SYR,Middle East,2010,83.1,,,,,,,,,
Tajikistan,TJK,Central Asia,1997,50.4,,,,,,,,,
Tajikistan,TJK,Central Asia,1998,50.7,,,,,,,,,
Tajikistan,TJK,Central Asia,1999,50.9,29.5,0.0207652,,0.902898178,21.98287,16.47991,0.9322966,0.715144196,0.166886406
Tajikistan,TJK,Central Asia,2000,51.1,,0.023287101,0.99,0.925488663,21.84551,16.40669,0.966187897,0.718780975,0.173820896
Tajikistan,TJK,Central Asia,2001,51.3,,0.0237659,,0.949423294,21.7869,16.94009,0.957391129,0.737841568,0.168270893
Tajikistan,TJK,Central Asia,2002,51.6,,0.0277579,,0.963629913,21.78474,17.86431,0.966199875,0.757784195,0.169800606
Tajikistan,TJK,Central Asia,2003,51.8,32.7,0.0242079,,0.960150986,22.3594,17.33935,0.97869751,0.781185303,0.183003902
Tajikistan,TJK,Central Asia,2004,52,33.6,0.027720301,,0.927368698,21.51849,15.70491,0.974165115,0.794319,0.195356808
Tajikistan,TJK,Central Asia,2005,52.2,,0.0351213,,0.985595474,21.32679,16.42819,0.979262619,0.802264633,0.200739994
Tajikistan,TJK,Central Asia,2006,54.3,,0.034035001,,1.014449768,22.17816,16.45897,0.975692062,0.81201973,0.212028503
Brazil,BRA,South America,2007,81.7,54.9,0.049742599,0.9,,23.85828,18.55159,,,
Tajikistan,TJK,Central Asia,2008,58.4,,0.0345983,,0.963792725,22.67432,16.5503,0.982589417,0.830916901,0.226387196
Tajikistan,TJK,Central Asia,2009,60.5,30.8,0.0409831,,0.971003037,23.24594,17.21514,0.964184265,0.840942764,0.224301891
Tajikistan,TJK,Central Asia,2010,62.6,,0.040067501,0.99699997,1.011664963,25.18145,17.10019,0.954384537,0.850041199,0.227603607
Tajikistan,TJK,Central Asia,2011,64.7,,0.039351101,,0.968576126,23.27456,15.43893,0.929553528,0.862458496,0.222888794
Tajikistan,TJK,Central Asia,2012,66.7,,0.040180302,,0.903670425,23.00472,,0.919468613,0.866066208,0.227133293
Tajikistan,TJK,Central Asia,2013,67.7,,0.052939763,,,22.69386,,0.918926926,0.872052231,0.227680702
Tajikistan,TJK,Central Asia,2014,68.6,,0.055939889,,0.905764008,22.3589,,0.905261612,,0.244802208
Tajikistan,TJK,Central Asia,2015,69.6,34,0.049677401,,0.922054215,22.28986,,0.912661667,,0.264624405
Tajikistan,TJK,Central Asia,2016,70.6,,0.057309413,,0.896321411,22.19159,,0.930840302,,0.291225491
Tajikistan,TJK,Central Asia,2017,71.5,,0.055447178,,0.902511063,22.30051,,0.959131393,,0.311140709
Tajikistan,TJK,Central Asia,2018,72.5,,0.053850875,,,,,,,
Tajikistan,TJK,Central Asia,2019,73.4,,0.054842763,,,,,,,
Tajikistan,TJK,Central Asia,2020,74.4,,0.057372527,,,,,1.010944935,0.872655192,0.372250023
Tajikistan,TJK,Central Asia,2021,,32.4,0.057016335,,,,,1.011996971,0.882055644,0.395049553
Tajikistan,TJK,Central Asia,2022,,39.5,0.057150979,,,,,1.013452037,0.892615897,0.383422508
Tajikistan,TJK,Central Asia,2023,,38,0.058105459,,,,,1.006200784,0.874183887,0.346658745
Tanzania,TZA,Sub-Saharan Africa,1992,18.9,,,,,,,,,
Tanzania,TZA,Sub-Saharan Africa,1993,19.2,,,,,,,,,
Tanzania,TZA,Sub-Saharan Africa,1994,19.5,,,,,,,,,
Tanzania,TZA,Sub-Saharan Africa,1995,19.8,,,,,,,,,
Tanzania,TZA,Sub-Saharan Africa,1996,20.1,,,,,,,,,
Tanzania,TZA,Sub-Saharan Africa,1997,19.7,,,,,,,,,
Tanzania,TZA,Sub-Saharan Africa,1998,19.2,,,,,,,,,
Tanzania,TZA,Sub-Saharan Africa,1999,18.7,,,,0.578792801,40.28437,,0.675773468,,0.0060553
Tanzania,TZA,Sub-Saharan Africa,2000,19.2,37.3,,,0.50253109,,,0.689705276,,0.0064562
Tanzania,TZA,Sub-Saharan Africa,2001,19.7,,,,0.559868012,45.99111,,0.75081871,,0.0066433
Tanzania,TZA,Sub-Saharan Africa,2002,20.2,,,0.69,0.599320412,52.99786,,0.903044891,,0.0069641
Tanzania,TZA,Sub-Saharan Africa,2003,20.7,,,,,56.89936,,0.969844818,,0.0089393
Tanzania,TZA,Sub-Saharan Africa,2004,21.2,,0.035624499,,0.591304512,58.27379,,1.021175919,,0.0120786
Tanzania,TZA,Sub-Saharan Africa,2005,21.4,,0.035474701,,0.561810684,55.85542,,1.059950714,,0.0141761
Tanzania,TZA,Sub-Saharan Africa,2006,21.5,,0.030099199,,0.736560211,52.40834,,1.088507004,,
Bosnia and Herzegovina,BIH,Europe,2007,87.1,33.1,,,,,,1.101464386,0.810355301,0.313900509
Tanzania,TZA,Sub-Saharan Africa,2008,21.9,,0.041859102,,,52.3892,,1.110324936,,
Tanzania,TZA,Sub-Saharan Africa,2009,22.1,,0.039607601,,1.051477585,53.70457,,1.050764923,,
Tanzania,TZA,Sub-Saharan Africa,2010,22.3,,0.045416999,0.678006973,0.904671249,50.76274,,1.031897812,0.333581696,0.02144392
Tanzania,TZA,Sub-Saharan Africa,2011,23.9,37.8,0.04577899,,0.846483307,,,0.965907808,,
Tanzania,TZA,Sub-Saharan Africa,2012,25.4,,0.042296429,0.78,0.813818512,45.83178,,0.93088816,,0.040318193
Tanzania,TZA,Sub-Saharan Africa,2013,27,,0.046376944,,0.766206894,43.44315,,0.894502176,0.342120955,0.037579176
Tanzania,TZA,Sub-Saharan Africa,2014,28.6,,0.043460574,,,43.06031,23.51587,0.859815352,0.311841908,
Tanzania,TZA,Sub-Saharan Africa,2015,30.1,,0.041948657,0.78,0.646557388,,,0.834221878,0.272394905,0.041558919
Tanzania,TZA,Sub-Saharan Africa,2016,31.3,,0.041019673,,0.607533684,41.76673,15.93942,0.84008743,0.263856343,0.039458599
Tanzania,TZA,Sub-Saharan Africa,2017,32.5,,0.044003835,,0.666702805,47.15284,17.11346,0.876228279,0.268233018,
Tanzania,TZA,Sub-Saharan Africa,2018,33.8,40.5,0.039634359,,0.666259689,50.63304,20.86254,0.923521578,0.287732619,
Tanzania,TZA,Sub-Saharan Africa,2019,35,,0.035968363,,0.635915222,,,0.947817458,0.301566096,0.030242286
Tanzania,TZA,Sub-Saharan Africa,2020,36.2,,0.032309725,,0.671020279,,,0.958801506,0.307196796,0.075089798
Tanzania,TZA,Sub-Saharan Africa,2021,37.4,,0.031151533,,0.725664291,,,0.961041534,0.279080696,0.037078722
Tanzania,TZA,Sub-Saharan Africa,2022,38.6,,0.03238245,0.820199966,,,,0.882558785,,0.054323711
Tanzania,TZA,Sub-Saharan Africa,2023,39.8,,0.032601528,,0.862270889,,,0.930738199,,0.052187457
Thailand,THA,South East Asia,1992,,47.9,,,,,,,,
Thailand,THA,South East Asia,1994,,43.5,,,,,,,,
Thailand,THA,South East Asia,1996,,42.9,,,,,,,,
Thailand,THA,South East Asia,1998,,41.5,,,,,,,,
Thailand,THA,South East Asia,1999,,43.1,0.048326702,,0.87644661,20.56669,,0.970751419,,0.373846588
Thailand,THA,South East Asia,2000,,42.8,0.052534599,0.93,0.856936569,20.79357,,0.965518494,,0.353038712
Thailand,THA,South East Asia,2001,,,0.048178701,,0.86717392,19.08866,24.03813,0.955513763,0.643127289,0.390153999
Thailand,THA,South East Asia,2002,,41.9,0.038649199,,,18.56249,23.99672,0.967612534,0.657294769,0.402175598
Thailand,THA,South East Asia,2003,74.7,,0.0372561,,,,,,,0.412859306
Thailand,THA,South East Asia,2004,75.8,42.5,0.0403089,,,,,0.997841034,0.673930817,0.423131218
Thailand,THA,South East Asia,2005,76.8,,0.039385901,0.94,,,,1.006445236,0.716795731,0.445644684
Thailand,THA,South East Asia,2006,77.9,41.8,0.040503802,,,18.26577,21.69429,1.002278976,0.71677803,0.444201012
Serbia,SRB,Europe,2007,87.8,28.7,0.042098398,,1.026112213,17.04045,10.8129,1.021803894,0.904361572,0.484248886
Thailand,THA,South East Asia,2008,80,40.3,0.035085001,,,15.99218,21.22434,0.968983765,0.759510269,0.464467011
Thailand,THA,South East Asia,2009,81.1,39.6,0.038619399,,,,,0.931335526,0.777765884,0.462003403
Thailand,THA,South East Asia,2010,82.2,39.4,0.0350844,0.96,,16.2581,,0.975923615,0.854706268,0.512394104
Thailand,THA,South East Asia,2011,83.3,37.5,0.048055501,,,15.78457,,0.972464829,0.874437027,0.521359634
Thailand,THA,South East Asia,2012,84.3,39.3,0.035969183,,,16.28069,,0.981807175,0.862047501,0.502119026
Thailand,THA,South East Asia,2013,84.7,37.8,0.038243985,0.94,,,,0.989321289,0.846712265,0.493342018
Thailand,THA,South East Asia,2014,85,37,0.039191775,,,15.3927,29.53685,1.053930206,1.249643021,0.497557335
Thailand,THA,South East Asia,2015,85.4,36,0.038639762,0.93,,16.88246,28.15431,1.053058472,1.260359879,
Thailand,THA,South East Asia,2016,85.8,36.7,0.037676175,0.919813995,,16.65791,26.63435,1.070563889,1.244461212,0.495084724
Thailand,THA,South East Asia,2017,86.1,36.4,0.034653215,,0.983369598,16.88809,26.36914,1.032221608,1.095026392,0.477228775
Thailand,THA,South East Asia,2018,86.5,36.4,0.031976941,0.94,0.99131012,16.63844,25.94603,1.032130976,1.097327238,0.465399513
Thailand,THA,South East Asia,2019,87,34.9,0.030222142,0.912691498,1.010628128,,,1.040361983,1.093787432,0.454407387
Thailand,THA,South East Asia,2020,87.2,35,0.031531417,,1.027324371,,,1.046762114,1.087791831,0.431145401
Thailand,THA,South East Asia,2021,87.4,34.9,0.029821243,0.940999985,1.035150681,,,1.041897323,1.029410305,0.440830879
Thailand,THA,South East Asia,2022,87.6,34.3,0.026118703,0.910998688,1.024019089,,,1.051011071,1.018749338,0.439606094
Thailand,THA,South East Asia,2023,87.9,33.5,0.025212221,,1.030445099,,,1.034898957,1.0985493,0.461752091
Timor Leste,TLS,South East Asia,2006,27.1,,,,,,,,,
Montenegro,MNE,Europe,2007,88.7,31.4,,,,,,1.167955322,0.92522522,0.363274918
Timor Leste,TLS,South East Asia,2008,31.4,,,,,,,,,
Timor Leste,TLS,South East Asia,2009,33.6,,,,,,,,,
Timor Leste,TLS,South East Asia,2010,35.7,,,,,,,,,
Timor Leste,TLS,South East Asia,2011,37.9,,,,,,,,,
Timor Leste,TLS,South East Asia,2012,40.1,,,,,,,,,
Timor Leste,TLS,South East Asia,2013,42.2,,,,,,,,,
Timor Leste,TLS,South East Asia,2014,44.4,,,,,,,,,
Timor Leste,TLS,South East Asia,2015,46.6,,,,,,,,,
Timor Leste,TLS,South East Asia,2016,48.7,,,,,,,,,
Timor Leste,TLS,South East Asia,2017,50.9,,,,,,,,,
Timor Leste,TLS,South East Asia,2018,53.1,,,,,,,,,
Timor Leste,TLS,South East Asia,2019,55.2,,,,,,,,,
Togo,TGO,Sub-Saharan Africa,1995,22.9,,,,,,,,,
Togo,TGO,Sub-Saharan Africa,1996,23.5,,,,,,,,,
Togo,TGO,Sub-Saharan Africa,1997,24.1,,,,,,,,,
Togo,TGO,Sub-Saharan Africa,1998,24.7,,,,,,,,,
Togo,TGO,Sub-Saharan Africa,1999,25.3,,0.029639699,,0.574085197,41.28126,35.17028,1.209474564,0.298826199,
Togo,TGO,Sub-Saharan Africa,2000,25.9,,0.027764499,0.53,0.665675736,37.45983,31.53444,1.135043716,0.324820519,
Togo,TGO,Sub-Saharan Africa,2001,26.5,,0.026675,,0.73113472,34.33866,,1.147200775,0.353544083,
Togo,TGO,Sub-Saharan Africa,2002,27.1,,0.024695201,,,35.20108,,1.161971436,0.394723282,
Togo,TGO,Sub-Saharan Africa,2003,27.6,,0.023552499,,0.72183403,35.45168,33.76439,1.13571167,0.416094208,
Togo,TGO,Sub-Saharan Africa,2004,28.2,,0.022019801,,0.736162567,39.08429,34.03618,1.124291916,0.430118408,
Togo,TGO,Sub-Saharan Africa,2005,28.8,,0.022374899,,0.726430283,33.59536,30.50532,1.113017273,0.453081093,
Togo,TGO,Sub-Saharan Africa,2006,29.4,42.2,0.0243238,0.57,0.720906906,37.56283,38.86003,1.14655571,0.471379013,0.050845699
Jordan,JOR,Middle East,2007,89.1,,,0.92,0.968044663,,,0.938907776,0.877151718,0.387338409
Togo,TGO,Sub-Saharan Africa,2008,31.6,,0.023847201,,0.65182579,41.32555,,1.091167831,,
Togo,TGO,Sub-Saharan Africa,2009,32.7,,0.0276808,0.57,0.646693573,43.50925,,1.23092041,,
Togo,TGO,Sub-Saharan Africa,2010,33.8,,0.0295978,,0.68765152,40.57306,,1.256786728,,0.091245403
Togo,TGO,Sub-Saharan Africa,2011,34.8,46,0.030775001,0.6,0.702357407,40.94767,26.24584,1.237242126,0.536932907,0.099019299
Togo,TGO,Sub-Saharan Africa,2012,35.9,,0.033765199,,0.737997436,41.67781,,1.269628296,,0.109630604
Togo,TGO,Sub-Saharan Africa,2013,37,,0.031747501,,0.773193817,41.08672,,1.277229004,,0.110933199
Togo,TGO,Sub-Saharan Africa,2014,38.1,,0.0342377,,0.835751419,41.13664,,1.242927017,,0.107719402
Togo,TGO,Sub-Saharan Africa,2015,39,43,0.037109799,0.64,,44.20973,,1.282515869,,0.110391302
Togo,TGO,Sub-Saharan Africa,2016,39.8,,0.036624801,,0.938200226,41.39676,,1.246898575,,0.123244801
Togo,TGO,Sub-Saharan Africa,2017,40.7,,0.0376527,,0.925531998,40.12613,,1.231641617,0.612385216,0.125233002
Togo,TGO,Sub-Saharan Africa,2018,41.5,42.5,0.0409163,,0.901372223,40.14504,,1.219148712,,0.130981398
Togo,TGO,Sub-Saharan Africa,2019,42.4,,0.042016683,0.67,0.867020111,,,1.219710617,,0.133234196
Togo,TGO,Sub-Saharan Africa,2020,43.3,,0.040913367,,0.874940491,,,1.235351868,,0.150659399
Togo,TGO,Sub-Saharan Africa,2021,,37.9,0.042311816,,0.889121933,,,1.210750809,0.642909012,
Togo,TGO,Sub-Saharan Africa,2022,,,0.037981193,,0.891407929,,,1.224782562,,
Togo,TGO,Sub-Saharan Africa,2023,,,,,0.906991577,,,1.202493286,0.652577591,
Tonga,TON,South East Asia,1999,,,0.053805599,,1.012381287,20.90037,14.62227,1.088321075,1.008570404,0.034268501
Tonga,TON,South East Asia,2000,,37.7,0.048780799,,,22.14456,14.62638,1.111799164,1.001655197,0.0537393
Tonga,TON,South East Asia,2001,,,0.0447756,,1.016199112,20.69623,13.83643,1.132965317,0.975217514,0.046266999
Tonga,TON,South East Asia,2002,,,0.037950001,,,22.12807,14.39427,2.146711731,1.94460022,0.118086996
Tonga,TON,South East Asia,2003,,,0.041595101,,,21.71238,,1.179678192,1.095393829,0.068239899
Tonga,TON,South East Asia,2004,,,0.0391377,,,20.30012,,1.124745331,0.979341202,
Tonga,TON,South East Asia,2005,,,,,1.077968826,20.30036,,1.115828094,,
Tonga,TON,South East Asia,2006,,,,0.99,1.027666397,22.29079,,1.106314926,0.978654709,
North Macedonia,MKD,Europe,2007,89.2,,,,0.9487854,18.28429,13.7217,0.976788101,0.840014801,0.352432899
Tonga,TON,South East Asia,2008,,,,,,25.06316,14.82472,1.128130493,1.038467026,
Tonga,TON,South East Asia,2009,,37.5,,,,24.58676,14.96024,1.130655289,1.044406509,
Tonga,TON,South East Asia,2010,,,,,,24.88626,14.88117,1.139302063,1.056405487,
Tonga,TON,South East Asia,2011,,,,0.99,,24.12606,14.56807,1.152435684,1.070533981,
Tonga,TON,South East Asia,2012,,,,,1.059144287,21.10539,,1.174200586,0.945147705,
Tonga,TON,South East Asia,2013,,,,,1.181894379,25.74776,13.29749,1.178910681,0.95458641,
Tonga,TON,South East Asia,2014,,,,,,21.85806,13.40591,1.174615173,0.967714749,
Tonga,TON,South East Asia,2015,81.9,33.5,,,,21.63312,14.5488,1.173600553,1.032612248,
Tonga,TON,South East Asia,2016,81.9,,,,,,,,,
Tonga,TON,South East Asia,2017,81.9,,0.050592251,,,,,,,
Tonga,TON,South East Asia,2018,81.9,,0.049694552,,,,,1.16087776,,
Tonga,TON,South East Asia,2019,81.9,,0.052732296,0.910516205,,,,1.133120341,0.960933091,
Tonga,TON,South East Asia,2020,81.9,,0.048605165,,1.011472244,,,1.122548374,0.90463998,0.212782993
Tonga,TON,South East Asia,2021,81.9,27.1,0.049270391,0.994000015,0.990643692,,,1.070173155,1.002860519,
Tonga,TON,South East Asia,2022,81.9,,0.056461921,,1.014657364,,,1.065357373,0.969967181,
Tonga,TON,South East Asia,2023,81.9,,0.051456532,,0.949407959,,,1.026369427,0.985568918,0.512195091
Venezuela,VEN,South America,2007,81.8,,,,,,,,,
Trinidad & Tobago,TTO,South America,2007,85.7,,,,,,,,,
Chile,CHL,South America,2007,86.5,,,,,,,,,
Uruguay,URY,South America,2007,86.7,46.4,,0.98,0.999423828,15.50977,13.79812,1.111812592,0.92915062,0.503921318
Palestine,PSE,Middle East,2007,93.2,,,,,,,,,
Trinidad & Tobago,TTO,South America,2003,84.4,,,,,,,,,
Trinidad & Tobago,TTO,South America,2004,84.7,,,,,,,,,
Trinidad & Tobago,TTO,South America,2005,85,,,,,,,,,
Trinidad & Tobago,TTO,South America,2006,85.3,,,,,,,,,
Trinidad & Tobago,TTO,South America,2008,86,,,,,,,,,
Trinidad & Tobago,TTO,South America,2009,86.3,,,,,,,,,
Trinidad & Tobago,TTO,South America,2010,86.6,,,,,,,,,
Trinidad & Tobago,TTO,South America,2011,86.9,,,,,,,,,
Trinidad & Tobago,TTO,South America,2012,87.1,,,,,,,,,
Trinidad & Tobago,TTO,South America,2013,87.2,,,,,,,,,
Trinidad & Tobago,TTO,South America,2014,87.4,,,,,,,,,
Trinidad & Tobago,TTO,South America,2015,87.6,,,,,,,,,
Trinidad & Tobago,TTO,South America,2016,87.7,,,,,,,,,
Trinidad & Tobago,TTO,South America,2017,87.9,,,,,,,,,
Trinidad & Tobago,TTO,South America,2018,88,,,,,,,,,
Trinidad & Tobago,TTO,South America,2019,88.2,,,,,,,,,
Tunisia,TUN,North Africa,1995,,41.7,,,,,,,,
Tunisia,TUN,North Africa,1999,,,0.062709899,,0.846770782,23.86149,18.75247,1.125262604,0.688061371,0.154802303
Tunisia,TUN,North Africa,2000,,40.8,0.062019601,,0.857344818,23.21045,18.9929,1.123708496,0.708607178,0.1781674
Tunisia,TUN,North Africa,2001,,,0.062018499,,0.885659332,22.69378,18.82918,1.113587418,0.73016922,0.203472996
Tunisia,TUN,North Africa,2002,,,0.0579006,,0.911300278,21.89225,20.06534,1.096172791,0.748632202,0.220303803
Tunisia,TUN,North Africa,2003,,,0.0681675,,0.93246109,21.53775,,1.084669037,0.745205078,0.261172009
Tunisia,TUN,North Africa,2004,,,0.067207899,0.74,0.95141098,20.60639,17.5787,1.075909882,0.78506752,0.285109005
Tunisia,TUN,North Africa,2005,,37.7,0.0645157,,0.968245697,19.98753,17.24309,1.073274002,0.815059815,0.302890606
Tunisia,TUN,North Africa,2006,,,0.064387999,,,19.14138,16.87683,1.067881775,0.835737686,0.310529404
Afghanistan,AFG,South Asia,2007,,,0.041748953,,,42.7703,31.56236,1.010864563,0.290891705,
Tunisia,TUN,North Africa,2008,,,0.062715702,0.78,0.890962372,17.28071,15.17504,1.037083817,0.881069794,0.325300407
Tunisia,TUN,North Africa,2009,82.2,,0.065284801,,0.867006683,16.97824,13.85534,1.044725571,0.86046402,0.340606308
Tunisia,TUN,North Africa,2010,82.4,38.5,0.059630699,0.79,0.980381317,17.11543,13.28804,1.056680298,0.857978897,0.346434898
Tunisia,TUN,North Africa,2011,82.7,,,0.8,,17.35205,13.62495,1.049210205,0.877685089,0.344940605
Tunisia,TUN,North Africa,2012,83,,0.0595086,0.8,,17.14983,,1.054714279,,0.342753296
Tunisia,TUN,North Africa,2013,83.3,,,,0.959014511,17.43043,,1.054007263,0.875095062,0.330226402
Tunisia,TUN,North Africa,2014,83.6,,,0.79,0.97021637,16.5447,,1.059014816,0.858415222,0.330825691
Tunisia,TUN,North Africa,2015,83.9,32.8,0.062204499,,0.972605209,15.79669,,1.061118317,0.867649536,0.330580788
Tunisia,TUN,North Africa,2016,84.1,,,,0.911808472,16.18367,,1.061781616,0.91170433,0.311865597
Tunisia,TUN,North Africa,2017,84.4,,,,0.869319687,16.57185,,1.065720291,,0.310175304
Tunisia,TUN,North Africa,2018,84.7,,,0.794751129,,16.87168,,1.062006683,,0.311403503
Tunisia,TUN,North Africa,2019,85,,0.061737323,0.81,,,,,,0.318208294
Tunisia,TUN,North Africa,2020,85.3,,0.072650757,,0.97727562,,,1.052542877,,0.331319389
Tunisia,TUN,North Africa,2021,85.6,33.7,0.066798468,,0.971743622,,,1.050397034,,0.338982811
Tunisia,TUN,North Africa,2022,,,0.068049898,0.852149277,,,,1.039126434,,0.378049088
Tunisia,TUN,North Africa,2023,,,0.067339888,,,,,1.035299301,,0.384501686
Turkey,TUR,Middle East,1992,68,,,,,,,,,
Turkey,TUR,Middle East,1993,68.8,,,,,,,,,
Turkey,TUR,Middle East,1994,69.5,,,,,,,,,
Turkey,TUR,Middle East,1995,70.3,,,,,,,,,
Turkey,TUR,Middle East,1996,71.1,,,,,,,,,
Turkey,TUR,Middle East,1997,71.8,,,,,,,,,
Turkey,TUR,Middle East,1998,72.6,,,,,,,,,
Turkey,TUR,Middle East,1999,73.2,,,,,,,,,
Turkey,TUR,Middle East,2000,73.8,,,,,,,,,
Turkey,TUR,Middle East,2001,74.3,,,,,,,,,
Turkey,TUR,Middle East,2002,74.9,,,,,,,,,
Turkey,TUR,Middle East,2003,75.5,,,,,,,,,
Turkey,TUR,Middle East,2004,76.4,,,,,,,,,
Turkey,TUR,Middle East,2005,77.3,,,,,,,,,
Turkey,TUR,Middle East,2006,78.1,,,,,,,,,
Trinidad & Tobago,TTO,South America,2020,88.4,,,,,,,,,
Turkey,TUR,Middle East,2008,79.9,,,,,,,,,
Turkey,TUR,Middle East,2009,81.4,,,,,,,,,
Turkey,TUR,Middle East,2010,83,,,,,,,,,
Turkey,TUR,Middle East,2011,84.6,,,,,,,,,
Turkey,TUR,Middle East,2012,86.1,,,,,,,,,
Turkey,TUR,Middle East,2013,87.7,,,,,,,,,
Turkey,TUR,Middle East,2014,87.9,,,,,,,,,
Turkey,TUR,Middle East,2015,88.1,,,,,,,,,
Turkey,TUR,Middle East,2016,88.3,,,,,,,,,
Turkey,TUR,Middle East,2017,88.5,,,,,,,,,
Turkey,TUR,Middle East,2018,88.6,,,,,,,,,
Turkey,TUR,Middle East,2019,88.8,,,,,,,,,
Turkey,TUR,Middle East,2020,89,,,,,,,,,
Turkey,TUR,Middle East,2021,89.2,,,,,,,,,
Turkmenistan,TKM,Central Asia,1998,,40.8,,,,,,,,
Turkmenistan,TKM,Central Asia,2003,69.8,,,,,,,,,
Turkmenistan,TKM,Central Asia,2004,71,,,,,,,,,
Turkmenistan,TKM,Central Asia,2005,72.3,,,0.994000015,,,,,,
Turkmenistan,TKM,Central Asia,2006,73.5,,,,,,,,,
Trinidad & Tobago,TTO,South America,2021,88.5,,,,,,,,,
Turkmenistan,TKM,Central Asia,2008,75.9,,,,,,,,,
Turkmenistan,TKM,Central Asia,2009,77.1,,,,,,,,,
Turkmenistan,TKM,Central Asia,2010,78.4,,,,,,,,,
Turkmenistan,TKM,Central Asia,2011,79.6,,,,,,,,,
Turkmenistan,TKM,Central Asia,2012,80.8,,0.030492499,,,,,,,
Turkmenistan,TKM,Central Asia,2013,82,,,,,,,,,
Turkmenistan,TKM,Central Asia,2014,83.2,,,,,,,,,0.0781461
Turkmenistan,TKM,Central Asia,2015,84.5,,,,,,,,,
Turkmenistan,TKM,Central Asia,2016,84.2,,,,,,,,,
Turkmenistan,TKM,Central Asia,2017,83.9,,,,,,,,,
Turkmenistan,TKM,Central Asia,2018,83.7,,,,,,,,,
Turkmenistan,TKM,Central Asia,2019,83.4,,0.031205499,,,,,1.077023315,0.859027863,0.129755001
Turkmenistan,TKM,Central Asia,2020,83.2,,0.0376267,,,,,1.094349289,0.884751816,0.143487101
Turkmenistan,TKM,Central Asia,2021,82.9,,0.038489101,,1.101450577,,,1.098802719,0.919673386,0.164158402
Turkmenistan,TKM,Central Asia,2022,82.6,,0.0373386,,1.079612198,,,1.102847366,0.956963425,0.182516594
Turkmenistan,TKM,Central Asia,2023,,,0.0274651,,,,,,,
Turks & Caicos Islands,TCA,North America,2015,85.5,,,,,,,,,
Turks & Caicos Islands,TCA,North America,2016,85.5,,,,,,,,,
Turks & Caicos Islands,TCA,North America,2017,85.5,,,,,,,,,
Turks & Caicos Islands,TCA,North America,2018,85.5,,,,,,,,,
Turks & Caicos Islands,TCA,North America,2019,85.5,,,,,,,,,
Turks & Caicos Islands,TCA,North America,2020,85.5,,,,,,,,,
Turks & Caicos Islands,TCA,North America,2021,85.5,,,,,,,,,
Turks & Caicos Islands,TCA,North America,2022,85.5,,,,,,,,,
Turks & Caicos Islands,TCA,North America,2023,85.5,,,,,,,,,
Tuvalu,TUV,South East Asia,1999,,,,,,18.88889,,0.957746506,,
Tuvalu,TUV,South East Asia,2000,,,,,,19.7013,,1.072843018,,
Tuvalu,TUV,South East Asia,2001,,,,,1.105504608,18.29487,,1.010623169,0.702078476,
Tuvalu,TUV,South East Asia,2002,,,,,0.915929184,16.66234,,0.907997208,,
Tuvalu,TUV,South East Asia,2003,,,,,0.982222214,17.92,,0.953868027,,
Tuvalu,TUV,South East Asia,2004,,,,,1.012986984,19.23288,,0.994334335,,
Tuvalu,TUV,South East Asia,2005,,,,,1.119468994,,,1.029829483,,
Tuvalu,TUV,South East Asia,2006,,,,,1.017021332,,,1.039886017,,
Tuvalu,TUV,South East Asia,2010,,39.1,,,,,,,,
Tuvalu,TUV,South East Asia,2014,,,,,0.990430603,,,1.084732819,0.807666397,
Tuvalu,TUV,South East Asia,2015,69.2,,,,1.078048782,12.71795,6.16746,1.131558914,0.88835289,
Tuvalu,TUV,South East Asia,2016,69.2,,,,1.01477829,17.19481,8.3806,0.99474083,0.793079071,
Tuvalu,TUV,South East Asia,2017,69.2,,,,,,,,,
Tuvalu,TUV,South East Asia,2018,69.2,,,,0.942307663,15.57647,8.64286,0.960115967,0.8042836,
Tuvalu,TUV,South East Asia,2019,69.2,,,,0.897674408,,,0.942307663,0.811111069,
Tuvalu,TUV,South East Asia,2020,69.2,,,,1.013392868,,,0.946327667,0.773862,
Tuvalu,TUV,South East Asia,2021,69.2,,,,0.986956482,,,1.024011307,0.900071869,
Tuvalu,TUV,South East Asia,2022,69.2,,,,0.969827576,,,0.984408188,0.913165283,
Tuvalu,TUV,South East Asia,2023,69.2,,0.128456898,,0.921161804,,,1.019217072,0.851700668,
Uganda,UGA,Sub-Saharan Africa,1992,8.99,41.4,,,,,,,,
Uganda,UGA,Sub-Saharan Africa,1993,9.18,,,,,,,,,
Uganda,UGA,Sub-Saharan Africa,1994,9.38,,,,,,,,,
Uganda,UGA,Sub-Saharan Africa,1995,9.57,,,,,,,,,
Uganda,UGA,Sub-Saharan Africa,1996,9.77,39,,,,,,,,
Uganda,UGA,Sub-Saharan Africa,1997,9.96,,,,,,,,,
Uganda,UGA,Sub-Saharan Africa,1998,10.2,,,,,,,,,
Uganda,UGA,Sub-Saharan Africa,1999,10.4,43,,,,57.3049,,1.284454956,,0.0194971
Uganda,UGA,Sub-Saharan Africa,2000,10.5,,0.024616699,,,59.42965,,1.289611206,,0.026125801
Uganda,UGA,Sub-Saharan Africa,2001,10.7,,,,0.59170269,54.32167,,1.308521576,,0.028538499
Uganda,UGA,Sub-Saharan Africa,2002,12.5,45.2,,0.68,0.610600395,52.72399,,1.345601349,,0.035497301
Uganda,UGA,Sub-Saharan Africa,2003,14.2,,,,0.605946617,52.38955,,1.351735535,,0.037851501
Uganda,UGA,Sub-Saharan Africa,2004,16,,0.049523702,,0.572623215,50.08651,18.47639,1.265761719,0.1902211,0.0366169
Uganda,UGA,Sub-Saharan Africa,2005,17.7,42.9,,,0.55774559,51.73179,,1.202852173,,
Uganda,UGA,Sub-Saharan Africa,2006,19.5,,,0.71,,49.04733,,1.190356827,,0.035564101
Trinidad & Tobago,TTO,South America,2022,88.7,,,,,,,,,
Uganda,UGA,Sub-Saharan Africa,2008,22.4,,,,0.558990288,49.92589,,1.214582596,,0.037936499
Uganda,UGA,Sub-Saharan Africa,2009,23.8,44.2,,,0.729996872,49.28122,,1.22992981,,0.041758299
Uganda,UGA,Sub-Saharan Africa,2010,25.3,,0.017273999,0.73,0.555689201,48.576,,1.204984283,0.26333806,0.038996699
Uganda,UGA,Sub-Saharan Africa,2011,26.7,,0.022989099,,0.539674988,47.77601,,1.131242828,0.252763252,0.0435146
Uganda,UGA,Sub-Saharan Africa,2012,27.1,41,0.0179747,0.7,0.551258507,48.80484,,1.129776077,0.253786694,0.037202401
Uganda,UGA,Sub-Saharan Africa,2013,27.5,,0.0187114,,0.554407196,45.59109,,1.116231232,0.2699846,0.040247388
Uganda,UGA,Sub-Saharan Africa,2014,28,,0.019147201,,0.589814911,,,1.127442948,0.269398248,0.045740399
Uganda,UGA,Sub-Saharan Africa,2015,28.4,,0.023215201,,0.53320118,42.9168,,1.03624588,,0.049155941
Uganda,UGA,Sub-Saharan Africa,2016,28.8,42.8,0.021378901,0.691013184,0.547785606,42.72062,,1.059135895,0.263273289,0.047562027
Uganda,UGA,Sub-Saharan Africa,2017,29.2,,0.022536399,,0.529703217,42.65911,,1.055263214,0.240003347,
Uganda,UGA,Sub-Saharan Africa,2018,29.6,,0.021305201,,,,,,,
Uganda,UGA,Sub-Saharan Africa,2019,30.1,42.7,0.023082807,,,,,,,
Uganda,UGA,Sub-Saharan Africa,2020,,,0.025722218,,,,,,,
Uganda,UGA,Sub-Saharan Africa,2021,,,0.02635936,,,,,,,
Uganda,UGA,Sub-Saharan Africa,2022,,,0.025610502,0.805899963,,,,,,
Uganda,UGA,Sub-Saharan Africa,2023,,,0.025515938,,,,,,,
Ukraine,UKR,Europe,1992,,29.7,,,,,,,,
Ukraine,UKR,Europe,1993,,28.9,,,,,,,,
Ukraine,UKR,Europe,1995,,39.2,,,,,,,,
Ukraine,UKR,Europe,1996,,35.2,,,,,,,,
Ukraine,UKR,Europe,1999,,28.9,0.036180799,,0.985296097,20.48241,13.0239,1.127889786,0.968399277,0.490531883
Ukraine,UKR,Europe,2000,,,0.040229301,,0.953107224,19.88406,13.36584,1.12915329,0.978325806,0.505071182
Ukraine,UKR,Europe,2001,,,0.045256801,0.99,0.98349678,19.58976,,1.198777924,0.994165726,0.529101105
Ukraine,UKR,Europe,2002,75.7,29,0.052400699,,1.015683594,19.46268,,1.270551682,1.000385284,0.566456795
Ukraine,UKR,Europe,2003,76.5,28.7,0.054001899,,,19.11184,,0.992439194,1.012501221,0.602553215
Ukraine,UKR,Europe,2004,77.3,28.9,0.051237602,,,18.59754,,0.988630524,0.988390198,0.634407501
Ukraine,UKR,Europe,2005,78.1,29,0.058481998,,1.199717789,18.70376,,1.092240524,0.951181107,0.668898621
Ukraine,UKR,Europe,2006,78.9,29.8,0.059794598,,1.054004517,17.12453,,1.039840469,0.971627884,0.719398117
Eritrea,ERI,Sub-Saharan Africa,2007,,,,,0.711600418,47.866,43.21571,0.824255066,0.474679108,
Ukraine,UKR,Europe,2008,80,26.6,0.0615242,,1.012182465,15.81651,,1.01713829,0.977403488,0.797325211
Ukraine,UKR,Europe,2009,80.3,25.3,0.070507498,,1.001288376,15.58278,,1.006618195,0.973778763,0.824992523
Ukraine,UKR,Europe,2010,80.6,24.8,0.073970847,,1.000175934,15.65789,,1.00067627,0.981416779,0.819082489
Ukraine,UKR,Europe,2011,80.9,24.6,0.059377098,,1.013077393,15.83346,,0.989314575,0.961171799,0.84798111
Ukraine,UKR,Europe,2012,81.2,24.7,0.064426999,0.9997435,0.973090515,16.08657,,0.971419907,0.994775467,0.838798981
Ukraine,UKR,Europe,2013,81.5,24.6,0.064198999,,0.986247635,16.48785,,0.963140793,0.994303818,0.815320129
Ukraine,UKR,Europe,2014,81.8,24,0.058749399,,0.962149429,,,0.954720383,0.982963181,0.837842178
Ukraine,UKR,Europe,2015,82.1,25.5,0.057425685,,0.885759583,12.38447,6.97019,0.878509903,0.905028992,0.768646622
Ukraine,UKR,Europe,2016,,25,0.050097799,,0.861604538,12.75838,7.03673,0.874092026,0.885457535,0.770398407
Ukraine,UKR,Europe,2017,,26,0.054170799,,0.875341721,12.99453,7.20581,0.882140884,0.867886963,0.801990204
Ukraine,UKR,Europe,2018,,26.1,0.053199201,,0.839088593,12.98011,7.33711,0.885728836,0.858331909,0.814946671
Ukraine,UKR,Europe,2019,,26.6,0.054412999,,0.890533981,,,0.906809692,0.844568329,0.844813614
Ukraine,UKR,Europe,2020,,25.6,0.053823199,,0.897577972,,,0.911122131,0.844283295,0.821345978
Ukraine,UKR,Europe,2021,,,0.0514011,1,0.892898788,,,0.911486969,0.846516266,0.759079437
Ukraine,UKR,Europe,2022,,,0.059338999,,,,,0.927711635,,
Trinidad & Tobago,TTO,South America,2023,88.8,,,,,,,,,
Uruguay,URY,South America,1992,,41.5,,,,,,,,
Uruguay,URY,South America,1995,,40.9,,,,,,,,
Uruguay,URY,South America,1996,,40.8,,,,,,,,
Uruguay,URY,South America,1997,,41.5,,,,,,,,
Uruguay,URY,South America,1998,,42.5,,,,,,,,
Uruguay,URY,South America,1999,,,,,1.001344604,20.43957,14.94986,1.140887299,0.928853073,0.332931709
Uruguay,URY,South America,2000,,43.4,0.0242255,,0.971801529,20.75667,14.62523,1.102001877,0.968511276,0.338414497
Uruguay,URY,South America,2001,,45,0.028009601,,0.961854477,20.77524,14.07179,1.096922684,1.006732407,0.377791596
Uruguay,URY,South America,2002,,45.5,0.023222001,,0.968493805,21.1696,,1.110932465,1.059184189,0.395832291
Uruguay,URY,South America,2003,,45,0.020682099,,0.945473709,20.82538,14.81555,1.110559692,1.098031921,0.4176297
Uruguay,URY,South America,2004,84.4,45.9,0.024995401,,0.944630203,20.53409,,1.110883636,1.082588577,0.427656097
Uruguay,URY,South America,2005,85.1,44.7,0.027147501,,0.956003799,20.15194,14.60478,1.109837265,1.027509537,0.443836708
Uruguay,URY,South America,2006,85.9,45.9,0.028566401,0.98,0.971188965,19.64452,15.40865,1.116882172,1.023182831,0.453399811
Uruguay,URY,South America,2008,87.4,45.1,,0.98,1.01830719,15.00998,12.619,1.109172974,0.880473404,0.510627594
Uruguay,URY,South America,2009,88.2,45.5,,0.98,1.018556366,13.98624,12.42639,1.108200989,0.892928772,0.509438095
Uruguay,URY,South America,2010,88.9,44.5,,0.98,1.011690063,13.79403,12.65841,1.099764862,0.98664299,0.518884316
Uruguay,URY,South America,2011,89.7,42.2,0.041493702,0.98,1.007661514,,,1.107033768,1.015601807,0.525558205
Uruguay,URY,South America,2012,90.5,39.9,0.040935335,0.98,0.997867966,,,1.097822266,1.029772263,0.547069092
Uruguay,URY,South America,2013,89.8,40.5,0.042389202,0.98,1.005644836,11.9642,,1.097068329,1.046645203,0.599512596
Uruguay,URY,South America,2014,89.1,40.1,0.042673502,0.98,1.009976273,11.46753,,1.094598083,1.06469368,0.598266983
Uruguay,URY,South America,2015,88.4,40.1,0.042063699,0.99,1.007218628,11.76053,,1.092404709,1.080432968,0.577897186
Uruguay,URY,South America,2016,87.7,39.7,0.043642001,0.99,1.023928375,11.13129,,1.080822906,1.120325775,0.596462898
Uruguay,URY,South America,2017,,39.5,0.0441787,0.99,0.971667633,11.0193,,1.071465302,1.16472847,0.597518883
Uruguay,URY,South America,2018,,39.7,0.046036201,0.99,1.015738831,,,1.0527565,1.177690582,0.602781296
Uruguay,URY,South America,2019,,39.7,0.046283398,0.99,,,,1.043541489,1.198485336,0.619644318
Uruguay,URY,South America,2020,,40.2,0.045429201,,1.009275436,,,1.052366104,1.169918289,0.649332199
Uruguay,URY,South America,2021,,40.8,0.0446066,,1.0050354,,,1.079908066,1.202364883,0.751713867
Uruguay,URY,South America,2022,,40.6,0.045073299,0.99,1.002229538,,,1.088227615,1.211379318,0.763977432
Uruguay,URY,South America,2023,,40.9,,,,,,,,
Uzbekistan,UZB,Central Asia,1993,60.8,,,,,,,,,
Uzbekistan,UZB,Central Asia,1994,61,,,,,,,,,
Uzbekistan,UZB,Central Asia,1995,61.1,,,,,,,,,
Uzbekistan,UZB,Central Asia,1996,61.3,,,,,,,,,
Uzbekistan,UZB,Central Asia,1997,61.5,,,,,,,,,
Uzbekistan,UZB,Central Asia,1998,61.6,44.1,,,,,,,,
Uzbekistan,UZB,Central Asia,1999,61.8,,,,0.981113586,20.90977,11.09398,1.005855789,0.854006729,0.126068897
Uzbekistan,UZB,Central Asia,2000,61.9,35.9,,0.99,0.990455704,21.44349,11.50156,0.991522369,0.853468933,0.130081101
Uzbekistan,UZB,Central Asia,2001,62.1,,,,1.009485931,21.71928,,0.981144791,,0.132978697
Uzbekistan,UZB,Central Asia,2002,62.3,33,,,0.984095078,21.29445,,0.979825592,,0.137379999
Uzbekistan,UZB,Central Asia,2003,62.4,35.2,,,0.953456268,21.09375,12.91747,0.972714996,0.954466171,0.138350601
Uzbekistan,UZB,Central Asia,2004,62.6,,,,0.959746933,20.14552,12.97119,0.969909363,0.962950974,0.138527899
Uzbekistan,UZB,Central Asia,2005,62.7,,,,0.999555893,19.94866,13.30873,0.968598633,0.878653336,0.0984445
Uzbekistan,UZB,Central Asia,2006,62.9,,,,0.952745209,19.38332,13.03556,0.961964798,0.88727211,0.099605303
Kiribati,KIR,South East Asia,2007,,,,,1.168985291,24.6698,17.66462,1.019597702,0.82257721,
Uzbekistan,UZB,Central Asia,2008,63.2,,,,0.951567078,17.60546,12.57795,0.966052933,0.882303696,0.098993397
Uzbekistan,UZB,Central Asia,2009,63.4,,,,0.97706337,17.11574,12.27106,0.969954834,0.89043602,0.098161097
Uzbekistan,UZB,Central Asia,2010,,,,,0.995307541,17.76213,13.00627,0.958622447,0.899835587,0.085163412
Uzbekistan,UZB,Central Asia,2011,,,0.058187609,,0.97586647,15.6244,13.27681,0.947535839,0.897831726,0.085163412
Uzbekistan,UZB,Central Asia,2012,,,0.060269151,,0.95544754,14.97123,12.84043,0.951214838,0.920473723,0.078495402
Uzbekistan,UZB,Central Asia,2013,,,0.0574191,1,0.934407501,15.64401,11.68829,0.954464546,0.920626676,0.079767694
Uzbekistan,UZB,Central Asia,2014,,,0.057132301,1,0.96423584,18.12079,10.90033,0.967769518,0.917418372,0.079923186
Uzbekistan,UZB,Central Asia,2015,,,0.054945335,1,0.938038864,19.03192,10.69989,0.968469627,0.922428125,0.080532084
Uzbekistan,UZB,Central Asia,2016,,,0.054152374,1,0.974060822,20.42443,10.43487,0.976622985,0.928148658,0.083395834
Uzbekistan,UZB,Central Asia,2017,,,0.050333195,,0.98288002,21.15014,10.32977,0.980486527,0.938775737,0.086475029
Uzbekistan,UZB,Central Asia,2018,,,0.048358932,1,0.97092308,21.50664,,0.982866522,0.949465097,0.099585552
Uzbekistan,UZB,Central Asia,2019,,,0.062953467,1,0.966936569,,,0.982569298,0.962074738,0.124469442
Uzbekistan,UZB,Central Asia,2020,,,0.049480367,,0.987280121,,,0.986153105,0.90064297,0.159720955
Uzbekistan,UZB,Central Asia,2021,,32.9,0.05368289,1,0.984803543,,,0.979289256,0.860562395,0.21578289
Uzbekistan,UZB,Central Asia,2022,,31.2,0.052347717,1,0.982369461,,,0.93909978,0.869214393,0.312952404
Uzbekistan,UZB,Central Asia,2023,,34.5,0.054728761,,0.960921936,,,0.934888259,0.865340747,0.458428612
Vanuatu,VUT,South East Asia,1999,,,0.061626501,0.74,,24.16115,23.04872,1.067203369,0.304268398,0.0391119
Vanuatu,VUT,South East Asia,2000,,,0.070036302,,0.838665619,22.54994,24.69504,1.088684082,0.341127281,0.038880999
Vanuatu,VUT,South East Asia,2001,,,0.089511499,,0.964224167,23.73585,15.14404,1.097236023,0.345520592,0.038710799
Vanuatu,VUT,South East Asia,2002,,,0.081319799,,,23.21561,,1.111803513,0.376613388,0.049477601
Vanuatu,VUT,South East Asia,2003,,,0.084415102,,,21.71334,,1.157279282,0.379968491,0.048567901
Vanuatu,VUT,South East Asia,2004,38.1,,,0.784000015,0.830960465,20.01027,,1.136788025,0.399716911,0.048809199
Vanuatu,VUT,South East Asia,2005,38.7,,,,,,,1.118919678,,
Vanuatu,VUT,South East Asia,2006,39.3,,,,,,,1.072617264,,
Kuwait,KWT,Middle East,2007,,,,0.94,1.075458679,9.6101,9.47253,1.094864502,1.012951126,
Vanuatu,VUT,South East Asia,2008,40.4,,0.0595151,,0.783386536,,,1.102561188,,
Vanuatu,VUT,South East Asia,2009,41,,0.051605101,,0.839068298,,,1.093766785,,
Vanuatu,VUT,South East Asia,2010,41.6,37.4,,,0.839795532,21.66442,,1.167829825,0.53749403,
Vanuatu,VUT,South East Asia,2011,42.2,,,,,,,,,
Vanuatu,VUT,South East Asia,2012,42.8,,,,,,,,,
Vanuatu,VUT,South East Asia,2013,43.3,,,,0.877802124,22.82076,,1.155330666,,
Vanuatu,VUT,South East Asia,2014,43.9,,0.051819501,0.84699997,,,,,,
Vanuatu,VUT,South East Asia,2015,44.5,,0.056033802,,,26.56507,20.568,1.126809311,0.533900909,
Vanuatu,VUT,South East Asia,2016,45.1,,0.076774259,,,,,,,
Vanuatu,VUT,South East Asia,2017,45.7,,0.045334301,,,,,,,
Vanuatu,VUT,South East Asia,2018,46.3,,0.086063471,,,,,,,
Vanuatu,VUT,South East Asia,2019,46.8,32.3,0.0177407,,0.950884094,,,1.155992324,,
Vanuatu,VUT,South East Asia,2020,47.4,,0.021735899,,0.96652832,,,1.154373703,0.543274689,
Vanuatu,VUT,South East Asia,2021,48,,0.101102409,0.890999985,0.992462997,,,1.139707644,0.5786409,
Vanuatu,VUT,South East Asia,2022,48.6,,0.107033453,,1.060384369,,,1.105207455,0.75422961,
Vanuatu,VUT,South East Asia,2023,49.2,,0.106434002,,1.066016159,,,1.065286993,1.170839975,
Venezuela,VEN,South America,1998,69.7,,,,,,,,,
Venezuela,VEN,South America,1999,71,,,,,,,,,
Venezuela,VEN,South America,2000,72.4,,,,,,,,,
Venezuela,VEN,South America,2001,73.7,,,,,,,,,
Venezuela,VEN,South America,2002,75.1,,,,,,,,,
Venezuela,VEN,South America,2003,76.4,,,,,,,,,
Venezuela,VEN,South America,2004,77.8,,,,,,,,,
Venezuela,VEN,South America,2005,79.1,,,,,,,,,
Venezuela,VEN,South America,2006,80.5,,,,,,,,,
Lebanon,LBN,Middle East,2007,,,0.0258357,0.9,,14.25017,9.20215,,,0.406457481
Venezuela,VEN,South America,2008,83.2,,,,,,,,,
Venezuela,VEN,South America,2009,84.6,,,,,,,,,
Venezuela,VEN,South America,2010,85.9,,,,,,,,,
Venezuela,VEN,South America,2011,87.3,,,,,,,,,
Venezuela,VEN,South America,2012,88.6,,,,,,,,,
Venezuela,VEN,South America,2013,90,,,,,,,,,
Venezuela,VEN,South America,2014,91.3,,,,,,,,,
Venezuela,VEN,South America,2015,92.7,,,,,,,,,
Venezuela,VEN,South America,2016,94,,,,,,,,,
Vietnam,VNM,South East Asia,1994,30.7,,,,,,,,,
Vietnam,VNM,South East Asia,1995,32.8,,,,,,,,,
Vietnam,VNM,South East Asia,1996,34.9,,,,,,,,,
Vietnam,VNM,South East Asia,1997,37,,,,,,,,,
Vietnam,VNM,South East Asia,1998,39.1,,,,,,,,,
Vietnam,VNM,South East Asia,1999,41.1,,,,,,,,,
Vietnam,VNM,South East Asia,2000,43.2,,,,,,,,,
Vietnam,VNM,South East Asia,2001,45.3,,,,,,,,,
Vietnam,VNM,South East Asia,2002,47.4,,,,,,,,,
Vietnam,VNM,South East Asia,2003,50.4,,,,,,,,,
Vietnam,VNM,South East Asia,2004,53.3,,,,,,,,,
Vietnam,VNM,South East Asia,2005,56.3,,,,,,,,,
Vietnam,VNM,South East Asia,2006,59.3,,,,,,,,,
Mauritius,MUS,Sub-Saharan Africa,2007,,,0.031854,,0.974358978,21.50505,16.05896,1.008375702,0.867215271,0.245238495
Vietnam,VNM,South East Asia,2008,64.4,,,,,,,,,
Vietnam,VNM,South East Asia,2009,66.9,,,,,,,,,
Vietnam,VNM,South East Asia,2010,69.5,,,,,,,,,
Vietnam,VNM,South East Asia,2011,70.6,,,,,,,,,
Vietnam,VNM,South East Asia,2012,71.7,,,,,,,,,
Vietnam,VNM,South East Asia,2013,72.8,,,,,,,,,
Vietnam,VNM,South East Asia,2014,73.9,,,,,,,,,
Vietnam,VNM,South East Asia,2015,74.8,,,,,,,,,
Vietnam,VNM,South East Asia,2016,75.8,,,,,,,,,
Vietnam,VNM,South East Asia,2017,76.7,,,,,,,,,
Vietnam,VNM,South East Asia,2018,77.7,,,,,,,,,
Vietnam,VNM,South East Asia,2019,78.7,,,,,,,,,
Vietnam,VNM,South East Asia,2020,79.6,,,,,,,,,
Vietnam,VNM,South East Asia,2021,80.6,,,,,,,,,
Vietnam,VNM,South East Asia,2022,81.5,,,,,,,,,
Vietnam,VNM,South East Asia,2023,82.5,,,,,,,,,
Yemen,YEM,Middle East,1992,32.5,,,,,,,,,
Yemen,YEM,Middle East,1993,32.9,,,,,,,,,
Yemen,YEM,Middle East,1994,33.3,,,,,,,,,
Yemen,YEM,Middle East,1995,33.7,,,,,,,,,
Yemen,YEM,Middle East,1996,34.1,,,,,,,,,
Yemen,YEM,Middle East,1997,34.6,,,,,,,,,
Yemen,YEM,Middle East,1998,36.4,,,,,,,,,
Yemen,YEM,Middle East,1999,38.2,,,,,,,,,
Yemen,YEM,Middle East,2000,40,,,,,,,,,
Yemen,YEM,Middle East,2001,41.7,,,,,,,,,
Yemen,YEM,Middle East,2002,43.5,,,,,,,,,
Yemen,YEM,Middle East,2003,45.3,,,,,,,,,
Yemen,YEM,Middle East,2004,47.1,,,,,,,,,
Yemen,YEM,Middle East,2005,48.9,,,,,,,,,
Yemen,YEM,Middle East,2006,50.7,,,,,,,,,
Samoa,WSM,South East Asia,2007,,,,,1.00560791,32.81848,21.05489,1.000198822,0.781225128,
Yemen,YEM,Middle East,2008,52.4,,,,,,,,,
Yemen,YEM,Middle East,2009,53.2,,,,,,,,,
Yemen,YEM,Middle East,2010,54,,,,,,,,,
Yemen,YEM,Middle East,2011,54.8,,,,,,,,,
Yemen,YEM,Middle East,2012,55.6,,,,,,,,,
Yemen,YEM,Middle East,2013,56.4,,,,,,,,,
Yemen,YEM,Middle East,2014,56.7,,,,,,,,,
Yemen,YEM,Middle East,2015,57.1,,,,,,,,,
Yemen,YEM,Middle East,2016,57.4,,,,,,,,,
Yemen,YEM,Middle East,2017,57.8,,,,,,,,,
Yemen,YEM,Middle East,2018,58.1,,,,,,,,,
Yemen,YEM,Middle East,2019,58.5,,,,,,,,,
Yemen,YEM,Middle East,2020,58.8,,,,,,,,,
Yemen,YEM,Middle East,2021,59.2,,,,,,,,,
Yemen,YEM,Middle East,2022,59.5,,,,,,,,,
Yemen,YEM,Middle East,2023,59.9,,,,,,,,,
Zambia,ZMB,Sub-Saharan Africa,1993,23.5,52.6,,,,,,,,
Zambia,ZMB,Sub-Saharan Africa,1994,22.9,,,,,,,,,
Zambia,ZMB,Sub-Saharan Africa,1995,22.3,,,,,,,,,
Zambia,ZMB,Sub-Saharan Africa,1996,21.7,48.3,,,,,,,,
Zambia,ZMB,Sub-Saharan Africa,1997,21,,,,,,,,,
Zambia,ZMB,Sub-Saharan Africa,1998,20.4,49.1,,,,,,,,
Zambia,ZMB,Sub-Saharan Africa,1999,19.8,,0.0177495,0.68,0.630922089,51.22681,,0.8088974,,0.024200101
Zambia,ZMB,Sub-Saharan Africa,2000,19.2,,0.0178819,,0.605450211,49.87587,,0.806693268,,
Zambia,ZMB,Sub-Saharan Africa,2001,18.6,,,,,48.02502,,0.804413376,,
Zambia,ZMB,Sub-Saharan Africa,2002,18,42.1,,0.69,0.599956513,48.08873,,0.833985138,,
Zambia,ZMB,Sub-Saharan Africa,2003,19.2,,,,,,,,,
Zambia,ZMB,Sub-Saharan Africa,2004,20.4,54.3,0.024634299,,0.709879913,53.54891,,1.025718613,,
Zambia,ZMB,Sub-Saharan Africa,2005,21.7,,0.0173553,,0.821850281,56.47904,,1.139385834,,
Zambia,ZMB,Sub-Saharan Africa,2006,22.9,54.6,,,0.834297104,57.00626,,1.152225113,,
Tonga,TON,South East Asia,2007,,,,,,25.4015,14.84725,1.102251205,1.022440414,
Zambia,ZMB,Sub-Saharan Africa,2008,25.7,,0.0109972,,0.911505508,54.17641,,1.178535767,,
Zambia,ZMB,Sub-Saharan Africa,2009,27.4,,,,0.856811523,,,1.117252579,,
Zambia,ZMB,Sub-Saharan Africa,2010,29,52,0.034160044,0.83,0.992741394,52.98507,,1.106547394,,
Zambia,ZMB,Sub-Saharan Africa,2011,30.6,,0.033577228,,,55.86195,,1.121283264,,0.0401371
Zambia,ZMB,Sub-Saharan Africa,2012,32.3,,0.036950023,,0.903584137,49.22433,,1.122402725,,0.0397995
Zambia,ZMB,Sub-Saharan Africa,2013,33.9,,0.037182071,,0.826073914,,,1.063772888,,
Zambia,ZMB,Sub-Saharan Africa,2014,35.5,,,,,41.0469,,1.075073013,,
Zambia,ZMB,Sub-Saharan Africa,2015,35.7,55.8,0.0462433,,,42.74181,,1.038521576,,
Zambia,ZMB,Sub-Saharan Africa,2016,35.9,,0.0374792,,,43.31661,,0.999986267,,
Zambia,ZMB,Sub-Saharan Africa,2017,36,,0.0372964,,,42.05996,,0.992391281,,
Zambia,ZMB,Sub-Saharan Africa,2018,36.2,,0.047397499,0.711323013,,,,0.977707332,,
Zambia,ZMB,Sub-Saharan Africa,2019,36.4,,0.044182401,,,,,0.962491679,,
Zambia,ZMB,Sub-Saharan Africa,2020,36.6,,0.039496481,0.875,,,,0.947777969,,
Zambia,ZMB,Sub-Saharan Africa,2021,36.7,,0.031064322,,,,,,,
Zambia,ZMB,Sub-Saharan Africa,2022,,51.5,0.035825951,,,,,,,
Zimbabwe,ZWE,Sub-Saharan Africa,1992,31.3,,,,,,,,,
Zimbabwe,ZWE,Sub-Saharan Africa,1993,31.4,,,,,,,,,
Zimbabwe,ZWE,Sub-Saharan Africa,1994,31.6,,,,,,,,,
Zimbabwe,ZWE,Sub-Saharan Africa,1995,31.7,,,,,,,,,
Zimbabwe,ZWE,Sub-Saharan Africa,1996,31.9,,,,,,,,,
Zimbabwe,ZWE,Sub-Saharan Africa,1997,32,,,,,,,,,
Zimbabwe,ZWE,Sub-Saharan Africa,1998,32.1,,,,,,,,,
Zimbabwe,ZWE,Sub-Saharan Africa,1999,32.3,,,,0.92517868,41.02384,27.30865,1.097703781,0.413983002,
Zimbabwe,ZWE,Sub-Saharan Africa,2000,32.7,,,,,37.03596,24.71045,1.113614426,0.416025581,
Zimbabwe,ZWE,Sub-Saharan Africa,2001,33.1,,,,0.98177948,38.10062,24.45705,1.163595428,0.43313549,
Zimbabwe,ZWE,Sub-Saharan Africa,2002,33.5,,,,0.949628677,39.41662,25.92409,1.111781006,0.423983192,
Zimbabwe,ZWE,Sub-Saharan Africa,2003,33.9,,,,0.948507919,38.55591,22.32449,1.09501442,0.400485382,
Zimbabwe,ZWE,Sub-Saharan Africa,2004,34.4,,,,,,,,,
Zimbabwe,ZWE,Sub-Saharan Africa,2005,34.8,,,,,,,,,
Zimbabwe,ZWE,Sub-Saharan Africa,2006,35.2,,,,,,,,,
Tunisia,TUN,North Africa,2007,,,0.0646452,0.77,0.977389526,18.15286,16.16369,1.040762024,0.867598496,0.313418903
Zimbabwe,ZWE,Sub-Saharan Africa,2008,37,,,,,,,,,
Zimbabwe,ZWE,Sub-Saharan Africa,2009,37.9,,,,,,,,,
Zimbabwe,ZWE,Sub-Saharan Africa,2010,38.7,,0.0154406,,,,,,,0.0736588
Zimbabwe,ZWE,Sub-Saharan Africa,2011,39.6,43.2,,0.835827103,,,,,,0.056052995
Zimbabwe,ZWE,Sub-Saharan Africa,2012,40.9,,0.0607021,,0.884343796,35.86109,22.43191,1.03768785,0.525131912,0.064175844
Zimbabwe,ZWE,Sub-Saharan Africa,2013,42.2,,0.059959798,,0.881701508,36.4082,22.48353,1.031314453,0.518495789,0.076305499
Zimbabwe,ZWE,Sub-Saharan Africa,2014,43.5,,0.0613835,0.886934204,0.872493515,,,1.024222074,,
Zimbabwe,ZWE,Sub-Saharan Africa,2015,44.8,,,,0.909795456,,,1.015210505,,0.106008701
Zimbabwe,ZWE,Sub-Saharan Africa,2016,44.6,,,,0.914051666,,,1.000310764,,0.07926106
Zimbabwe,ZWE,Sub-Saharan Africa,2017,44.5,44.3,0.058187799,,0.907393112,,,0.985451031,,0.085420761
Zimbabwe,ZWE,Sub-Saharan Africa,2018,44.3,,0.020504899,,0.907262497,,,0.978792711,,0.084251194
Zimbabwe,ZWE,Sub-Saharan Africa,2019,44.1,50.3,,0.932275467,0.902321549,,,0.974766144,,0.099956436
Zimbabwe,ZWE,Sub-Saharan Africa,2020,44,,,,0.918669052,,,0.973841624,,0.097236052
Zimbabwe,ZWE,Sub-Saharan Africa,2021,43.8,,,,0.860996246,,,0.960151478,,
Zimbabwe,ZWE,Sub-Saharan Africa,2022,43.7,,,0.898499985,0.861169357,,,0.95789907,,
